{"stats":{"minecraft:used":{"creategearaddon:oak_cogwheel":22,"exnihilosequentia:hammer_stone":563,"create:piston_extension_pole":3,"botanypots:botany_pot":5,"excompressum:oak_heavy_sieve":4,"exnihilosequentia:hammer_iron":2,"minecraft:torch":1,"minecraft:dirt":2,"decorative_blocks:oak_palisade":12,"minecraft:beehive":1,"minecraft:lava_bucket":1,"pamhc2foodextended:poutineitem":1,"create:millstone":9,"pamhc2foodextended:steakandchipsitem":6,"exnihilosequentia:barrel_stone":2,"create:shaft":3,"create:mechanical_piston":2,"minecraft:oak_sapling":12,"eidolon:wooden_altar":2,"minecraft:water_bucket":8,"mob_grinding_utils:solid_xp_baby":15,"endergetic:poise_beehive":1,"minecraft:oak_planks":2,"neapolitan:chocolate_cake":1,"minecraft:composter":2,"minecraft:sugar_cane":2,"minecraft:clay":3,"rats:block_of_cheese":2,"minecraft:white_wool":25,"minecraft:sand":29,"minecraft:oak_slab":8,"exnihilosequentia:barrel_wood":2,"rats:cauldron_milk":1,"creategearaddon:large_oak_cogwheel":10,"minecraft:apple":2,"create:windmill_bearing":3,"mekanismtools:iron_paxel":3,"create:water_wheel":8,"cyclic:apple_diamond":1,"minecraft:spruce_sapling":6,"minecraft:gravel":61,"exnihilosequentia:sieve":9,"minecraft:cobblestone":288,"excompressum:auto_hammer":1,"tconstruct:crafting_station":2,"minecraft:bucket":9,"minecraft:andesite":1,"create:hand_crank":12,"minecraft:kelp":9,"rats:trash_can":1,"create:large_cogwheel":11},"minecraft:broken":{"exnihilosequentia:hammer_stone":2},"minecraft:killed_by":{"minecraft:phantom":1},"minecraft:dropped":{"minecraft:iron_ingot":4,"minecraft:clay":1,"minecraft:oak_log":64,"create:granite_cobblestone":9,"pamhc2foodextended:poutineitem":1,"create:andesite_cobblestone":120,"creategearaddon:large_oak_cogwheel":1,"rats:block_of_cheese":2,"creategearaddon:oak_cogwheel":4,"minecraft:bone_meal":3,"minecraft:sand":1,"create:large_cogwheel":2,"minecraft:bucket":1,"create:diorite_cobblestone":32,"quark:oak_chest":2,"minecraft:cauldron":1,"rats:rat_flute":1,"minecraft:gravel":36,"exnihilosequentia:hammer_stone":1,"minecraft:sugar_cane":1,"minecraft:glowstone_dust":3,"compressium:clay_1":1,"supplementaries:flax_seeds":4,"rats:chef_toque":1,"minecraft:gunpowder":4,"thermal:cinnabar":1,"exnihilosequentia:crucible_wood":1,"minecraft:andesite":8,"neapolitan:banana_bread":8,"minecraft:oak_sapling":5,"cyclic:shears_flint":1,"minecraft:oak_leaves":8},"minecraft:crafted":{"minecraft:brick":12,"minecraft:oak_planks":4,"immersiveengineering:hammer":1,"create:radial_chassis":3,"minecraft:terracotta":15,"immersiveengineering:wirecutter":1,"create:millstone":1,"create:andesite_cobblestone":6,"minecraft:flower_pot":1,"create:hand_crank":1,"minecraft:crafting_table":1,"minecraft:air":295,"minecraft:white_wool":8,"create:secondary_linear_chassis":1,"minecraft:iron_ingot":32,"create:linear_chassis":3,"minecraft:andesite":4},"minecraft:custom":{"minecraft:interact_with_crafting_table":8,"minecraft:open_barrel":1,"minecraft:bell_ring":8,"minecraft:eat_cake_slice":2,"minecraft:leave_game":2,"minecraft:time_since_death":141671,"minecraft:sprint_one_cm":82893,"minecraft:walk_one_cm":480853,"minecraft:drop":62,"minecraft:deaths":1,"minecraft:sneak_time":8736,"minecraft:walk_under_water_one_cm":7800,"minecraft:jump":688,"minecraft:walk_on_water_one_cm":10350,"minecraft:interact_with_furnace":42,"minecraft:play_one_minute":509653,"minecraft:sleep_in_bed":4,"minecraft:time_since_rest":32905,"minecraft:damage_taken":570,"minecraft:damage_dealt":10,"minecraft:fly_one_cm":32367,"minecraft:open_chest":705,"minecraft:crouch_one_cm":22877,"minecraft:fall_one_cm":2067},"minecraft:mined":{"create:millstone":10,"create:large_cogwheel":11,"botanypots:botany_pot":2,"minecraft:composter":2,"minecraft:kelp":9,"rats:block_of_cheese":1,"excompressum:auto_hammer":1,"create:shaft":3,"minecraft:spruce_sapling":1,"minecraft:andesite":1,"exnihilosequentia:sieve":5,"create:windmill_bearing":3,"creategearaddon:oak_cogwheel":17,"minecraft:white_wool":25,"cyclic:hopper":1,"minecraft:oak_slab":1,"create:piston_extension_pole":3,"quark:oak_chest":1,"eidolon:wooden_altar":2,"minecraft:clay":3,"create:mechanical_piston":2,"create:water_wheel":7,"minecraft:cobblestone":286,"excompressum:oak_heavy_sieve":2,"minecraft:sugar_cane":10,"minecraft:spruce_log":118,"decorative_blocks:oak_palisade":6,"minecraft:oak_log":393,"exnihilosequentia:barrel_wood":1,"create:hand_crank":7,"minecraft:dirt":1,"minecraft:gravel":61,"minecraft:sand":29,"creategearaddon:large_oak_cogwheel":8,"minecraft:oak_leaves":129},"minecraft:picked_up":{"exnihilosequentia:seed_pink_coral":2,"minecraft:seagrass":6,"tconstruct:crafting_station":2,"minecraft:wheat":4,"minecraft:clay_ball":12,"exnihilosequentia:mesh_flint":1,"create:mechanical_piston":2,"thermal:cinnabar":9,"ragnamod_6_sky:blackstone_pebble":57,"exnihilosequentia:seed_carrot":2,"ragnamod_6_sky:deepslate_pebble":47,"exnihilosequentia:seed_birch":3,"exnihilosequentia:dust":29,"ragnamod_6_sky:basalt_pebble":73,"create:piston_extension_pole":3,"iceandfire:amythest_gem":62,"create:water_wheel":7,"exnihilosequentia:seed_fern":3,"minecraft:bucket":1,"exnihilosequentia:seed_yellow_coral":4,"ragnamod_6_sky:cobble_pebble":69,"minecraft:sugar_cane":18,"creategearaddon:oak_cogwheel":20,"ragnamod_6_sky:granite_pebble":49,"exnihilosequentia:sieve":5,"ragnamod_6_sky:piece_tin":12,"minecraft:stick":47,"ragnamod_6_sky:diorite_pebble":62,"exnihilosequentia:seed_bamboo":1,"minecraft:composter":2,"ragnamod_6_sky:piece_zinc":175,"exnihilosequentia:seed_potato":4,"exnihilosequentia:seed_kelp":1,"create:windmill_bearing":3,"eidolon:wooden_altar":2,"create:hand_crank":12,"minecraft:redstone":11,"exnihilosequentia:barrel_wood":1,"ragnamod_6_sky:gabbro_pebble":56,"minecraft:cauldron":1,"thermal:apatite":11,"rats:block_of_cheese":3,"ragnamod_6_sky:andesite_pebble":52,"create:large_cogwheel":12,"minecraft:beetroot_seeds":18,"ragnamod_6_sky:piece_iron":183,"excompressum:oak_heavy_sieve":2,"ragnamod_6_sky:piece_osmium":100,"ragnamod_6_sky:piece_copper":147,"cyclic:hopper":1,"create:andesite_cobblestone":58,"minecraft:white_wool":25,"minecraft:cobblestone":5,"exnihilosequentia:ancient_spores":1,"exnihilosequentia:seed_acacia":1,"ragnamod_6_sky:piece_aluminum":198,"exnihilosequentia:seed_sugarcane":3,"minecraft:water_bucket":1,"creategearaddon:large_oak_cogwheel":9,"minecraft:andesite":42,"minecraft:oak_log":259,"supplementaries:flax_seeds":1,"astralsorcery:aquamarine":9,"minecraft:gunpowder":19,"exnihilosequentia:seed_pickle":3,"minecraft:lapis_lazuli":194,"minecraft:dirt":3,"exnihilosequentia:seed_spruce":3,"exnihilosequentia:seed_oak":1,"thermal:sapphire":2,"minecraft:apple":6,"minecraft:kelp":9,"minecraft:wheat_seeds":36,"minecraft:iron_ingot":5,"exnihilosequentia:grass_seeds":2,"forbidden_arcanus:rune":74,"create:shaft":3,"minecraft:glowstone_dust":14,"exnihilosequentia:seed_berry":3,"exnihilosequentia:seed_blue_coral":2,"exnihilosequentia:mesh_string":2,"powah:uraninite":6,"minecraft:oak_slab":1,"exnihilosequentia:seed_darkoak":3,"exnihilosequentia:seed_jungle":5,"create:diorite_cobblestone":35,"create:granite_cobblestone":9,"minecraft:gravel":288,"exnihilosequentia:mesh_iron":10,"minecraft:sand":62,"minecraft:spruce_sapling":13,"minecraft:spruce_log":122,"excompressum:compressed_dust":1,"compressium:clay_1":2,"quark:oak_chest":2,"exnihilosequentia:silkworm":50,"decorative_blocks:oak_palisade":6,"create:millstone":9,"minecraft:pumpkin_seeds":18,"ragnamod_6_sky:piece_uranium":8,"exnihilosequentia:seed_large_fern":4,"exnihilosequentia:mesh_diamond":4,"minecraft:clay":1,"ragnamod_6_sky:piece_silver":135,"minecraft:diamond":30,"ragnamod_6_sky:piece_nickel":8,"exnihilosequentia:seed_cactus":5,"botanypots:botany_pot":2,"ragnamod_6_sky:piece_lead":124,"minecraft:bone_meal":11,"minecraft:emerald":58,"minecraft:melon_seeds":17,"thermal:ruby":3,"minecraft:oak_sapling":45,"exnihilosequentia:seed_red_coral":4,"excompressum:auto_hammer":1,"minecraft:coal":196,"minecraft:oak_leaves":8}},"DataVersion":2586}