{"stats":{"minecraft:used":{"pamhc2foodextended:friedfeastitem":7,"minecraft:oak_sign":3,"mekanism:basic_fluid_tank":1,"excompressum:compressed_hammer_stone":326,"ironfurnaces:silver_furnace":1,"engineersdecor:dense_grit_sand_block":3,"minecraft:glass":19,"cyclic:shears_flint":64,"minecraft:lava_bucket":5,"pamhc2foodextended:holidaycakeitem":8,"exnihilosequentia:seed_kelp":1,"create:millstone":5,"exnihilosequentia:barrel_stone":18,"create:shaft":4,"minecraft:furnace":4,"minecraft:oak_sapling":27,"create:mechanical_drill":3,"minecraft:oak_planks":227,"compressium:cobblestone_1":285,"minecraft:blackstone":87,"minecraft:clay":2,"minecraft:sugar_cane":2,"compressium:sand_1":14,"minecraft:sand":4,"minecraft:end_stone":4,"creategearaddon:large_oak_cogwheel":6,"neapolitan:banana_cake":1,"exnihilosequentia:crucible_wood":4,"mekanismtools:iron_paxel":12,"minecraft:gravel":7,"exnihilosequentia:dust":2,"exnihilosequentia:sieve":27,"minecraft:blackstone_slab":6,"tconstruct:crafting_station":13,"minecraft:andesite":7,"exnihilosequentia:seed_cactus":1,"create:granite_cobblestone_slab":1,"create:large_cogwheel":6,"storagedrawers:oak_full_drawers_1":36,"minecraft:oak_fence":311,"ironfurnaces:copper_furnace":2,"creategearaddon:oak_cogwheel":12,"minecraft:redstone":1,"minecraft:spruce_planks":61,"neapolitan:banana_bread":8,"excompressum:oak_heavy_sieve":5,"minecraft:netherrack":8,"minecraft:torch":92,"minecraft:dirt":15,"quark:spruce_chest":77,"minecraft:oak_stairs":8,"storagedrawers:controller":1,"create:diorite_cobblestone":21,"minecraft:barrel":2,"constructionwand:diamond_wand":10,"compressium:gravel_1":18,"pipez:fluid_pipe":1,"minecraft:water_bucket":38,"mob_grinding_utils:solid_xp_baby":1,"mekanismtools:stone_paxel":401,"minecraft:oak_slab":383,"minecraft:crafting_table":2,"create:granite_cobblestone":154,"constructionwand:stone_wand":64,"minecraft:white_bed":3,"cyclic:hopper":10,"exnihilosequentia:barrel_wood":55,"mob_grinding_utils:absorption_hopper":1,"minecraft:stone_slab":16,"create:water_wheel":3,"exnihilosequentia:crucible_fired":2,"exnihilosequentia:ancient_spores":2,"exnihilosequentia:seed_sugarcane":2,"minecraft:cobblestone":3,"create:gabbro_cobblestone":3,"minecraft:bucket":19,"quark:oak_chest":5,"create:hand_crank":6,"storagedrawers:drawer_key":2},"minecraft:broken":{"mekanismtools:stone_paxel":1,"cyclic:shears_flint":1,"constructionwand:stone_wand":3,"excompressum:compressed_hammer_stone":2},"minecraft:dropped":{"ragnamod_6_sky:diorite_pebble":53,"minecraft:lapis_lazuli":93,"create:granite_cobblestone":10,"ragnamod_6_sky:granite_pebble":51,"create:andesite_cobblestone":301,"creategearaddon:large_oak_cogwheel":1,"minecraft:emerald":15,"forbidden_arcanus:rune":4,"exnihilosequentia:mesh_flint":1,"creategearaddon:oak_cogwheel":5,"exnihilosequentia:mesh_diamond":1,"exnihilosequentia:crucible_fired":1,"minecraft:bone_meal":17,"create:large_cogwheel":2,"create:diorite_cobblestone":16,"iceandfire:amythest_gem":9,"minecraft:gravel":193,"exnihilosequentia:mesh_iron":1,"ragnamod_6_sky:piece_silver":9,"ragnamod_6_sky:piece_copper":19,"compressium:clay_1":2,"minecraft:gunpowder":1,"ragnamod_6_sky:cobble_pebble":59,"ragnamod_6_sky:piece_lead":18,"excompressum:compressed_dust":2,"minecraft:water_bucket":1,"excompressum:compressed_hammer_stone":1,"minecraft:iron_ingot":5,"minecraft:cobblestone":51,"compressium:gravel_1":3,"minecraft:coal":28,"minecraft:stick":1,"tconstruct:crafting_station":2,"ragnamod_6_sky:piece_aluminum":31,"minecraft:bucket":3,"ragnamod_6_sky:andesite_pebble":1,"minecraft:clay_ball":17,"minecraft:andesite":35,"exnihilosequentia:mesh_string":17},"minecraft:crafted":{"pipez:basic_upgrade":1,"exnihilosequentia:mesh_iron":4,"minecraft:oak_planks":44,"minecraft:barrel":1,"create:andesite_casing":16,"ironfurnaces:iron_furnace":1,"minecraft:stone":9,"pipez:fluid_pipe":16,"minecraft:granite":0,"minecraft:hopper":1,"minecraft:glass":27,"minecraft:comparator":2,"mob_grinding_utils:absorption_hopper":1,"exnihilosequentia:barrel_wood":3,"exnihilosequentia:mesh_flint":1,"minecraft:crafting_table":1,"storagedrawers:oak_full_drawers_1":1,"mekanismtools:stone_paxel":1,"ironfurnaces:augment_speed":1,"minecraft:paper":3,"create:water_wheel":1,"minecraft:charcoal":53,"ragnamod_6_sky:chunk_iron":2,"constructionwand:stone_wand":1,"minecraft:stick":28,"minecraft:stone_slab":6,"quark:oak_chest":2,"minecraft:iron_ingot":28,"exnihilosequentia:mesh_diamond":6,"minecraft:gold_ingot":0,"storagedrawers:drawer_key":1,"minecraft:redstone_torch":6,"storagedrawers:upgrade_template":4,"tconstruct:pattern":3,"minecraft:stone_shovel":1,"minecraft:iron_nugget":9,"exnihilosequentia:crucible_fired":1,"thermal:copper_ingot":17,"minecraft:basalt":1,"storagedrawers:controller":1,"thermal:silver_ingot":4,"minecraft:stone_pickaxe":1,"quark:spruce_chest":4,"exnihilosequentia:hammer_stone":5,"exnihilosequentia:sieve":21,"compressium:gravel_1":1,"constructionwand:diamond_wand":1,"create:granite_cobblestone_stairs":4,"excompressum:compressed_hammer_stone":1,"minecraft:bucket":4,"minecraft:stone_axe":1,"minecraft:air":2354,"minecraft:cobblestone":9,"minecraft:flint":6,"compressium:cobblestone_1":1,"create:mechanical_drill":1,"minecraft:andesite":91},"minecraft:custom":{"minecraft:interact_with_crafting_table":22,"minecraft:open_barrel":4,"minecraft:eat_cake_slice":15,"minecraft:leave_game":3,"minecraft:time_since_death":306262,"minecraft:sprint_one_cm":495898,"minecraft:drop":92,"minecraft:deaths":3,"minecraft:jump":2877,"minecraft:walk_on_water_one_cm":12264,"minecraft:interact_with_furnace":140,"minecraft:play_one_minute":403935,"minecraft:sleep_in_bed":6,"minecraft:damage_dealt":91,"minecraft:crouch_one_cm":96088,"minecraft:mob_kills":1,"minecraft:climb_one_cm":2207,"minecraft:walk_one_cm":684248,"minecraft:sneak_time":39646,"minecraft:walk_under_water_one_cm":5019,"minecraft:time_since_rest":2074,"minecraft:damage_taken":1425,"minecraft:use_wand":454,"minecraft:swim_one_cm":1856,"minecraft:fly_one_cm":593770,"minecraft:open_chest":773,"minecraft:fall_one_cm":32393},"minecraft:mined":{"minecraft:spruce_planks":61,"minecraft:white_bed":3,"minecraft:oak_sapling":1,"botanypots:botany_pot":1,"minecraft:oak_wall_sign":1,"rats:block_of_cheese":1,"compressium:gravel_1":18,"minecraft:barrel":2,"exnihilosequentia:sieve":7,"creategearaddon:oak_cogwheel":8,"supplementaries:stick":4,"cyclic:hopper":4,"minecraft:blackstone":14,"minecraft:kelp_plant":1,"framedblocks:framed_corner_slope":4,"endergetic:poise_beehive":2,"minecraft:clay":2,"ironfurnaces:copper_furnace":2,"minecraft:torch":19,"minecraft:cobblestone":4,"excompressum:oak_heavy_sieve":5,"create:gabbro_cobblestone":23,"minecraft:sugar_cane":12,"minecraft:oak_planks":94,"minecraft:cauldron":1,"compressium:sand_1":14,"storagedrawers:oak_full_drawers_1":1,"exnihilosequentia:crucible_wood":3,"minecraft:oak_log":441,"create:hand_crank":4,"minecraft:sand":3,"minecraft:dirt":4,"tconstruct:crafting_station":5,"creategearaddon:large_oak_cogwheel":6,"minecraft:netherrack":8,"minecraft:oak_leaves":64,"create:millstone":4,"engineersdecor:dense_grit_sand_block":3,"minecraft:end_stone":4,"create:large_cogwheel":2,"minecraft:redstone_wire":1,"minecraft:spruce_leaves":222,"exnihilosequentia:barrel_stone":16,"create:shaft":2,"minecraft:furnace":2,"minecraft:andesite":7,"exnihilosequentia:crucible_fired":1,"minecraft:oak_slab":36,"quark:oak_chest":8,"exnihilosequentia:dust":2,"minecraft:oak_fence":54,"minecraft:crafting_table":2,"create:granite_cobblestone":15,"minecraft:blackstone_slab":2,"create:water_wheel":2,"minecraft:stone_slab":11,"minecraft:cactus":1,"compressium:cobblestone_1":284,"minecraft:beehive":3,"minecraft:spruce_log":216,"decorative_blocks:oak_palisade":6,"create:mechanical_drill":2,"exnihilosequentia:barrel_wood":33,"create:diorite_cobblestone":8,"quark:spruce_chest":24,"minecraft:gravel":7},"minecraft:picked_up":{"engineersdecor:dense_grit_sand_block":3,"minecraft:wheat":2,"ragnamod_6_sky:piece_soulium":9,"ragnamod_6_sky:blackstone_pebble":855,"minecraft:stone_slab":16,"pamhc2foodextended:cinnamonbreaditem":8,"minecraft:string":489,"endergetic:poise_beehive":3,"create:water_wheel":2,"minecraft:oak_sign":1,"thermal:sulfur":8,"exnihilosequentia:seed_fern":1,"minecraft:bucket":3,"minecraft:spruce_planks":14,"excompressum:compressed_hammer_stone":1,"neapolitan:banana_bread":8,"ragnamod_6_sky:cobble_pebble":659,"minecraft:furnace":2,"exnihilosequentia:sieve":9,"exnihilosequentia:hammer_stone":2,"ragnamod_6_sky:granite_pebble":667,"minecraft:beehive":4,"minecraft:stick":81,"pamhc2foodextended:theatreboxitem":15,"ragnamod_6_sky:diorite_pebble":846,"neapolitan:vanilla_fudge":16,"ragnamod_6_sky:piece_zinc":919,"minecraft:oak_fence":56,"minecraft:torch":32,"create:andesite_casing":4,"compressium:gravel_1":1,"exnihilosequentia:crucible_fired":3,"minecraft:cauldron":1,"create:large_cogwheel":6,"exnihilosequentia:barrel_stone":17,"thermal:apatite":33,"ragnamod_6_sky:andesite_pebble":824,"minecraft:cactus":1,"pamhc2foodextended:poutineitem":1,"exnihilosequentia:crushed_netherrack":8,"ragnamod_6_sky:piece_iron":913,"ragnamod_6_sky:piece_copper":648,"cyclic:hopper":4,"minecraft:obsidian":4,"create:andesite_cobblestone":375,"neapolitan:chocolate_cake":1,"minecraft:blaze_powder":3,"minecraft:cobblestone":167,"exnihilosequentia:seed_acacia":1,"cyclic:shears_flint":1,"gildedingot:shroom_fruit":3,"minecraft:andesite":37,"minecraft:flint":1,"supplementaries:flax_seeds":4,"exnihilosequentia:porcelain_clay":8,"create:gabbro_cobblestone":43,"ragnamod_6_sky:piece_gold":14,"minecraft:dirt":24,"minecraft:lapis_lazuli":896,"brazier:warped_nether_wart":2,"exnihilosequentia:seed_spruce":1,"neapolitan:adzuki_bun":6,"thermal:sapphire":1,"minecraft:wheat_seeds":6,"create:mechanical_drill":2,"minecraft:bell":1,"ftbquests:book":1,"forbidden_arcanus:rune":337,"create:shaft":26,"minecraft:glowstone_dust":28,"minecraft:oak_planks":105,"exnihilosequentia:mesh_string":41,"exnihilosequentia:crucible_wood":4,"patchouli:guide_book":5,"minecraft:sand":212,"exnihilosequentia:mesh_iron":13,"eidolon:codex":1,"excompressum:compressed_dust":1,"decorative_blocks:oak_palisade":6,"exnihilosequentia:silkworm":188,"minecraft:barrel":1,"astralsorcery:tome":1,"quark:cobbled_deepslate":14,"exnihilosequentia:seed_large_fern":1,"architects_palette:sunmetal_pillar":4,"minecraft:clay":11,"ragnamod_6_sky:piece_silver":603,"minecraft:diamond":121,"exnihilosequentia:seed_cactus":1,"minecraft:bone_meal":42,"mahoutsukai:guidebook":1,"minecraft:emerald":328,"minecraft:oak_sapling":73,"minecraft:netherrack":8,"minecraft:crimson_roots":1,"minecraft:oak_leaves":96,"exnihilosequentia:crook_stone":1,"minecraft:charcoal":92,"minecraft:crafting_table":5,"tconstruct:crafting_station":4,"exnihilosequentia:mesh_flint":26,"minecraft:nether_wart":2,"minecraft:clay_ball":17,"thermal:cinnabar":30,"compressium:dirt_1":1,"ragnamod_6_sky:piece_cobalt":4,"immersiveengineering:manual":1,"exnihilosequentia:seed_carrot":1,"exnihilosequentia:dust":145,"ragnamod_6_sky:deepslate_pebble":795,"exnihilosequentia:seed_birch":1,"minecraft:netherite_scrap":1,"ragnamod_6_sky:chunk_iron":1,"ragnamod_6_sky:basalt_pebble":787,"minecraft:blackstone":35,"iceandfire:amythest_gem":328,"quark:spruce_chest":38,"thermal:niter":5,"minecraft:sugar_cane":23,"minecraft:birch_sapling":8,"creategearaddon:oak_cogwheel":22,"ragnamod_6_sky:piece_tin":6,"minecraft:end_stone":4,"framedblocks:framed_corner_slope":4,"architects_palette:flint_block":5,"exnihilosequentia:seed_potato":1,"exnihilosequentia:seed_kelp":1,"create:hand_crank":6,"minecraft:redstone":28,"ragnamod_6_sky:gabbro_pebble":854,"exnihilosequentia:barrel_wood":35,"rats:block_of_cheese":1,"rftoolsbase:manual":1,"ragnamod_6_sky:piece_ender":1,"minecraft:beetroot_seeds":5,"excompressum:oak_heavy_sieve":5,"ragnamod_6_sky:piece_osmium":405,"ragnamod_6_sky:piece_aluminum":967,"minecraft:basalt":18,"creategearaddon:large_oak_cogwheel":9,"minecraft:blackstone_slab":1,"minecraft:crimson_fungus":1,"minecraft:oak_log":644,"create:andesite_alloy":186,"astralsorcery:aquamarine":3,"minecraft:gunpowder":56,"pamhc2foodextended:friedfeastitem":7,"ragnamod_6_sky:piece_platinum":1,"minecraft:apple":18,"minecraft:kelp":7,"rats:rat_flute":1,"minecraft:iron_ingot":4,"minecraft:cobweb":64,"exnihilosequentia:seed_berry":2,"storagedrawers:oak_full_drawers_1":1,"rats:chef_toque":1,"minecraft:acacia_sapling":4,"minecraft:soul_sand":6,"powah:uraninite":15,"minecraft:oak_slab":148,"create:diorite_cobblestone":48,"create:granite_cobblestone":47,"minecraft:quartz":2,"minecraft:gravel":2580,"exnihilosequentia:crushed_end_stone":4,"ragnamod_6_sky:piece_amber":1,"minecraft:spruce_sapling":49,"minecraft:spruce_log":283,"minecraft:white_bed":3,"compressium:clay_1":1,"quark:oak_chest":9,"create:millstone":5,"minecraft:pumpkin_seeds":5,"ragnamod_6_sky:piece_uranium":2,"exnihilosequentia:mesh_diamond":11,"ragnamod_6_sky:piece_nickel":2,"ironfurnaces:copper_furnace":2,"compressium:cobblestone_1":2,"ragnamod_6_sky:piece_lead":646,"mekanism:fluorite_gem":1,"minecraft:warped_roots":1,"thermal:ruby":2,"minecraft:melon_seeds":1,"ragnamod_6_sky:piece_emeraldite":2,"minecraft:coal":1037,"rats:cauldron_milk":1,"ragnamod_6_sky:piece_tungsten":3,"minecraft:ender_pearl":1}},"DataVersion":2586}