{"stats":{"minecraft:killed":{"farlanders:fanmade_enderman":1,"minecraft:skeleton":1,"minecraft:chicken":11,"farlanders:enderminion":1,"rats:rat":1,"minecraft:zombie":2,"mekanismadditions:baby_skeleton":3,"supplementaries:firefly":1,"goblintraders:goblin_trader":1,"minecraft:wandering_trader":1,"minecraft:zombified_piglin":9,"minecraft:spider":1,"rats:plague_cloud":3,"minecraft:pig":2,"mekanismadditions:baby_creeper":1,"minecraft:creeper":4,"minecraft:sheep":4,"minecraft:trader_llama":3,"minecraft:blaze":1,"minecraft:phantom":5,"farlanders:mystic_enderminion":1},"minecraft:killed_by":{"rats:plague_beast":4,"minecraft:player":1,"rats:plague_cloud":6},"minecraft:mined":{"chisel:planks/spruce/braced_planks":1,"minecraft:white_bed":7,"create:andesite_casing":16,"minecraft:obsidian":10,"create:powered_toggle_latch":6,"immersiveengineering:blastbrick":26,"create:redstone_contact":9,"minecraft:stone_brick_wall":1,"chisel:stone_bricks/dent":277,"cyclic:soundproofing":32,"minecraft:coal_block":3,"chisel:factory/rustplates":7,"chisel:planks/spruce/encased_large_planks":13,"tconstruct:part_chest":2,"minecraft:hopper":1,"create:belt":9,"minecraft:oak_wall_sign":1,"rats:block_of_cheese":1,"minecraft:magma_block":1,"immersiveengineering:treated_post":5,"minecraft:barrel":6,"pipez:fluid_pipe":27,"exnihilosequentia:sieve":36,"tconstruct:seared_melter":2,"tconstruct:seared_bricks_wall":1,"compressium:soulsand_1":2,"cyclic:disenchanter":1,"chisel:stone_bricks/extra/poison":3,"minecraft:oak_sign":1,"immersiveengineering:connector_lv":1,"minecraft:oak_stairs":8,"create:gearshift":1,"mob_grinding_utils:jumbo_tank":7,"immersiveengineering:metal_press":1,"create:limestone":3,"minecraft:tripwire":1,"cyclic:hopper":12,"create:cogwheel":2,"tconstruct:part_builder":4,"immersiveengineering:reinforced_crate":3,"woot:anvil":1,"chisel:glowstone/extra/bismuth":1,"minecraft:kelp_plant":7,"storagedrawers:controller":1,"chisel:planks/spruce/encased_planks":1156,"createaddition:furnace_burner":3,"endergetic:poise_beehive":3,"framedblocks:framed_corner_slope":4,"minecraft:torch":125,"ironfurnaces:copper_furnace":2,"minecraft:blast_furnace":7,"mcwfences:spruce_highley_gate":1,"minecraft:spruce_wall_sign":2,"minecraft:glass":51,"excompressum:oak_heavy_sieve":16,"minecraft:sugar_cane":81,"minecraft:spruce_sign":1,"create:basin":1,"cookingforblockheads:spice_rack":1,"chisel:planks/spruce/braid":8,"compressium:sand_1":291,"create:portable_storage_interface":2,"create:flywheel":9,"tconstruct:seared_faucet":7,"storagedrawers:oak_full_drawers_1":112,"minecraft:grass":787,"create:hand_crank":4,"immersiveengineering:conveyor_basic":2,"creategearaddon:large_oak_cogwheel":12,"minecraft:stonecutter":3,"create:linear_chassis":9,"minecraft:piston":2,"create:millstone":7,"framedcompactdrawers:framed_full_one":8,"chisel:andesite/mosaic":10,"engineersdecor:dense_grit_sand_block":3,"minecraft:end_stone":4,"quark:cobbled_deepslate":31,"connectedglass:clear_glass":46,"metalbarrels:silver_barrel":2,"connectedglass:tinted_borderless_glass":1,"minecraft:redstone_wire":32,"create:encased_fan":3,"thermal:flax":3,"exnihilosequentia:barrel_stone":57,"minecraft:kelp":25,"tconstruct:cast_chest":1,"excompressum:auto_hammer":7,"create:shaft":49,"minecraft:andesite":7,"mcwfences:spruce_stockade_fence":6,"minecraft:potatoes":8,"create:chute":3,"excompressum:auto_sieve":10,"create:deployer":12,"integrateddynamics:drying_basin":1,"minecraft:smithing_table":2,"minecraft:oak_slab":544,"mob_grinding_utils:saw":2,"minecraft:redstone_block":2,"ironfurnaces:silver_furnace":7,"minecraft:soul_sand":1,"quark:oak_chest":21,"architects_palette:sunmetal_pillar":4,"minecraft:dandelion":12,"minecraft:stone_brick_slab":71,"chisel:glowstone/twisted":9,"chisel:cobblestone/twisted":9,"create:granite_cobblestone":222,"minecraft:spruce_button":7,"chisel:diorite/encased_bricks":6,"create:water_wheel":5,"minecraft:tall_grass":171,"create:redstone_link":17,"create:mechanical_saw":4,"tconstruct:smeltery_controller":2,"create:gearbox":38,"mcwfences:spruce_horse_fence":137,"minecraft:spruce_log":4435,"decorative_blocks:oak_palisade":6,"exnihilosequentia:crushed_netherrack":1,"create:mechanical_drill":4,"create:mechanical_bearing":1,"minecraft:mycelium":21,"create:diorite_cobblestone":8,"minecraft:gravel":14,"minecraft:stone_bricks":8,"minecraft:fern":3,"minecraft:spruce_planks":79,"minecraft:oak_sapling":1,"connectedglass:borderless_glass":26,"tconstruct:tinker_station":3,"tconstruct:seared_bricks":21,"minecraft:spruce_trapdoor":1,"minecraft:grass_block":9,"chisel:planks/spruce/crude_horizontal_planks":16,"thermal:device_rock_gen":2,"botanypots:botany_pot":2,"mob_grinding_utils:absorption_hopper":4,"chisel:cobblestone/dent":28,"framedblocks:framed_fence":1,"immersiveengineering:toolbox_block":3,"tconstruct:seared_table":10,"framedblocks:framed_slope":6,"compressium:gravel_1":543,"compressium:netherrack_1":14,"create:gantry_shaft":31,"tconstruct:seared_fuel_tank":2,"thermal:tomato":1,"cyclic:flower_cyan":30,"creategearaddon:oak_cogwheel":41,"supplementaries:stick":8,"mcwfences:modern_stone_brick_wall":5,"entangled:block":11,"minecraft:spruce_slab":9,"create:radial_chassis":4,"minecraft:blackstone":96,"tconstruct:tinkers_anvil":2,"minecraft:clay":92,"minecraft:poppy":34,"chisel:factory/metalbox":3,"thermal:peanut":1,"mob_grinding_utils:tank":12,"minecraft:cobblestone":268,"excompressum:auto_compressed_hammer":1,"minecraft:oak_planks":303,"create:gabbro_cobblestone":25,"rats:trash_can":1,"minecraft:wall_torch":4,"minecraft:cauldron":1,"create:furnace_engine":3,"immersiveengineering:alloybrick":1,"exnihilosequentia:crucible_wood":5,"chisel:factory/goldplate":53,"minecraft:oak_log":556,"chisel:cobblestone/mosaic":4,"minecraft:beetroots":2,"minecraft:dirt":116,"tconstruct:crafting_station":22,"minecraft:sand":41,"minecraft:netherrack":8,"minecraft:oak_leaves":764,"framedblocks:framed_slab":6,"minecraft:redstone_lamp":1,"trashcans:item_trash_can":1,"immersiveengineering:blast_furnace":1,"minecraft:lever":1,"engineersdecor:treated_wood_ladder":1,"create:granite_cobblestone_slab":1,"create:large_cogwheel":9,"create:adjustable_repeater":2,"create:depot":1,"minecraft:spruce_leaves":5489,"chisel:factory/wireframe":7,"chisel:andesite/french_1":57,"minecraft:large_fern":1,"compressium:endstone_1":6,"createaddition:rolling_mill":16,"minecraft:oak_trapdoor":2,"minecraft:spruce_sapling":50,"minecraft:furnace":6,"minecraft:carrots":1369,"immersiveengineering:treated_wood_horizontal":4,"darkutils:vector_plate":3,"create:windmill_bearing":1,"mekanism:basic_fluid_tank":12,"minecraft:bell":2,"chisel:cobblestone/french_1":4,"exnihilosequentia:crucible_fired":4,"tconstruct:seared_glass":9,"chisel:planks/spruce/vertical_planks":9,"minecraft:stone":18,"immersiveengineering:craftingtable":3,"create:adjustable_pulse_repeater":10,"minecraft:podzol":44,"architects_palette:sunmetal_block":12,"chisel:andesite/road":7,"minecraft:basalt":12,"chisel:andesite/encased_bricks":6,"pipez:item_pipe":102,"exnihilosequentia:dust":13,"minecraft:spruce_door":2,"amb:cobblestone_button":2,"minecraft:oak_fence":381,"minecraft:crafting_table":5,"minecraft:blackstone_slab":6,"tconstruct:seared_basin":6,"chisel:cobblestone/extra/marker":72,"minecraft:stone_slab":18,"chisel:glowstone/extra/tiles_large_bismuth":1,"chisel:cobblestone/weaver":199,"immersiveengineering:capacitor_lv":9,"minecraft:cactus":12,"cookingforblockheads:sink":19,"immersiveengineering:connector_lv_relay":17,"chunknogobyebye:loader":1,"minecraft:beehive":6,"compressium:cobblestone_1":1225,"chisel:andesite/weaver":4,"minecraft:grass_path":2,"elevatorid:elevator_white":3,"immersiveengineering:steel_scaffolding_standard":1,"exnihilosequentia:barrel_wood":85,"quark:spruce_chest":212,"create:mechanical_crafter":13,"create:andesite_encased_shaft":14},"minecraft:dropped":{"minecraft:clay":43,"minecraft:iron_sword":40,"minecraft:lapis_lazuli":157,"ragnamod_6_sky:granite_pebble":51,"minecraft:diamond":2,"thermal:corn_seeds":2,"create:andesite_cobblestone":301,"thermal:flax_seeds":1,"minecraft:emerald":15,"exnihilosequentia:mesh_flint":1,"minecraft:bone_meal":115,"create:goggles":1,"create:diorite_cobblestone":16,"iceandfire:amythest_gem":9,"minecraft:sugar_cane":1,"minecraft:golden_chestplate":1,"thermal:flux_magnet":1,"minecraft:netherite_sword":1,"minecraft:rotten_flesh":22,"ragnamod_6_sky:basalt_pebble":64,"minecraft:oak_planks":2,"ragnamod_6_sky:piece_copper":19,"compressium:clay_1":2,"create:wrench":4,"ragnamod_6_sky:piece_lead":18,"minecraft:glass":20,"minecraft:egg":7,"minecraft:golden_boots":2,"excompressum:compressed_hammer_stone":1,"minecraft:iron_ingot":105,"chisel:diamond_chisel":1,"pipez:basic_upgrade":2,"minecraft:cobblestone":130,"createaddition:iron_wire":1,"quark:spruce_chest":12,"chisel:cobblestone/dent":475,"minecraft:coal":1459,"create:andesite_casing":55,"thermal:lead_ingot":7,"ragnamod_6_sky:piece_aluminum":1043,"minecraft:iron_shovel":2,"minecraft:spruce_sapling":36,"farlanders:mystic_wand_regen":4,"ragnamod_6_sky:andesite_pebble":1,"minecraft:clay_ball":100,"farlanders:mystic_wand_fire_small":2,"mcwfences:spruce_horse_fence":30,"pipez:item_pipe":19,"minecraft:stone":3,"minecraft:spruce_planks":1,"minecraft:stone_bricks":192,"mekanism:ingot_steel":254,"exnihilosequentia:mesh_string":17,"ragnamod_6_sky:gabbro_pebble":389,"minecraft:spruce_sign":14,"ragnamod_6_sky:diorite_pebble":53,"create:granite_cobblestone":11,"mob_grinding_utils:jumbo_tank":2,"creategearaddon:large_oak_cogwheel":1,"mob_grinding_utils:saw":1,"forbidden_arcanus:rune":4,"constructionwand:diamond_wand":2,"powah:uraninite":3,"creategearaddon:oak_cogwheel":12,"exnihilosequentia:mesh_diamond":1,"thermal:constantan_ingot":54,"exnihilosequentia:crucible_fired":1,"pamhc2foodextended:carrotjuiceitem":192,"create:large_cogwheel":2,"mekanismtools:netherite_paxel":1,"minecraft:gold_ingot":51,"minecraft:gravel":193,"exnihilosequentia:mesh_iron":1,"ragnamod_6_sky:piece_silver":9,"minecraft:gunpowder":1,"ragnamod_6_sky:cobble_pebble":59,"create:brass_ingot":104,"minecraft:water_bucket":1,"excompressum:compressed_dust":2,"compressium:gravel_1":3,"ragnamod_6_sky:deepslate_pebble":2,"minecraft:stick":57,"chisel:stone_bricks/dent":128,"quark:clear_shard":13,"minecraft:torch":191,"chisel:glowstone/twisted":72,"ragnamod_6_sky:chunk_copper":4,"tconstruct:crafting_station":2,"chisel:planks/spruce/encased_planks":18,"minecraft:bucket":5,"minecraft:redstone":67,"minecraft:kelp":6,"create:shaft":3,"thermal:iron_plate":3,"pipez:fluid_pipe":18,"ragnamod_6_sky:chunk_iron":19,"minecraft:andesite":35,"minecraft:golden_leggings":1,"amb:cobblestone_button":1,"minecraft:golden_sword":1,"storagedrawers:drawer_key":2,"minecraft:spruce_log":60},"minecraft:picked_up":{"minecraft:seagrass":8,"engineersdecor:dense_grit_sand_block":3,"tconstruct:cast_chest":1,"chisel:cobblestone/mosaic":4,"compressium:soulsand_1":2,"ragnamod_6_sky:piece_endumium":3,"minecraft:stone_slab":25,"minecraft:smithing_table":2,"minecraft:lead":7,"minecraft:diamond_sword":3,"minecraft:oak_stairs":8,"create:wrench":3,"create:limestone_cobblestone":6,"immersiveengineering:blastbrick":27,"thermal:diamond_dust":1,"minecraft:golden_sword":4,"minecraft:string":1026,"tconstruct:smeltery_controller":2,"minecraft:soul_soil":1,"create:limestone":61,"endergetic:poise_beehive":9,"thermal:potion_cake":1,"thermal:barley_seeds":9,"woot:dye_die":1,"minecraft:beetroot":31,"create:water_wheel":5,"immersiveengineering:reinforced_crate":3,"tconstruct:ingot_cast":8,"mysticalagriculture:inferium_essence":11,"minecraft:gold_nugget":27,"mob_grinding_utils:ender_inhibitor_off":1,"minecraft:spruce_planks":49,"create:powered_toggle_latch":6,"exnihilosequentia:seed_yellow_coral":8,"ragnamod_6_sky:cobble_pebble":2016,"minecraft:coal_block":4,"dropthemeat:cooked_villager":3,"ragnamod_6_sky:granite_pebble":1887,"minecraft:beehive":15,"pamhc2foodextended:theatreboxitem":15,"create:adjustable_pulse_repeater":10,"chisel:planks/spruce/encased_large_planks":13,"minecraft:composter":1,"thermal:sadiroot_seeds":5,"create:andesite_casing":52,"chisel:cobblestone/dent":461,"chisel:stone_bricks/dent":578,"chisel:planks/spruce/encased_planks":1140,"tconstruct:seared_faucet":7,"mob_grinding_utils:saw":3,"minecraft:golden_chestplate":1,"minecraft:cauldron":1,"minecraft:black_dye":9,"mob_grinding_utils:rotten_egg":1,"exnihilosequentia:barrel_stone":65,"thermal:apatite":991,"tconstruct:nether_grout":2,"storagedrawers:emerald_storage_upgrade":2,"quark:clear_shard":197,"create:gantry_shaft":47,"pamhc2foodextended:poutineitem":1,"thermal:lead_ingot":7,"minecraft:blaze_rod":4,"thermal:radish_seeds":4,"thermal:slag":92,"dropthemeat:cooked_llama":9,"ragnamod_6_sky:piece_copper":1528,"mekanism:basic_fluid_tank":14,"entangled:block":11,"cyclic:hopper":19,"immersiveengineering:plate_steel":44,"minecraft:iron_bars":3,"create:andesite_cobblestone":375,"neapolitan:chocolate_cake":1,"exnihilosequentia:seed_acacia":10,"exnihilosequentia:ancient_spores":3,"minecraft:magma_block":1,"cyclic:shears_flint":1,"minecraft:feather":36,"gildedingot:shroom_fruit":157,"exnihilosequentia:doll_crafting":5,"minecraft:brown_wool":2,"xreliquary:nebulous_heart":3,"mcwfences:oak_picket_fence":1,"minecraft:flint":26,"trashcans:item_trash_can":1,"ragnamod_6_sky:piece_gold":117,"pamhc2foodextended:carrotjuiceitem":128,"brazier:warped_nether_wart":102,"cyclic:flower_cyan":38,"exnihilosequentia:seed_oak":13,"minecraft:twisting_vines":62,"thermal:sapphire":149,"framedblocks:framed_slope":7,"create:gabbro":1,"pipez:fluid_pipe":77,"minecraft:stonecutter":4,"create:mechanical_drill":4,"ftbquests:book":2,"architects_palette:sunmetal_block":20,"cyclic:soundproofing":80,"forbidden_arcanus:rune":1143,"tconstruct:seared_table":10,"create:shaft":98,"minecraft:diamond_helmet":1,"minecraft:glowstone_dust":614,"exnihilosequentia:mesh_string":44,"xreliquary:mob_charm_fragment":2,"create:gearshift":1,"exnihilosequentia:seed_jungle":12,"exnihilosequentia:seed_darkoak":7,"patchouli:guide_book":6,"create:granite_cobblestone_slab":2,"mekanismtools:stone_paxel":2,"thermal:gold_plate":4,"chisel:factory/hazard":64,"thermal:onion_seeds":8,"forbidden_arcanus:rune_bag":1,"exnihilosequentia:silkworm":417,"minecraft:barrel":5,"astralsorcery:tome":1,"quark:cobbled_deepslate":14,"thermal:device_rock_gen":2,"cookingforblockheads:spice_rack":2,"architects_palette:sunmetal_pillar":12,"constructionwand:stone_wand":1,"minecraft:lever":3,"thermal:eggplant_seeds":8,"minecraft:granite":7,"cyclic:apple_diamond":2,"minecraft:spruce_button":8,"mahoutsukai:guidebook":1,"chisel:glowstone/twisted":87,"immersiveengineering:conveyor_basic":3,"minecraft:crimson_roots":62,"minecraft:diamond_pickaxe":1,"minecraft:spruce_leaves":3381,"minecraft:crafting_table":9,"minecraft:nether_wart":94,"minecraft:clay_ball":468,"minecraft:leather_leggings":2,"mob_grinding_utils:absorption_hopper":4,"minecraft:redstone_lamp":2,"pamhc2foodextended:scallionbakedpotatoitem":8,"chisel:factory/rustplates":7,"tconstruct:tinkers_anvil":2,"compressium:dirt_1":1,"immersiveengineering:manual":2,"ragnamod_6_sky:deepslate_pebble":2210,"farlanders:mystic_wand_teleport":1,"minecraft:netherite_scrap":25,"ragnamod_6_sky:chunk_iron":20,"pipez:advanced_upgrade":1,"ragnamod_6_sky:basalt_pebble":2189,"darkutils:blank_plate":12,"minecraft:iron_shovel":1,"create:redstone_link":18,"quark:spruce_chest":301,"minecraft:netherite_sword":3,"create:blaze_cake_base":2,"thermal:niter":65,"minecraft:iron_nugget":6,"minecraft:poppy":36,"minecraft:spruce_slab":9,"minecraft:birch_sapling":16,"creategearaddon:oak_cogwheel":60,"minecraft:piston":1,"excompressum:auto_compressed_hammer":1,"minecraft:diamond_hoe":1,"minecraft:egg":268,"ragnamod_6_sky:piece_tin":311,"minecraft:stone":30,"architects_palette:flint_block":6,"pipez:item_pipe":134,"exnihilosequentia:seed_potato":5,"chisel:cobblestone/french_1":4,"eidolon:wooden_altar":6,"minecraft:carrot":4841,"minecraft:redstone":703,"chisel:andesite/mosaic":10,"create:vertical_gearbox":21,"rats:block_of_cheese":2,"rftoolsbase:manual":2,"minecraft:stone_shovel":1,"minecraft:beetroot_seeds":29,"ragnamod_6_sky:piece_ender":29,"minecraft:shears":1,"create:depot":1,"chisel:laboratory/fuzzscreen":128,"storagedrawers:controller":1,"minecraft:gold_ingot":55,"tconstruct:part_chest":4,"minecraft:white_wool":34,"minecraft:blackstone_slab":9,"tconstruct:seared_fuel_tank":2,"mob_grinding_utils:tank":13,"minecraft:oak_log":750,"minecraft:golden_boots":1,"astralsorcery:aquamarine":269,"framedblocks:framed_slab":18,"chisel:cobblestone/weaver":260,"chisel:diorite/encased_bricks":6,"minecraft:paper":16,"pamhc2foodextended:friedfeastitem":7,"createaddition:furnace_burner":2,"tconstruct:seared_brick":162,"rats:plague_leech":32,"pipez:basic_upgrade":6,"chisel:futura/controller":64,"tconstruct:seared_heater":2,"minecraft:stone_bricks":264,"minecraft:apple":48,"mcwfences:spruce_highley_gate":1,"minecraft:kelp":96,"xreliquary:molten_core":2,"ironfurnaces:augment_speed":5,"minecraft:cobweb":128,"exnihilosequentia:seed_berry":18,"minecraft:glass_bottle":64,"minecraft:iron_sword":40,"rats:chef_toque":2,"create:mechanical_saw":4,"elevatorid:elevator_white":3,"powah:uraninite":297,"thermal:strawberry_seeds":7,"minecraft:gravel":11148,"exnihilosequentia:crushed_end_stone":58,"xreliquary:catalyzing_gland":3,"farlanders:mystic_wand_fire_small":11,"minecraft:spruce_sapling":420,"compressium:clay_1":1,"minecraft:spruce_log":4745,"create:gearbox":18,"chisel:factory/wireframe":7,"minecraft:leather_helmet":1,"create:millstone":8,"cookingforblockheads:sink":19,"exnihilosequentia:mesh_diamond":34,"immersiveengineering:seed":155,"immersiveengineering:wirecoil_copper":16,"compressium:cobblestone_1":4,"tconstruct:seared_melter":4,"minecraft:warped_roots":70,"chisel:cobblestone/extra/marker":63,"create:portable_storage_interface":2,"ragnamod_6_sky:piece_pendorite":5,"minecraft:melon_seeds":11,"thermal:amaranth_seeds":2,"ragnamod_6_sky:piece_emeraldite":47,"rats:cauldron_milk":1,"minecraft:hopper":1,"ragnamod_6_sky:piece_tungsten":45,"minecraft:ender_pearl":80,"ragnamod_6_sky:piece_soulium":82,"minecraft:wheat":5,"rats:trash_can":2,"minecraft:redstone_block":2,"constructionwand:diamond_wand":2,"create:mechanical_crafter":13,"metalbarrels:silver_barrel":2,"ragnamod_6_sky:blackstone_pebble":2075,"immersiveengineering:craftingtable":3,"mekanismtools:netherite_paxel":1,"pamhc2foodextended:cinnamonbreaditem":8,"chisel:andesite/road":7,"minecraft:nether_brick":38,"chisel:planks/spruce/crude_horizontal_planks":16,"connectedglass:borderless_glass":13,"minecraft:experience_bottle":139,"minecraft:oak_sign":4,"thermal:sulfur":88,"thermal:iron_plate":45,"exnihilosequentia:seed_fern":8,"minecraft:bucket":9,"cyclic:disenchanter":2,"excompressum:compressed_hammer_stone":1,"neapolitan:banana_bread":8,"chisel:planks/spruce/braid":8,"thermal:spinach_seeds":8,"pipez:improved_upgrade":1,"minecraft:furnace":11,"exnihilosequentia:hammer_stone":2,"exnihilosequentia:sieve":40,"minecraft:stick":520,"ragnamod_6_sky:diorite_pebble":2191,"create:dough":1,"exnihilosequentia:seed_bamboo":9,"neapolitan:vanilla_fudge":16,"xreliquary:zombie_heart":4,"amb:cobblestone_button":2,"ragnamod_6_sky:piece_zinc":2363,"minecraft:oak_fence":547,"minecraft:torch":468,"compressium:gravel_1":1,"minecraft:dried_kelp":2,"create:redstone_contact":9,"iceandfire:rotten_egg":7,"minecraft:diorite":5,"chisel:factory/goldplate":133,"immersiveengineering:alloybrick":1,"exnihilosequentia:crucible_fired":6,"thermal:flax_seeds":23,"ragnamod_6_sky:andesite_pebble":1807,"create:large_cogwheel":13,"minecraft:cactus":52,"minecraft:rotten_flesh":66,"thermal:corn_seeds":11,"ragnamod_6_sky:piece_iron":2156,"exnihilosequentia:crushed_netherrack":135,"mob_grinding_utils:saw_upgrade_looting":10,"create:adjustable_repeater":2,"minecraft:obsidian":897,"minecraft:blaze_powder":40,"minecraft:cobblestone":2466,"tconstruct:seared_bricks":24,"compressium:sand_1":50,"chisel:andesite/french_1":67,"immersiveengineering:toolbox":4,"minecraft:andesite":37,"excompressum:compressed_ender_gravel":1,"minecraft:golden_leggings":1,"minecraft:potato":28,"connectedglass:tinted_borderless_glass":2,"create:belt_connector":10,"storagedrawers:drawer_key":4,"supplementaries:flax_seeds":12,"create:gabbro_cobblestone":45,"exnihilosequentia:porcelain_clay":22,"immersiveengineering:connector_lv_relay":24,"minecraft:lapis_lazuli":3830,"minecraft:dirt":257,"chisel:planks/spruce/vertical_planks":9,"exnihilosequentia:seed_spruce":13,"minecraft:leather_boots":2,"neapolitan:adzuki_bun":6,"chisel:cobblestone/twisted":9,"minecraft:glass":188,"minecraft:bone":9,"minecraft:wheat_seeds":154,"minecraft:bell":6,"exnihilosequentia:grass_seeds":3,"create:flywheel":12,"minecraft:stone_hoe":2,"minecraft:oak_planks":278,"exnihilosequentia:seed_blue_coral":4,"minecraft:ghast_tear":99,"create:radial_chassis":4,"thermal:bell_pepper_seeds":7,"immersiveengineering:creosote_bucket":1,"minecraft:cooked_porkchop":18,"engineersdecor:treated_wood_ladder":1,"exnihilosequentia:crucible_wood":6,"create:cogwheel":2,"exnihilosequentia:mesh_iron":14,"minecraft:sand":4964,"tconstruct:seared_bricks_wall":1,"woot:anvil":1,"excompressum:compressed_dust":2,"eidolon:codex":1,"ragnamod_6_sky:chunk_silver":8,"decorative_blocks:oak_palisade":12,"chisel:andesite/encased_bricks":6,"mob_grinding_utils:jumbo_tank":9,"forbidden_arcanus:ender_pearl_fragment":43,"exnihilosequentia:seed_large_fern":3,"minecraft:clay":287,"ragnamod_6_sky:piece_silver":2212,"minecraft:diamond":393,"tconstruct:seared_basin":6,"kubejs:brass_plate":28,"exnihilosequentia:seed_cactus":14,"darkutils:vector_plate":14,"botanypots:botany_pot":2,"minecraft:bone_meal":884,"minecraft:spruce_sign":69,"farlanders:mystic_wand_regen":4,"minecraft:emerald":1282,"minecraft:oak_sapling":177,"create:furnace_engine":13,"minecraft:netherrack":150,"minecraft:oak_leaves":796,"exnihilosequentia:seed_pink_coral":10,"exnihilosequentia:crook_stone":3,"minecraft:charcoal":137,"tconstruct:crafting_station":38,"minecraft:chicken":2,"exnihilosequentia:mesh_flint":28,"thermal:cinnabar":792,"lavasponge:lavasponge":3,"minecraft:stone_brick_wall":1,"chunknogobyebye:loader":1,"createaddition:rolling_mill":17,"mcwfences:spruce_horse_fence":171,"minecraft:brick":94,"ragnamod_6_sky:piece_cobalt":56,"excompressum:auto_sieve":10,"tconstruct:nugget_cast":2,"minecraft:oak_trapdoor":4,"exnihilosequentia:seed_carrot":9,"exnihilosequentia:seed_birch":15,"mob_grinding_utils:saw_upgrade_sharpness":10,"minecraft:wooden_sword":4,"immersiveengineering:capacitor_lv":9,"exnihilosequentia:dust":2487,"tconstruct:seared_glass":20,"create:chute":3,"minecraft:blackstone":235,"iceandfire:amythest_gem":1376,"framedblocks:framed_cube":2,"mcwfences:spruce_stockade_fence":9,"chisel:planks/oak/encased_smooth":4,"create:basin":1,"upgradednetherite:netherite_bow":1,"thermal:flux_magnet":1,"minecraft:sugar_cane":266,"minecraft:spruce_trapdoor":1,"minecraft:phantom_membrane":13,"create:linear_chassis":12,"mcwfences:modern_stone_brick_wall":11,"minecraft:orange_dye":2,"minecraft:end_stone":62,"framedblocks:framed_corner_slope":8,"pamhc2foodextended:tacoitem":7,"immersiveengineering:mold_gear":1,"minecraft:gray_dye":3,"exnihilosequentia:seed_kelp":7,"create:windmill_bearing":1,"pamhc2foodextended:bentoboxitem":24,"create:hand_crank":11,"ragnamod_6_sky:gabbro_pebble":2432,"exnihilosequentia:barrel_wood":87,"create:deployer":12,"framedblocks:framed_fence":4,"thermal:peanut_seeds":15,"minecraft:arrow":18,"minecraft:weeping_vines":57,"immersiveengineering:treated_post":5,"chisel:planks/spruce/braced_planks":2,"tconstruct:grout":272,"excompressum:oak_heavy_sieve":17,"tconstruct:tinker_station":4,"chisel:stone_bricks/extra/poison":14,"ironfurnaces:silver_furnace":6,"ragnamod_6_sky:piece_osmium":1447,"ragnamod_6_sky:piece_aluminum":4423,"immersiveengineering:connector_lv":4,"minecraft:basalt":18,"integrateddynamics:drying_basin":2,"creategearaddon:large_oak_cogwheel":15,"tconstruct:part_builder":4,"storagedrawers:upgrade_template":41,"minecraft:leather":80,"farlanders:mystic_wand_ore":3,"minecraft:crimson_fungus":77,"create:andesite_alloy":195,"exnihilosequentia:mesh_emerald":10,"chisel:diamond_chisel":2,"minecraft:gunpowder":976,"ragnamod_6_sky:chunk_copper":24,"immersiveengineering:treated_wood_horizontal":4,"farlanders:mystic_wand_invisible":2,"minecraft:cooked_mutton":17,"ragnamod_6_sky:piece_platinum":35,"supplementaries:wrench":1,"chisel:andesite/weaver":4,"byg:ametrine_gems":8,"rats:rat_flute":3,"minecraft:iron_ingot":190,"quark:tallow":4,"minecraft:cooked_chicken":21,"thermal:tomato_seeds":7,"storagedrawers:oak_full_drawers_1":112,"minecraft:soul_sand":92,"minecraft:acacia_sapling":4,"exnihilosequentia:seed_purple_coral":10,"sophisticatedbackpacks:diamond_backpack":1,"minecraft:book":1,"mekanism:ingot_steel":252,"minecraft:oak_slab":683,"minecraft:warped_fungus":85,"create:mechanical_bearing":1,"create:diorite_cobblestone":63,"thermal:copper_ingot":65,"create:granite_cobblestone":55,"chisel:factory/metalbox":3,"minecraft:stone_brick_slab":158,"minecraft:quartz":180,"minecraft:dandelion":14,"thermal:constantan_ingot":56,"mekanismtools:diamond_paxel":1,"minecraft:blast_furnace":7,"ragnamod_6_sky:piece_amber":22,"minecraft:white_bed":7,"thermal:green_bean_seeds":7,"minecraft:spruce_door":3,"quark:oak_chest":33,"minecraft:spider_eye":15,"thermal:rice_seeds":14,"minecraft:pumpkin_seeds":18,"ragnamod_6_sky:piece_uranium":194,"create:brass_ingot":76,"framedcompactdrawers:framed_full_one":44,"ragnamod_6_sky:piece_nickel":188,"ironfurnaces:copper_furnace":2,"xreliquary:chelicerae":2,"create:encased_fan":3,"ragnamod_6_sky:piece_lead":1631,"mekanism:fluorite_gem":34,"tconstruct:pattern":80,"minecraft:terracotta":13,"thermal:ruby":146,"minecraft:black_wool":1,"exnihilosequentia:seed_red_coral":10,"excompressum:auto_hammer":7,"minecraft:coal":5052},"minecraft:crafted":{"pipez:basic_upgrade":4,"woot:si_dust":4,"tconstruct:fantastic_foundry":1,"pipez:improved_upgrade":3,"pipez:item_pipe":16,"ironfurnaces:iron_furnace":3,"sophisticatedbackpacks:crafting_upgrade":1,"minecraft:diamond_shovel":1,"minecraft:nether_brick":0,"ironfurnaces:diamond_furnace":1,"immersiveengineering:workbench":1,"tconstruct:seared_melter":1,"minecraft:granite":0,"create:vertical_gearbox":2,"connectedglass:tinted_glass":5,"minecraft:glass":31,"sophisticatedbackpacks:smelting_upgrade":1,"minecraft:diamond_helmet":1,"create:andesite_funnel":8,"tconstruct:pickaxe_head":1,"chisel:diamond_chisel":1,"exnihilosequentia:mesh_flint":2,"metalbarrels:iron_barrel":1,"entangled:item":1,"immersiveengineering:slab_treated_wood_horizontal":6,"storagedrawers:oak_full_drawers_1":1,"tconstruct:tool_handle":1,"minecraft:clock":1,"minecraft:music_disc_blocks":1,"create:clutch":2,"ironfurnaces:augment_speed":1,"create:gabbro":0,"create:gearbox":8,"create:encased_fan":1,"thermal:redstone_servo":1,"tconstruct:encyclopedia":1,"rats:assorted_vegetables":1,"ragnamod_6_sky:chunk_iron":2,"kubejs:loading_pearl":1,"constructionwand:stone_wand":1,"minecraft:stone_slab":6,"quark:oak_chest":5,"minecraft:iron_pickaxe":2,"excompressum:oak_heavy_sieve":4,"minecraft:gold_ingot":0,"minecraft:sandstone":1,"storagedrawers:drawer_key":1,"immersiveengineering:heavy_engineering":4,"minecraft:netherite_ingot":8,"sophisticatedbackpacks:netherite_backpack":1,"metalbarrels:copper_barrel":1,"storagedrawers:upgrade_template":4,"mob_grinding_utils:ender_inhibitor_on":1,"minecraft:stone_shovel":1,"tconstruct:part_builder":1,"create:wrench":2,"minecraft:iron_nugget":28,"exnihilosequentia:crucible_fired":1,"thermal:copper_ingot":17,"akashictome:tome":13,"excompressum:auto_heavy_sieve":1,"tconstruct:seared_basin":1,"enigmaticlegacy:iron_ring":1,"storagedrawers:emerald_storage_upgrade":1,"tconstruct:tinker_station":1,"ironfurnaces:emerald_furnace":1,"minecraft:basalt":1,"minecraft:terracotta":0,"immersiveengineering:capacitor_lv":1,"thermal:silver_ingot":17,"immersiveengineering:coil_lv":4,"minecraft:stone_pickaxe":1,"immersiveengineering:dynamo":4,"immersiveengineering:treated_fence":15,"minecraft:redstone_block":13,"quark:spruce_chest":26,"framedblocks:framed_fence":3,"create:belt_connector":1,"exnihilosequentia:sieve":21,"thermal:flux_magnet":1,"constructionwand:diamond_wand":1,"excompressum:compressed_hammer_stone":1,"minecraft:enchanting_table":1,"immersiveengineering:rs_engineering":4,"tconstruct:nether_grout":2,"tconstruct:part_chest":1,"minecraft:dried_kelp":0,"create:goggles":1,"create:redstone_contact":4,"woot:hammer":1,"mapperbase:ferrite":1,"sophisticatedbackpacks:gold_backpack":2,"minecraft:lily_pad":10,"mob_grinding_utils:saw":1,"minecraft:orange_dye":25,"immersiveengineering:blueprint":2,"entangled:block":2,"tconstruct:seared_heater":2,"mcwfences:spruce_horse_fence":3,"minecraft:cobblestone":9,"woot:anvil":1,"minecraft:flint":8,"sophisticatedbackpacks:stonecutter_upgrade":1,"minecraft:white_bed":1,"create:shaft":64,"thermal:device_rock_gen":1,"enigmaticlegacy:magnet_ring":1,"immersiveengineering:connector_lv_relay":32,"tconstruct:grout":8,"pipez:ultimate_upgrade":1,"minecraft:brick":0,"exnihilosequentia:mesh_iron":6,"metalbarrels:silver_barrel":1,"mekanismtools:diamond_paxel":2,"mekanismtools:refined_obsidian_sword":1,"minecraft:oak_planks":76,"mekanismtools:iron_paxel":1,"create:adjustable_repeater":1,"minecraft:barrel":4,"mekanism:block_steel":2,"tconstruct:puny_smelting":1,"excompressum:auto_compressed_hammer":1,"createaddition:rolling_mill":1,"create:andesite_casing":88,"minecraft:stone":9,"create:mechanical_harvester":12,"immersiveengineering:steel_scaffolding_standard":6,"mob_grinding_utils:tank":5,"immersiveengineering:sheetmetal_iron":8,"create:mechanical_bearing":1,"pipez:fluid_pipe":16,"minecraft:hopper":3,"cyclic:disenchanter":1,"rats:plague_tome":1,"minecraft:comparator":4,"tconstruct:materials_and_you":1,"tconstruct:seared_brick":0,"ironfurnaces:silver_furnace":1,"tconstruct:seared_fuel_tank":1,"immersiveengineering:treated_wood_horizontal":8,"tconstruct:small_axe_head":1,"mob_grinding_utils:absorption_hopper":2,"minecraft:ender_eye":1,"create:brass_hand":2,"exnihilosequentia:barrel_wood":3,"minecraft:dropper":12,"create:depot":1,"create:turntable":1,"sophisticatedbackpacks:backpack":3,"mekanismtools:netherite_paxel":1,"exnihilosequentia:mesh_emerald":5,"minecraft:crafting_table":4,"minecraft:spruce_planks":132,"minecraft:iron_helmet":3,"mcwfences:spruce_pyramid_gate":7,"cookingforblockheads:counter":1,"immersiveengineering:connector_lv":16,"mcwfences:modern_stone_brick_wall":6,"create:gearshift":2,"sophisticatedbackpacks:upgrade_base":3,"mekanismtools:stone_paxel":1,"minecraft:diorite":0,"minecraft:totem_of_undying":1,"minecraft:purple_dye":2,"minecraft:paper":18,"minecraft:charcoal":53,"minecraft:diamond_pickaxe":1,"create:water_wheel":3,"create:portable_storage_interface":2,"create:super_glue":1,"sophisticatedbackpacks:diamond_backpack":1,"minecraft:stick":128,"minecraft:iron_ingot":55,"create:brass_casing":4,"exnihilosequentia:mesh_diamond":7,"darkutils:blank_plate":48,"immersiveengineering:stick_treated":8,"minecraft:redstone_torch":21,"tconstruct:seared_fuel_gauge":1,"pipez:advanced_upgrade":3,"create:chute":4,"tconstruct:pattern":6,"jellyfishing:jellyfish":3,"ironfurnaces:gold_furnace":1,"minecraft:netherite_sword":1,"darkutils:book_galactic":3,"minecraft:furnace":9,"minecraft:blast_furnace":1,"minecraft:piston":1,"mcwfences:spruce_stockade_fence":3,"storagedrawers:controller":2,"minecraft:iron_axe":1,"immersiveengineering:waterwheel_segment":40,"immersiveengineering:wirecutter":1,"tconstruct:seared_table":1,"thermal:constantan_ingot":9,"trashcans:item_trash_can":1,"storagedrawers:spruce_full_drawers_1":1,"exnihilosequentia:hammer_stone":5,"chisel:factory/dots":32,"create:gantry_carriage":2,"sophisticatedbackpacks:iron_backpack":2,"compressium:gravel_1":1,"minecraft:magma_cream":5,"create:granite_cobblestone_stairs":4,"minecraft:bone_block":6,"minecraft:diamond_sword":1,"elevatorid:elevator_white":1,"mob_grinding_utils:saw_upgrade_sharpness":1,"framedcompactdrawers:framed_full_one":10,"immersiveengineering:watermill":6,"integrateddynamics:drying_basin":1,"create:powered_toggle_latch":1,"excompressum:auto_hammer":1,"minecraft:bucket":4,"minecraft:stone_axe":1,"minecraft:music_disc_chirp":1,"minecraft:air":16617,"minecraft:blue_dye":1,"ironfurnaces:copper_furnace":2,"framedblocks:framed_cube":12,"tconstruct:crafting_station":3,"create:linear_chassis":30,"compressium:cobblestone_1":1,"tconstruct:seared_faucet":2,"minecraft:stonecutter":1,"create:mechanical_drill":1,"mob_grinding_utils:jumbo_tank":1,"minecraft:andesite":91,"mob_grinding_utils:saw_upgrade_beheading":2,"rats:rat_cage":16,"cookingforblockheads:sink":1,"thermal:rf_coil":1,"immersiveengineering:craftingtable":1,"create:pulse_repeater":1},"minecraft:broken":{"constructionwand:diamond_wand":1,"mekanismtools:stone_paxel":1,"minecraft:golden_boots":1,"cyclic:shears_flint":1,"minecraft:shears":18,"constructionwand:stone_wand":3,"chisel:diamond_chisel":2,"mekanismtools:iron_paxel":2,"farlanders:mystic_wand_fire_small":1,"create:red_sand_paper":1,"mekanismtools:diamond_paxel":2,"excompressum:compressed_hammer_stone":7,"create:sand_paper":1},"minecraft:custom":{"minecraft:interact_with_crafting_table":25,"minecraft:open_barrel":33,"goblintraders:trade_with_goblin":2,"minecraft:bell_ring":2,"minecraft:eat_cake_slice":25,"minecraft:leave_game":12,"minecraft:time_since_death":177322,"minecraft:deaths":18,"minecraft:jump":28026,"minecraft:interact_with_furnace":349,"minecraft:traded_with_villager":19,"minecraft:sleep_in_bed":41,"minecraft:damage_dealt":8817,"minecraft:horse_one_cm":494,"minecraft:interact_with_smithing_table":19,"minecraft:inspect_hopper":9,"minecraft:sneak_time":192560,"minecraft:interact_with_blast_furnace":87,"minecraft:interact_with_stonecutter":15,"minecraft:time_since_rest":6453,"minecraft:use_wand":2637,"minecraft:swim_one_cm":16640,"minecraft:fly_one_cm":7624884,"minecraft:open_chest":5710,"minecraft:fall_one_cm":341392,"minecraft:sprint_one_cm":5173381,"minecraft:drop":397,"minecraft:talked_to_villager":46,"minecraft:walk_on_water_one_cm":50671,"minecraft:play_one_minute":2526587,"minecraft:crouch_one_cm":608641,"minecraft:mob_kills":60,"minecraft:climb_one_cm":2414,"minecraft:walk_one_cm":4460194,"minecraft:walk_under_water_one_cm":37695,"minecraft:damage_taken":13297},"minecraft:used":{"create:deployer":22,"minecraft:spruce_slab":9,"trashcans:item_trash_can":2,"minecraft:stone":18,"immersiveengineering:reinforced_crate":4,"excompressum:compressed_hammer_stone":917,"chisel:planks/spruce/encased_planks":3307,"minecraft:soul_sand":1,"immersiveengineering:craftingtable":4,"immersiveengineering:treated_wood_horizontal":4,"chisel:cobblestone/twisted":9,"create:mechanical_crafter":13,"create:depot":2,"chisel:stone_bricks/extra/poison":3,"amb:cobblestone_button":2,"immersiveengineering:rs_engineering":1,"cyclic:shears_flint":64,"minecraft:lava_bucket":23,"pamhc2foodextended:holidaycakeitem":8,"immersiveengineering:connector_lv_relay":40,"pamhc2foodextended:cinnamonbreaditem":8,"exnihilosequentia:seed_kelp":4,"ironfurnaces:crystal_furnace":2,"tconstruct:seared_faucet":10,"engineersdecor:treated_wood_ladder":1,"create:andesite_funnel":2,"tconstruct:tinkers_anvil":3,"create:shaft":93,"minecraft:furnace":5,"minecraft:oak_sapling":39,"minecraft:egg":169,"exnihilosequentia:crushed_netherrack":1,"chisel:glowstone/twisted":27,"minecraft:end_stone_bricks":1,"minecraft:spruce_door":2,"metalbarrels:silver_barrel":2,"immersiveengineering:toolbox":4,"compressium:cobblestone_1":1226,"minecraft:blackstone":97,"chisel:planks/spruce/braid":8,"chisel:factory/metalbox":3,"create:adjustable_repeater":2,"minecraft:clay":92,"elevatorid:elevator_white":9,"minecraft:sand":85,"minecraft:blast_furnace":9,"mob_grinding_utils:tank":14,"immersiveengineering:hammer":7,"exnihilosequentia:crucible_wood":4,"mob_grinding_utils:ender_inhibitor_on":1,"mekanismtools:iron_paxel":1481,"darkutils:vector_plate":26,"exnihilosequentia:sieve":54,"create:powered_toggle_latch":7,"minecraft:diamond_sword":85,"minecraft:coal_block":3,"framedcompactdrawers:framed_full_one":151,"farlanders:mystic_wand_teleport":2,"minecraft:smithing_table":3,"exnihilosequentia:seed_cactus":12,"create:granite_cobblestone_slab":1,"excompressum:auto_sieve":16,"minecraft:oak_trapdoor":3,"chunknogobyebye:loader":2,"ironfurnaces:copper_furnace":2,"creategearaddon:oak_cogwheel":46,"create:limestone":3,"framedblocks:framed_slab":6,"chisel:stone_bricks/dent":371,"compressium:netherrack_1":14,"minecraft:torch":530,"minecraft:netherrack":8,"tconstruct:seared_drain":2,"exnihilosequentia:grass_seeds":5,"immersiveengineering:creosote_bucket":1,"cookingforblockheads:counter":1,"cyclic:disenchanter":1,"chisel:planks/spruce/crude_horizontal_planks":16,"excompressum:auto_compressed_hammer":1,"chisel:planks/spruce/encased_large_planks":13,"create:wrench":125,"immersiveengineering:workbench":1,"create:gearbox":20,"minecraft:spruce_button":9,"storagedrawers:controller":4,"minecraft:barrel":12,"farlanders:mystic_wand_fire_small":4,"pamhc2foodextended:carrotjuiceitem":140,"create:gantry_carriage":2,"tconstruct:cast_chest":2,"constructionwand:diamond_wand":238,"compressium:gravel_1":543,"chisel:glowstone/extra/bismuth":1,"create:belt_connector":22,"chisel:andesite/encased_bricks":6,"minecraft:water_bucket":175,"mob_grinding_utils:solid_xp_baby":3,"woot:anvil":2,"framedblocks:framed_slope":1,"exnihilosequentia:seed_large_fern":1,"chisel:factory/goldplate":306,"integrateddynamics:drying_basin":1,"mekanismtools:stone_paxel":401,"pamhc2foodcore:applejuiceitem":4,"compressium:endstone_1":6,"chisel:andesite/weaver":4,"create:encased_fan":4,"minecraft:crafting_table":5,"minecraft:oak_slab":546,"exnihilosequentia:seed_carrot":4,"minecraft:white_bed":8,"cyclic:hopper":16,"exnihilosequentia:barrel_wood":84,"minecraft:spruce_log":229,"minecraft:diamond_pickaxe":148,"tconstruct:part_chest":2,"tconstruct:seared_table":12,"minecraft:spruce_pressure_plate":3,"chisel:planks/spruce/vertical_planks":9,"create:water_wheel":7,"mob_grinding_utils:absorption_hopper":6,"minecraft:spruce_trapdoor":1,"exnihilosequentia:crucible_fired":9,"minecraft:spruce_sapling":257,"exnihilosequentia:seed_sugarcane":2,"pamhc2foodextended:theatreboxitem":14,"minecraft:cobblestone":516,"chisel:factory/wireframe":7,"tconstruct:seared_melter":3,"create:gabbro_cobblestone":3,"minecraft:kelp":49,"immersiveengineering:steel_scaffolding_standard":2,"quark:oak_chest":14,"create:redstone_link":31,"mcwfences:spruce_stockade_fence":6,"mcwfences:spruce_highley_gate":2,"compressium:soulsand_1":2,"pamhc2foodextended:friedfeastitem":7,"minecraft:diamond_hoe":186,"minecraft:oak_sign":3,"create:portable_storage_interface":8,"mekanism:basic_fluid_tank":12,"minecraft:bell":2,"tconstruct:seared_fuel_tank":4,"create:mechanical_bearing":2,"ironfurnaces:silver_furnace":7,"cookingforblockheads:spice_rack":1,"create:cogwheel":3,"minecraft:nether_bricks":1,"engineersdecor:dense_grit_sand_block":3,"minecraft:carrot":1534,"immersiveengineering:connector_lv":19,"immersiveengineering:cokebrick":54,"minecraft:beehive":1,"mekanismtools:diamond_paxel":7180,"minecraft:obsidian":14,"minecraft:glass":98,"immersiveengineering:watermill":12,"pamhc2foodextended:fruitcakeitem":8,"create:millstone":9,"neapolitan:vanilla_fudge":16,"chisel:cobblestone/mosaic":4,"pamhc2foodextended:roastpotatoesitem":8,"thermal:peanut_seeds":1,"minecraft:stone_bricks":8,"exnihilosequentia:barrel_stone":58,"minecraft:repeater":1,"minecraft:redstone_lamp":2,"minecraft:magma_block":2,"pipez:item_pipe":165,"create:mechanical_drill":5,"minecraft:beetroot_seeds":3,"chisel:cobblestone/weaver":1299,"minecraft:skeleton_skull":6,"tconstruct:smeltery_controller":3,"mcwfences:spruce_pyramid_gate":7,"minecraft:oak_planks":248,"minecraft:ender_pearl":2,"minecraft:sandstone":2,"minecraft:redstone_block":2,"minecraft:sugar_cane":6,"create:mechanical_saw":8,"compressium:sand_1":291,"create:flywheel":10,"create:adjustable_pulse_repeater":11,"createaddition:rolling_mill":16,"thermal:flux_magnet":5,"minecraft:stone_brick_wall":18,"tconstruct:seared_bricks_wall":25,"minecraft:end_stone":4,"creategearaddon:large_oak_cogwheel":13,"minecraft:shears":4220,"minecraft:redstone_torch":1,"thermal:flax_seeds":3,"mob_grinding_utils:saw":3,"minecraft:lever":9,"neapolitan:banana_cake":1,"create:super_glue":63,"minecraft:string":1,"minecraft:gravel":14,"minecraft:blackstone_slab":6,"create:andesite_casing":15,"exnihilosequentia:dust":13,"mob_grinding_utils:fluid_xp_bucket":1,"chisel:andesite/french_1":385,"tconstruct:crafting_station":48,"minecraft:andesite":7,"storagedrawers:oak_full_drawers_1":112,"minecraft:oak_fence":370,"immersiveengineering:wirecoil_copper":106,"immersiveengineering:conveyor_basic":5,"create:vertical_gearbox":31,"minecraft:bone_meal":310,"create:large_cogwheel":15,"minecraft:experience_bottle":1344,"chisel:diorite/encased_bricks":6,"cookingforblockheads:sink":21,"framedblocks:framed_fence":1,"pamhc2foodextended:steakfajitaitem":8,"minecraft:netherite_sword":32,"minecraft:flint_and_steel":1,"mob_grinding_utils:jumbo_tank":10,"minecraft:redstone":36,"minecraft:spruce_planks":79,"thermal:device_rock_gen":9,"entangled:item":9,"neapolitan:banana_bread":8,"excompressum:oak_heavy_sieve":19,"minecraft:stone_hoe":1,"architects_palette:chiseled_sunmetal_block":4,"chisel:cobblestone/dent":72,"minecraft:dirt":671,"minecraft:hopper":2,"create:redstone_contact":15,"tconstruct:seared_bricks":55,"createaddition:furnace_burner":2,"create:chute":4,"chisel:cobblestone/french_1":4,"minecraft:stone_brick_slab":83,"connectedglass:tinted_borderless_glass":46,"quark:spruce_chest":283,"chisel:andesite/mosaic":9,"mob_grinding_utils:rotten_egg":1,"exnihilosequentia:seed_potato":8,"minecraft:oak_stairs":8,"cyclic:soundproofing":32,"excompressum:compressed_hammer_diamond":1157,"create:furnace_engine":12,"exnihilosequentia:seed_fern":3,"tconstruct:tinker_station":3,"architects_palette:sunmetal_block":8,"connectedglass:borderless_glass":775,"create:diorite_cobblestone":22,"entangled:block":19,"create:radial_chassis":4,"minecraft:soul_soil":1,"mekanismtools:netherite_paxel":542,"mcwfences:spruce_horse_fence":1275,"immersiveengineering:alloybrick":9,"immersiveengineering:blastbrick":54,"tconstruct:part_builder":5,"create:gantry_shaft":47,"create:gearshift":3,"immersiveengineering:dynamo":4,"pipez:fluid_pipe":37,"minecraft:polished_andesite":1,"immersiveengineering:capacitor_lv":9,"minecraft:spruce_sign":57,"minecraft:stonecutter":3,"mob_grinding_utils:ender_inhibitor_off":1,"connectedglass:clear_glass":478,"create:mechanical_harvester":40,"create:granite_cobblestone":154,"constructionwand:stone_wand":64,"mcwfences:modern_stone_brick_wall":5,"tconstruct:seared_basin":7,"chisel:cobblestone/extra/marker":89,"create:linear_chassis":34,"minecraft:piston":2,"immersiveengineering:heavy_engineering":1,"create:windmill_bearing":1,"chisel:glowstone/extra/tiles_large_bismuth":1,"minecraft:stone_slab":17,"exnihilosequentia:ancient_spores":3,"cookingforblockheads:fruit_basket":1,"ironfurnaces:emerald_furnace":1,"thermal:tomato_seeds":1,"excompressum:auto_hammer":11,"minecraft:bucket":78,"create:hand_crank":13,"storagedrawers:drawer_key":106,"chisel:andesite/road":7,"chisel:factory/rustplates":7,"immersiveengineering:treated_post":23,"tconstruct:seared_glass":51}},"DataVersion":2586}