{"stats":{"minecraft:killed":{"minecraft:zombified_piglin":3,"farlanders:fanmade_enderman":1,"farlanders:enderminion":1,"rats:plague_cloud":3,"rats:rat":1,"supplementaries:firefly":1},"minecraft:killed_by":{"rats:plague_beast":4,"rats:plague_cloud":6},"minecraft:dropped":{"ragnamod_6_sky:diorite_pebble":53,"minecraft:lapis_lazuli":157,"create:granite_cobblestone":11,"ragnamod_6_sky:granite_pebble":51,"create:andesite_cobblestone":301,"creategearaddon:large_oak_cogwheel":1,"minecraft:emerald":15,"forbidden_arcanus:rune":4,"exnihilosequentia:mesh_flint":1,"creategearaddon:oak_cogwheel":5,"exnihilosequentia:mesh_diamond":1,"exnihilosequentia:crucible_fired":1,"minecraft:bone_meal":53,"create:large_cogwheel":2,"create:diorite_cobblestone":16,"iceandfire:amythest_gem":9,"minecraft:gold_ingot":3,"minecraft:gravel":193,"minecraft:sugar_cane":1,"exnihilosequentia:mesh_iron":1,"minecraft:oak_planks":2,"ragnamod_6_sky:piece_silver":9,"ragnamod_6_sky:piece_copper":19,"compressium:clay_1":2,"minecraft:gunpowder":1,"ragnamod_6_sky:cobble_pebble":59,"ragnamod_6_sky:piece_lead":18,"excompressum:compressed_dust":2,"minecraft:water_bucket":1,"excompressum:compressed_hammer_stone":1,"minecraft:iron_ingot":49,"minecraft:cobblestone":75,"compressium:gravel_1":3,"minecraft:coal":1361,"minecraft:stick":1,"quark:clear_shard":13,"tconstruct:crafting_station":2,"ragnamod_6_sky:piece_aluminum":1043,"minecraft:bucket":3,"ragnamod_6_sky:andesite_pebble":1,"minecraft:clay_ball":92,"minecraft:andesite":35,"exnihilosequentia:mesh_string":17},"minecraft:mined":{"minecraft:spruce_planks":62,"minecraft:oak_sapling":1,"minecraft:white_bed":3,"tconstruct:tinker_station":3,"create:andesite_casing":2,"tconstruct:seared_bricks":18,"minecraft:obsidian":10,"minecraft:spruce_trapdoor":1,"minecraft:grass_block":1,"chisel:planks/spruce/crude_horizontal_planks":16,"botanypots:botany_pot":1,"chisel:planks/spruce/encased_large_planks":13,"mob_grinding_utils:absorption_hopper":1,"tconstruct:part_chest":1,"create:belt":8,"minecraft:oak_wall_sign":1,"chisel:cobblestone/dent":27,"framedblocks:framed_slope":3,"rats:block_of_cheese":1,"compressium:gravel_1":188,"minecraft:barrel":2,"compressium:netherrack_1":2,"pipez:fluid_pipe":4,"exnihilosequentia:sieve":36,"tconstruct:seared_bricks_wall":1,"tconstruct:seared_melter":1,"tconstruct:seared_fuel_tank":1,"cyclic:flower_cyan":8,"creategearaddon:oak_cogwheel":33,"supplementaries:stick":6,"mcwfences:modern_stone_brick_wall":5,"minecraft:spruce_slab":9,"create:limestone":3,"cyclic:hopper":11,"tconstruct:part_builder":4,"minecraft:blackstone":93,"chisel:glowstone/extra/bismuth":1,"minecraft:kelp_plant":3,"storagedrawers:controller":1,"tconstruct:tinkers_anvil":2,"chisel:planks/spruce/encased_planks":80,"framedblocks:framed_corner_slope":4,"endergetic:poise_beehive":2,"minecraft:clay":25,"ironfurnaces:copper_furnace":2,"minecraft:torch":54,"minecraft:poppy":9,"mcwfences:spruce_highley_gate":1,"mob_grinding_utils:tank":3,"minecraft:glass":44,"minecraft:cobblestone":26,"excompressum:oak_heavy_sieve":11,"create:gabbro_cobblestone":23,"minecraft:oak_planks":96,"minecraft:sugar_cane":36,"minecraft:wall_torch":1,"minecraft:cauldron":1,"create:basin":1,"chisel:planks/spruce/braid":8,"compressium:sand_1":102,"tconstruct:seared_faucet":2,"storagedrawers:oak_full_drawers_1":93,"minecraft:grass":112,"exnihilosequentia:crucible_wood":5,"minecraft:oak_log":461,"chisel:cobblestone/mosaic":4,"create:hand_crank":4,"minecraft:dirt":14,"minecraft:sand":11,"tconstruct:crafting_station":12,"creategearaddon:large_oak_cogwheel":8,"minecraft:netherrack":8,"minecraft:oak_leaves":118,"framedblocks:framed_slab":6,"create:millstone":6,"framedcompactdrawers:framed_full_one":3,"chisel:andesite/mosaic":10,"engineersdecor:dense_grit_sand_block":3,"minecraft:end_stone":4,"quark:cobbled_deepslate":31,"create:granite_cobblestone_slab":1,"create:large_cogwheel":7,"minecraft:redstone_wire":1,"minecraft:spruce_leaves":1266,"exnihilosequentia:barrel_stone":32,"chisel:andesite/french_1":32,"createaddition:rolling_mill":11,"create:shaft":35,"minecraft:furnace":3,"minecraft:andesite":7,"mcwfences:spruce_stockade_fence":6,"mekanism:basic_fluid_tank":1,"chisel:cobblestone/french_1":4,"exnihilosequentia:crucible_fired":3,"tconstruct:seared_glass":5,"chisel:planks/spruce/vertical_planks":9,"minecraft:smithing_table":1,"minecraft:oak_slab":285,"ironfurnaces:silver_furnace":5,"architects_palette:sunmetal_block":5,"quark:oak_chest":13,"chisel:andesite/road":7,"minecraft:stone_brick_slab":6,"minecraft:dandelion":2,"minecraft:basalt":12,"chisel:andesite/encased_bricks":6,"pipez:item_pipe":2,"exnihilosequentia:dust":12,"chisel:glowstone/twisted":1,"minecraft:oak_fence":238,"chisel:cobblestone/twisted":8,"minecraft:crafting_table":2,"create:granite_cobblestone":222,"minecraft:blackstone_slab":6,"chisel:diorite/encased_bricks":6,"tconstruct:seared_basin":1,"chisel:cobblestone/extra/marker":9,"create:water_wheel":4,"minecraft:stone_slab":17,"minecraft:tall_grass":52,"chisel:cobblestone/weaver":52,"minecraft:cactus":1,"tconstruct:smeltery_controller":2,"cookingforblockheads:sink":4,"create:gearbox":12,"minecraft:beehive":4,"mcwfences:spruce_horse_fence":12,"compressium:cobblestone_1":557,"chisel:andesite/weaver":4,"minecraft:spruce_log":1373,"decorative_blocks:oak_palisade":6,"minecraft:grass_path":1,"create:mechanical_drill":4,"minecraft:mycelium":9,"exnihilosequentia:barrel_wood":77,"create:diorite_cobblestone":8,"quark:spruce_chest":37,"minecraft:gravel":13},"minecraft:picked_up":{"engineersdecor:dense_grit_sand_block":3,"minecraft:wheat":2,"ragnamod_6_sky:piece_soulium":11,"chisel:cobblestone/mosaic":4,"minecraft:smithing_table":1,"minecraft:stone_slab":22,"ragnamod_6_sky:blackstone_pebble":1248,"pamhc2foodextended:cinnamonbreaditem":8,"chisel:andesite/road":7,"create:limestone_cobblestone":2,"minecraft:golden_sword":1,"chisel:planks/spruce/crude_horizontal_planks":16,"tconstruct:smeltery_controller":2,"minecraft:string":489,"thermal:barley_seeds":1,"endergetic:poise_beehive":3,"minecraft:beetroot":9,"create:water_wheel":4,"minecraft:oak_sign":1,"thermal:sulfur":12,"thermal:iron_plate":2,"mysticalagriculture:inferium_essence":1,"minecraft:gold_nugget":1,"exnihilosequentia:seed_fern":2,"minecraft:bucket":3,"minecraft:spruce_planks":15,"excompressum:compressed_hammer_stone":1,"neapolitan:banana_bread":8,"ragnamod_6_sky:cobble_pebble":1071,"chisel:planks/spruce/braid":8,"thermal:spinach_seeds":2,"exnihilosequentia:seed_bamboo":2,"minecraft:furnace":3,"exnihilosequentia:hammer_stone":2,"ragnamod_6_sky:granite_pebble":1085,"exnihilosequentia:sieve":38,"minecraft:stick":125,"minecraft:beehive":5,"ragnamod_6_sky:diorite_pebble":1280,"pamhc2foodextended:theatreboxitem":15,"neapolitan:vanilla_fudge":16,"chisel:planks/spruce/encased_large_planks":13,"ragnamod_6_sky:piece_zinc":1150,"minecraft:oak_fence":221,"minecraft:torch":99,"create:andesite_casing":6,"chisel:cobblestone/dent":31,"chisel:planks/spruce/encased_planks":60,"minecraft:dried_kelp":1,"compressium:gravel_1":1,"tconstruct:seared_faucet":2,"thermal:flax_seeds":4,"exnihilosequentia:crucible_fired":5,"minecraft:cauldron":1,"exnihilosequentia:barrel_stone":33,"thermal:apatite":396,"ragnamod_6_sky:andesite_pebble":1235,"create:large_cogwheel":11,"minecraft:cactus":1,"quark:clear_shard":146,"minecraft:rotten_flesh":1,"pamhc2foodextended:poutineitem":1,"ragnamod_6_sky:piece_iron":1170,"exnihilosequentia:crushed_netherrack":26,"mekanism:basic_fluid_tank":1,"ragnamod_6_sky:piece_copper":803,"cyclic:hopper":12,"minecraft:obsidian":14,"create:andesite_cobblestone":375,"neapolitan:chocolate_cake":1,"minecraft:blaze_powder":6,"minecraft:cobblestone":1732,"exnihilosequentia:seed_acacia":2,"tconstruct:seared_bricks":17,"cyclic:shears_flint":1,"gildedingot:shroom_fruit":15,"chisel:andesite/french_1":21,"minecraft:andesite":37,"create:belt_connector":8,"minecraft:flint":7,"storagedrawers:drawer_key":2,"supplementaries:flax_seeds":4,"create:gabbro_cobblestone":43,"exnihilosequentia:porcelain_clay":15,"ragnamod_6_sky:piece_gold":22,"minecraft:dirt":65,"minecraft:lapis_lazuli":2612,"brazier:warped_nether_wart":16,"chisel:planks/spruce/vertical_planks":9,"exnihilosequentia:seed_spruce":3,"exnihilosequentia:seed_oak":3,"cyclic:flower_cyan":8,"neapolitan:adzuki_bun":6,"minecraft:twisting_vines":10,"chisel:cobblestone/twisted":8,"thermal:sapphire":64,"framedblocks:framed_slope":1,"pipez:fluid_pipe":4,"minecraft:wheat_seeds":33,"ftbquests:book":1,"create:mechanical_drill":4,"architects_palette:sunmetal_block":6,"minecraft:bell":2,"exnihilosequentia:grass_seeds":2,"forbidden_arcanus:rune":634,"create:shaft":67,"minecraft:glowstone_dust":202,"minecraft:oak_planks":109,"minecraft:ghast_tear":6,"exnihilosequentia:mesh_string":43,"exnihilosequentia:seed_jungle":1,"patchouli:guide_book":5,"exnihilosequentia:crucible_wood":6,"create:granite_cobblestone_slab":1,"exnihilosequentia:mesh_iron":13,"minecraft:sand":1709,"thermal:gold_plate":3,"tconstruct:seared_bricks_wall":1,"eidolon:codex":1,"excompressum:compressed_dust":1,"astralsorcery:tome":1,"exnihilosequentia:silkworm":188,"minecraft:barrel":1,"chisel:andesite/encased_bricks":6,"decorative_blocks:oak_palisade":12,"quark:cobbled_deepslate":14,"exnihilosequentia:seed_large_fern":2,"architects_palette:sunmetal_pillar":4,"minecraft:clay":98,"tconstruct:seared_basin":1,"ragnamod_6_sky:piece_silver":1488,"minecraft:diamond":149,"exnihilosequentia:seed_cactus":2,"thermal:eggplant_seeds":2,"minecraft:bone_meal":176,"mahoutsukai:guidebook":1,"minecraft:emerald":821,"minecraft:oak_sapling":90,"minecraft:netherrack":37,"minecraft:oak_leaves":150,"minecraft:crimson_roots":7,"minecraft:spruce_leaves":656,"exnihilosequentia:crook_stone":1,"minecraft:charcoal":106,"minecraft:crafting_table":5,"tconstruct:crafting_station":10,"minecraft:clay_ball":178,"minecraft:nether_wart":5,"exnihilosequentia:mesh_flint":27,"mob_grinding_utils:absorption_hopper":1,"thermal:cinnabar":318,"tconstruct:tinkers_anvil":2,"compressium:dirt_1":1,"createaddition:rolling_mill":12,"mcwfences:spruce_horse_fence":11,"ragnamod_6_sky:piece_cobalt":8,"immersiveengineering:manual":1,"exnihilosequentia:seed_carrot":3,"ragnamod_6_sky:deepslate_pebble":1200,"exnihilosequentia:seed_birch":1,"ragnamod_6_sky:chunk_iron":18,"exnihilosequentia:dust":1227,"minecraft:netherite_scrap":2,"ragnamod_6_sky:basalt_pebble":1195,"tconstruct:seared_glass":5,"minecraft:blackstone":115,"iceandfire:amythest_gem":784,"quark:spruce_chest":54,"mcwfences:spruce_stockade_fence":6,"thermal:niter":7,"create:basin":1,"minecraft:poppy":9,"minecraft:spruce_slab":9,"minecraft:sugar_cane":64,"minecraft:birch_sapling":8,"creategearaddon:oak_cogwheel":47,"minecraft:spruce_trapdoor":1,"mcwfences:modern_stone_brick_wall":5,"ragnamod_6_sky:piece_tin":145,"minecraft:end_stone":4,"framedblocks:framed_corner_slope":4,"architects_palette:flint_block":5,"pipez:item_pipe":2,"exnihilosequentia:seed_potato":1,"exnihilosequentia:seed_kelp":1,"chisel:cobblestone/french_1":4,"create:hand_crank":11,"minecraft:redstone":184,"chisel:andesite/mosaic":10,"ragnamod_6_sky:gabbro_pebble":1295,"exnihilosequentia:barrel_wood":79,"create:vertical_gearbox":6,"rats:block_of_cheese":1,"thermal:peanut_seeds":3,"rftoolsbase:manual":1,"minecraft:weeping_vines":6,"tconstruct:grout":260,"ragnamod_6_sky:piece_ender":2,"minecraft:beetroot_seeds":19,"tconstruct:tinker_station":3,"excompressum:oak_heavy_sieve":11,"ironfurnaces:silver_furnace":4,"ragnamod_6_sky:piece_osmium":911,"storagedrawers:controller":1,"tconstruct:part_chest":1,"ragnamod_6_sky:piece_aluminum":3460,"minecraft:basalt":18,"creategearaddon:large_oak_cogwheel":11,"tconstruct:part_builder":4,"storagedrawers:upgrade_template":3,"minecraft:blackstone_slab":5,"tconstruct:seared_fuel_tank":1,"minecraft:crimson_fungus":6,"mob_grinding_utils:tank":3,"minecraft:oak_log":664,"create:andesite_alloy":186,"minecraft:gunpowder":405,"astralsorcery:aquamarine":128,"framedblocks:framed_slab":6,"chisel:cobblestone/weaver":34,"chisel:diorite/encased_bricks":6,"pamhc2foodextended:friedfeastitem":7,"tconstruct:seared_brick":132,"ragnamod_6_sky:piece_platinum":4,"minecraft:apple":19,"chisel:andesite/weaver":4,"mcwfences:spruce_highley_gate":1,"minecraft:kelp":30,"rats:rat_flute":1,"thermal:tomato_seeds":1,"minecraft:iron_ingot":86,"ironfurnaces:augment_speed":3,"minecraft:cobweb":64,"exnihilosequentia:seed_berry":5,"storagedrawers:oak_full_drawers_1":93,"minecraft:soul_sand":6,"minecraft:acacia_sapling":4,"rats:chef_toque":1,"minecraft:oak_slab":241,"powah:uraninite":110,"minecraft:warped_fungus":4,"create:diorite_cobblestone":48,"thermal:copper_ingot":1,"minecraft:stone_brick_slab":6,"thermal:green_bean_seeds":1,"minecraft:dandelion":2,"create:granite_cobblestone":53,"minecraft:quartz":14,"minecraft:gravel":5030,"exnihilosequentia:crushed_end_stone":4,"ragnamod_6_sky:piece_amber":3,"minecraft:spruce_sapling":127,"minecraft:white_bed":3,"compressium:clay_1":1,"minecraft:spruce_log":1434,"quark:oak_chest":14,"create:gearbox":7,"thermal:rice_seeds":3,"create:millstone":7,"minecraft:pumpkin_seeds":13,"cookingforblockheads:sink":4,"ragnamod_6_sky:piece_uranium":85,"immersiveengineering:seed":15,"exnihilosequentia:mesh_diamond":19,"framedcompactdrawers:framed_full_one":3,"ragnamod_6_sky:piece_nickel":78,"ironfurnaces:copper_furnace":2,"compressium:cobblestone_1":4,"ragnamod_6_sky:piece_lead":781,"mekanism:fluorite_gem":7,"tconstruct:seared_melter":1,"minecraft:warped_roots":13,"tconstruct:pattern":78,"thermal:ruby":56,"minecraft:melon_seeds":8,"ragnamod_6_sky:piece_emeraldite":10,"minecraft:coal":4017,"rats:cauldron_milk":1,"ragnamod_6_sky:piece_tungsten":7,"minecraft:ender_pearl":5},"minecraft:crafted":{"minecraft:brick":0,"exnihilosequentia:mesh_iron":5,"mekanismtools:diamond_paxel":1,"minecraft:oak_planks":56,"mekanismtools:iron_paxel":1,"minecraft:barrel":1,"createaddition:rolling_mill":1,"pipez:item_pipe":16,"create:andesite_casing":16,"ironfurnaces:iron_furnace":2,"minecraft:stone":9,"mob_grinding_utils:tank":1,"minecraft:nether_brick":0,"pipez:fluid_pipe":16,"minecraft:granite":0,"tconstruct:seared_melter":1,"minecraft:hopper":1,"minecraft:glass":31,"minecraft:comparator":2,"tconstruct:seared_brick":0,"tconstruct:seared_fuel_tank":1,"mob_grinding_utils:absorption_hopper":1,"chisel:diamond_chisel":1,"exnihilosequentia:barrel_wood":3,"exnihilosequentia:mesh_flint":1,"minecraft:dropper":2,"minecraft:crafting_table":1,"minecraft:spruce_planks":8,"storagedrawers:oak_full_drawers_1":1,"mcwfences:modern_stone_brick_wall":6,"mekanismtools:stone_paxel":1,"minecraft:diorite":0,"ironfurnaces:augment_speed":1,"create:gabbro":0,"rats:assorted_vegetables":1,"minecraft:paper":3,"minecraft:charcoal":53,"create:water_wheel":2,"ragnamod_6_sky:chunk_iron":2,"constructionwand:stone_wand":1,"minecraft:stick":28,"minecraft:stone_slab":6,"quark:oak_chest":4,"minecraft:iron_ingot":28,"minecraft:iron_pickaxe":2,"exnihilosequentia:mesh_diamond":7,"excompressum:oak_heavy_sieve":3,"minecraft:gold_ingot":0,"storagedrawers:drawer_key":1,"minecraft:redstone_torch":6,"tconstruct:seared_fuel_gauge":1,"storagedrawers:upgrade_template":4,"tconstruct:pattern":3,"minecraft:stone_shovel":1,"tconstruct:part_builder":1,"create:wrench":1,"exnihilosequentia:crucible_fired":1,"minecraft:iron_nugget":9,"thermal:copper_ingot":17,"tconstruct:seared_basin":1,"storagedrawers:emerald_storage_upgrade":1,"mcwfences:spruce_stockade_fence":3,"tconstruct:tinker_station":1,"minecraft:basalt":1,"minecraft:terracotta":0,"storagedrawers:controller":1,"thermal:silver_ingot":8,"minecraft:iron_axe":1,"immersiveengineering:wirecutter":1,"tconstruct:seared_table":1,"minecraft:stone_pickaxe":1,"quark:spruce_chest":4,"exnihilosequentia:hammer_stone":5,"exnihilosequentia:sieve":21,"compressium:gravel_1":1,"constructionwand:diamond_wand":1,"create:granite_cobblestone_stairs":4,"excompressum:compressed_hammer_stone":1,"tconstruct:part_chest":1,"minecraft:dried_kelp":0,"minecraft:bucket":4,"minecraft:stone_axe":1,"minecraft:air":5613,"ironfurnaces:copper_furnace":1,"tconstruct:seared_heater":1,"mcwfences:spruce_horse_fence":3,"framedblocks:framed_cube":8,"minecraft:cobblestone":9,"tconstruct:crafting_station":2,"minecraft:flint":6,"compressium:cobblestone_1":1,"tconstruct:seared_faucet":2,"create:mechanical_drill":1,"minecraft:andesite":91,"pipez:basic_upgrade":1},"minecraft:broken":{"mekanismtools:stone_paxel":1,"cyclic:shears_flint":1,"minecraft:shears":2,"constructionwand:stone_wand":3,"mekanismtools:iron_paxel":2,"excompressum:compressed_hammer_stone":6},"minecraft:custom":{"minecraft:interact_with_crafting_table":22,"minecraft:open_barrel":4,"minecraft:eat_cake_slice":21,"minecraft:leave_game":4,"minecraft:time_since_death":80332,"minecraft:sprint_one_cm":1084045,"minecraft:drop":155,"minecraft:talked_to_villager":7,"minecraft:deaths":13,"minecraft:jump":6963,"minecraft:walk_on_water_one_cm":17185,"minecraft:interact_with_furnace":255,"minecraft:play_one_minute":768740,"minecraft:sleep_in_bed":19,"minecraft:damage_dealt":1882,"minecraft:crouch_one_cm":208318,"minecraft:interact_with_smithing_table":1,"minecraft:mob_kills":9,"minecraft:climb_one_cm":2207,"minecraft:walk_one_cm":1422365,"minecraft:sneak_time":73566,"minecraft:walk_under_water_one_cm":7648,"minecraft:time_since_rest":2764,"minecraft:damage_taken":4470,"minecraft:use_wand":1220,"minecraft:swim_one_cm":5554,"minecraft:fly_one_cm":1696130,"minecraft:open_chest":1692,"minecraft:fall_one_cm":93613},"minecraft:used":{"mcwfences:spruce_highley_gate":2,"pamhc2foodextended:friedfeastitem":7,"minecraft:spruce_slab":9,"minecraft:oak_sign":3,"mekanism:basic_fluid_tank":1,"excompressum:compressed_hammer_stone":882,"tconstruct:seared_fuel_tank":2,"ironfurnaces:silver_furnace":7,"chisel:planks/spruce/encased_planks":567,"chisel:cobblestone/twisted":8,"engineersdecor:dense_grit_sand_block":3,"mekanismtools:diamond_paxel":815,"minecraft:beehive":1,"minecraft:glass":82,"cyclic:shears_flint":64,"minecraft:lava_bucket":14,"pamhc2foodextended:holidaycakeitem":8,"pamhc2foodextended:fruitcakeitem":8,"exnihilosequentia:seed_kelp":1,"tconstruct:seared_faucet":4,"create:millstone":7,"chisel:cobblestone/mosaic":4,"pamhc2foodextended:roastpotatoesitem":5,"tconstruct:tinkers_anvil":3,"exnihilosequentia:barrel_stone":32,"create:shaft":44,"pipez:item_pipe":15,"minecraft:oak_sapling":30,"minecraft:furnace":4,"create:mechanical_drill":5,"minecraft:beetroot_seeds":1,"chisel:cobblestone/weaver":302,"tconstruct:smeltery_controller":3,"chisel:glowstone/twisted":4,"minecraft:oak_planks":228,"immersiveengineering:toolbox":1,"compressium:cobblestone_1":558,"minecraft:blackstone":94,"chisel:planks/spruce/braid":8,"minecraft:clay":25,"minecraft:sugar_cane":2,"compressium:sand_1":102,"minecraft:sand":12,"createaddition:rolling_mill":11,"tconstruct:seared_bricks_wall":25,"minecraft:end_stone":4,"minecraft:shears":711,"creategearaddon:large_oak_cogwheel":8,"mob_grinding_utils:tank":5,"minecraft:lever":2,"neapolitan:banana_cake":1,"exnihilosequentia:crucible_wood":4,"mekanismtools:iron_paxel":1481,"create:andesite_casing":1,"minecraft:gravel":13,"exnihilosequentia:dust":12,"exnihilosequentia:sieve":54,"minecraft:blackstone_slab":6,"minecraft:diamond_sword":15,"framedcompactdrawers:framed_full_one":48,"chisel:andesite/french_1":188,"minecraft:smithing_table":2,"tconstruct:crafting_station":22,"minecraft:andesite":7,"minecraft:bone_meal":73,"exnihilosequentia:seed_cactus":1,"create:vertical_gearbox":6,"storagedrawers:oak_full_drawers_1":101,"minecraft:oak_fence":368,"create:granite_cobblestone_slab":1,"create:large_cogwheel":12,"chisel:diorite/encased_bricks":6,"cookingforblockheads:sink":5,"pamhc2foodextended:steakfajitaitem":8,"creategearaddon:oak_cogwheel":39,"ironfurnaces:copper_furnace":2,"create:limestone":3,"framedblocks:framed_slab":6,"minecraft:redstone":1,"minecraft:spruce_planks":62,"neapolitan:banana_bread":8,"excompressum:oak_heavy_sieve":13,"minecraft:stone_hoe":1,"compressium:netherrack_1":2,"minecraft:netherrack":8,"tconstruct:seared_drain":2,"minecraft:torch":193,"minecraft:dirt":62,"chisel:cobblestone/dent":71,"exnihilosequentia:grass_seeds":2,"tconstruct:seared_bricks":53,"chisel:planks/spruce/crude_horizontal_planks":16,"chisel:cobblestone/french_1":4,"minecraft:stone_brick_slab":9,"chisel:planks/spruce/encased_large_planks":13,"chisel:andesite/mosaic":9,"quark:spruce_chest":99,"create:gearbox":7,"minecraft:oak_stairs":8,"storagedrawers:controller":2,"tconstruct:tinker_station":3,"architects_palette:sunmetal_block":1,"create:diorite_cobblestone":22,"minecraft:barrel":2,"constructionwand:diamond_wand":105,"compressium:gravel_1":188,"mcwfences:spruce_horse_fence":212,"chisel:glowstone/extra/bismuth":1,"tconstruct:part_builder":5,"create:belt_connector":17,"pipez:fluid_pipe":12,"chisel:andesite/encased_bricks":6,"minecraft:water_bucket":43,"mob_grinding_utils:solid_xp_baby":1,"mekanismtools:stone_paxel":401,"chisel:andesite/weaver":4,"minecraft:crafting_table":2,"minecraft:oak_slab":516,"create:granite_cobblestone":154,"constructionwand:stone_wand":64,"mcwfences:modern_stone_brick_wall":5,"minecraft:white_bed":3,"tconstruct:seared_basin":2,"cyclic:hopper":16,"exnihilosequentia:barrel_wood":79,"minecraft:spruce_log":36,"chisel:cobblestone/extra/marker":9,"minecraft:diamond_pickaxe":148,"tconstruct:part_chest":2,"tconstruct:seared_table":1,"minecraft:spruce_trapdoor":1,"mob_grinding_utils:absorption_hopper":2,"chisel:planks/spruce/vertical_planks":9,"minecraft:stone_slab":16,"create:water_wheel":5,"exnihilosequentia:crucible_fired":8,"minecraft:spruce_sapling":64,"exnihilosequentia:ancient_spores":2,"exnihilosequentia:seed_sugarcane":2,"tconstruct:seared_melter":1,"minecraft:cobblestone":308,"create:gabbro_cobblestone":3,"minecraft:bucket":28,"quark:oak_chest":14,"create:hand_crank":13,"mcwfences:spruce_stockade_fence":6,"storagedrawers:drawer_key":67,"chisel:andesite/road":7,"tconstruct:seared_glass":47}},"DataVersion":2586}