{"stats":{"minecraft:killed":{"rats:rat":2},"minecraft:killed_by":{"rats:plague_cloud":4,"minecraft:phantom":1,"rats:plague_beast":1},"minecraft:mined":{"create:millstone":12,"chisel:futura/controller_purple":2,"framedcompactdrawers:framed_full_one":11,"create:andesite_casing":2,"create:large_cogwheel":19,"create:encased_fan":11,"botanypots:botany_pot":2,"minecraft:composter":2,"minecraft:kelp":9,"immersiveengineering:toolbox_block":2,"rats:block_of_cheese":1,"excompressum:auto_hammer":1,"create:shaft":6,"minecraft:spruce_sapling":1,"minecraft:andesite":1,"exnihilosequentia:sieve":5,"mcwfences:oak_picket_fence":24,"create:windmill_bearing":3,"minecraft:bell":1,"creategearaddon:oak_cogwheel":38,"minecraft:white_wool":25,"create:mechanical_press":22,"cyclic:hopper":3,"minecraft:oak_slab":58,"minecraft:blackstone":95,"create:piston_extension_pole":3,"quark:oak_chest":2,"supplementaries:book_pile":3,"eidolon:wooden_altar":2,"chisel:cobblestone/twisted":6,"minecraft:oak_fence":39,"create:mechanical_piston":2,"minecraft:clay":3,"minecraft:torch":9,"chisel:planks/oak/encased_smooth":8,"create:water_wheel":11,"minecraft:cobblestone":286,"excompressum:oak_heavy_sieve":2,"mcwbridges:oak_log_bridge_middle":1,"minecraft:sugar_cane":24,"create:basin":4,"storagedrawers:oak_full_drawers_1":8,"minecraft:spruce_log":118,"decorative_blocks:oak_palisade":6,"create:diorite_cobblestone":15,"exnihilosequentia:barrel_wood":1,"minecraft:oak_log":393,"minecraft:sand":29,"quark:spruce_chest":2,"create:hand_crank":7,"tconstruct:crafting_station":2,"minecraft:gravel":61,"minecraft:dirt":1,"minecraft:terracotta":3,"creategearaddon:large_oak_cogwheel":10,"minecraft:oak_leaves":129},"minecraft:dropped":{"minecraft:iron_ingot":16,"minecraft:clay":1,"minecraft:oak_log":64,"create:granite_cobblestone":9,"pamhc2foodextended:poutineitem":1,"create:andesite_cobblestone":120,"creategearaddon:large_oak_cogwheel":1,"rats:block_of_cheese":2,"creategearaddon:oak_cogwheel":4,"ragnamod_6_sky:piece_zinc":23,"minecraft:bone_meal":3,"minecraft:sand":1,"create:large_cogwheel":2,"create:limestone_cobblestone":1,"create:diorite_cobblestone":32,"minecraft:bucket":1,"quark:oak_chest":2,"minecraft:cauldron":1,"rats:rat_flute":1,"minecraft:gravel":36,"exnihilosequentia:hammer_stone":1,"minecraft:sugar_cane":1,"minecraft:glowstone_dust":3,"compressium:clay_1":1,"supplementaries:flax_seeds":4,"rats:chef_toque":1,"minecraft:gunpowder":4,"exnihilosequentia:crucible_wood":1,"thermal:cinnabar":1,"minecraft:andesite":8,"neapolitan:banana_bread":8,"minecraft:oak_sapling":5,"cyclic:shears_flint":1,"create:wheat_flour":8,"minecraft:oak_leaves":8},"minecraft:picked_up":{"exnihilosequentia:seed_pink_coral":2,"minecraft:seagrass":6,"tconstruct:crafting_station":3,"minecraft:wheat":10,"minecraft:clay_ball":12,"create:mechanical_piston":2,"exnihilosequentia:mesh_flint":1,"thermal:cinnabar":9,"ragnamod_6_sky:blackstone_pebble":57,"minecraft:enchanted_book":3,"create:limestone_cobblestone":1,"exnihilosequentia:seed_carrot":2,"ragnamod_6_sky:deepslate_pebble":47,"exnihilosequentia:seed_birch":3,"exnihilosequentia:dust":29,"ragnamod_6_sky:basalt_pebble":73,"create:piston_extension_pole":3,"minecraft:blackstone":95,"iceandfire:amythest_gem":94,"create:water_wheel":11,"thermal:iron_plate":4,"mcwbridges:oak_log_bridge_middle":1,"quark:spruce_chest":2,"create:mechanical_press":24,"exnihilosequentia:seed_fern":3,"minecraft:bucket":1,"chisel:planks/oak/encased_smooth":4,"exnihilosequentia:seed_yellow_coral":4,"create:basin":4,"ragnamod_6_sky:cobble_pebble":69,"minecraft:sugar_cane":50,"creategearaddon:oak_cogwheel":41,"ragnamod_6_sky:granite_pebble":49,"exnihilosequentia:sieve":5,"ragnamod_6_sky:piece_tin":12,"minecraft:stick":47,"ragnamod_6_sky:diorite_pebble":62,"exnihilosequentia:seed_bamboo":1,"minecraft:composter":2,"ragnamod_6_sky:piece_zinc":315,"minecraft:oak_fence":39,"minecraft:torch":17,"create:andesite_casing":2,"exnihilosequentia:seed_potato":4,"exnihilosequentia:seed_kelp":1,"create:windmill_bearing":3,"eidolon:wooden_altar":2,"create:hand_crank":12,"minecraft:redstone":11,"ragnamod_6_sky:gabbro_pebble":56,"exnihilosequentia:barrel_wood":1,"minecraft:cauldron":1,"rats:block_of_cheese":3,"thermal:apatite":11,"ragnamod_6_sky:andesite_pebble":52,"create:large_cogwheel":20,"chisel:futura/controller_purple":2,"minecraft:rotten_flesh":3,"minecraft:beetroot_seeds":18,"ragnamod_6_sky:piece_iron":281,"excompressum:oak_heavy_sieve":2,"ragnamod_6_sky:piece_osmium":156,"ragnamod_6_sky:piece_copper":227,"cyclic:hopper":3,"create:andesite_cobblestone":58,"minecraft:white_wool":25,"minecraft:cobblestone":151,"exnihilosequentia:ancient_spores":1,"exnihilosequentia:seed_acacia":1,"ragnamod_6_sky:piece_aluminum":299,"exnihilosequentia:seed_sugarcane":3,"immersiveengineering:toolbox":2,"creategearaddon:large_oak_cogwheel":11,"minecraft:water_bucket":1,"minecraft:andesite":42,"mcwfences:oak_picket_fence":23,"minecraft:oak_log":259,"supplementaries:flax_seeds":1,"rats:rat_pelt":1,"astralsorcery:aquamarine":9,"rats:raw_rat":2,"minecraft:gunpowder":19,"exnihilosequentia:seed_pickle":3,"minecraft:lapis_lazuli":307,"minecraft:dirt":3,"exnihilosequentia:seed_spruce":3,"exnihilosequentia:seed_oak":1,"chisel:cobblestone/twisted":4,"thermal:sapphire":2,"minecraft:apple":6,"minecraft:kelp":9,"minecraft:wheat_seeds":37,"minecraft:bell":1,"minecraft:iron_ingot":11,"exnihilosequentia:grass_seeds":2,"forbidden_arcanus:rune":118,"create:shaft":7,"minecraft:glowstone_dust":14,"exnihilosequentia:seed_berry":3,"storagedrawers:oak_full_drawers_1":8,"exnihilosequentia:seed_blue_coral":2,"powah:uraninite":6,"exnihilosequentia:mesh_string":2,"minecraft:oak_slab":29,"exnihilosequentia:seed_jungle":5,"create:diorite_cobblestone":50,"exnihilosequentia:seed_darkoak":3,"create:granite_cobblestone":9,"minecraft:gravel":288,"exnihilosequentia:mesh_iron":10,"framedcompactdrawers:framed_full_one":11,"minecraft:sand":62,"minecraft:spruce_sapling":13,"compressium:clay_1":2,"minecraft:spruce_log":122,"excompressum:compressed_dust":1,"quark:oak_chest":3,"exnihilosequentia:silkworm":50,"create:wheat_flour":8,"decorative_blocks:oak_palisade":6,"create:millstone":11,"minecraft:pumpkin_seeds":18,"ragnamod_6_sky:piece_uranium":8,"exnihilosequentia:seed_large_fern":4,"exnihilosequentia:mesh_diamond":4,"minecraft:clay":1,"ragnamod_6_sky:piece_silver":211,"minecraft:diamond":44,"ragnamod_6_sky:piece_nickel":8,"exnihilosequentia:seed_cactus":5,"create:encased_fan":11,"botanypots:botany_pot":2,"ragnamod_6_sky:piece_lead":214,"minecraft:bone_meal":11,"minecraft:emerald":103,"minecraft:terracotta":3,"thermal:ruby":3,"minecraft:oak_sapling":45,"exnihilosequentia:seed_red_coral":4,"minecraft:melon_seeds":17,"excompressum:auto_hammer":1,"minecraft:coal":304,"minecraft:oak_leaves":8},"minecraft:crafted":{"minecraft:brick":12,"astralsorcery:aquamarine":32,"minecraft:oak_planks":4,"immersiveengineering:hammer":1,"create:radial_chassis":3,"minecraft:terracotta":15,"rats:plague_tome":1,"immersiveengineering:wirecutter":1,"create:millstone":1,"create:andesite_cobblestone":6,"minecraft:flower_pot":1,"create:hand_crank":1,"minecraft:crafting_table":1,"minecraft:air":565,"rats:cooked_rat":2,"minecraft:white_wool":8,"create:secondary_linear_chassis":1,"minecraft:iron_ingot":33,"create:linear_chassis":3,"minecraft:iron_block":1,"minecraft:gold_ingot":3,"minecraft:andesite":4},"minecraft:broken":{"exnihilosequentia:hammer_stone":2},"minecraft:custom":{"minecraft:mob_kills":4,"minecraft:interact_with_crafting_table":8,"minecraft:open_barrel":1,"minecraft:bell_ring":20,"minecraft:eat_cake_slice":3,"minecraft:leave_game":4,"minecraft:time_since_death":73102,"minecraft:sprint_one_cm":226543,"minecraft:walk_one_cm":844170,"minecraft:drop":77,"minecraft:talked_to_villager":3,"minecraft:deaths":6,"minecraft:sneak_time":28025,"minecraft:walk_under_water_one_cm":8254,"minecraft:jump":1075,"minecraft:walk_on_water_one_cm":23317,"minecraft:interact_with_furnace":59,"minecraft:traded_with_villager":1,"minecraft:play_one_minute":713571,"minecraft:sleep_in_bed":7,"minecraft:time_since_rest":34038,"minecraft:damage_taken":1988,"minecraft:damage_dealt":946,"minecraft:fly_one_cm":116572,"minecraft:open_chest":925,"minecraft:crouch_one_cm":86831,"minecraft:fall_one_cm":5909},"minecraft:used":{"minecraft:oak_fence":6,"storagedrawers:oak_full_drawers_1":8,"mcwfences:oak_picket_fence":59,"creategearaddon:oak_cogwheel":46,"exnihilosequentia:hammer_stone":563,"create:piston_extension_pole":3,"botanypots:botany_pot":5,"excompressum:oak_heavy_sieve":4,"minecraft:bell":1,"minecraft:torch":32,"exnihilosequentia:hammer_iron":2,"minecraft:dirt":2,"decorative_blocks:oak_palisade":12,"chisel:cobblestone/twisted":132,"thermal:potion_cake":1,"chisel:futura/controller_purple":20,"minecraft:beehive":1,"minecraft:lava_bucket":1,"mcwbridges:oak_log_bridge_middle":5,"pamhc2foodextended:poutineitem":7,"create:millstone":9,"create:diorite_cobblestone":1,"pamhc2foodextended:steakandchipsitem":8,"exnihilosequentia:barrel_stone":2,"rats:cooked_rat":2,"create:mechanical_piston":2,"create:shaft":7,"minecraft:oak_sapling":12,"eidolon:wooden_altar":2,"minecraft:water_bucket":23,"mob_grinding_utils:solid_xp_baby":15,"endergetic:poise_beehive":1,"minecraft:oak_planks":2,"immersiveengineering:toolbox":2,"minecraft:blackstone":94,"neapolitan:chocolate_cake":1,"minecraft:composter":2,"minecraft:clay":3,"minecraft:sugar_cane":2,"rats:block_of_cheese":2,"minecraft:white_wool":25,"minecraft:sand":29,"minecraft:terracotta":3,"create:encased_fan":11,"minecraft:oak_slab":9,"rats:cauldron_milk":1,"exnihilosequentia:barrel_wood":2,"creategearaddon:large_oak_cogwheel":11,"minecraft:apple":2,"create:mechanical_press":24,"create:windmill_bearing":3,"mekanismtools:iron_paxel":373,"cyclic:apple_diamond":1,"create:water_wheel":11,"minecraft:gravel":61,"minecraft:spruce_sapling":6,"create:andesite_casing":3,"exnihilosequentia:sieve":9,"framedcompactdrawers:framed_full_one":11,"create:basin":5,"minecraft:cobblestone":288,"excompressum:auto_hammer":1,"tconstruct:crafting_station":6,"minecraft:andesite":1,"minecraft:bucket":26,"chisel:planks/oak/encased_smooth":520,"minecraft:kelp":9,"create:hand_crank":12,"storagedrawers:drawer_key":1,"rats:trash_can":1,"create:large_cogwheel":19}},"DataVersion":2586}