{"stats":{"minecraft:killed":{"farlanders:fanmade_enderman":1,"farlanders:enderminion":1,"rats:rat":1,"supplementaries:firefly":1,"minecraft:zombified_piglin":3,"rats:plague_cloud":3},"minecraft:killed_by":{"rats:plague_beast":4,"rats:plague_cloud":6},"minecraft:mined":{"minecraft:white_bed":3,"create:andesite_casing":2,"minecraft:obsidian":10,"chisel:planks/spruce/encased_large_planks":13,"tconstruct:part_chest":2,"create:belt":8,"minecraft:oak_wall_sign":1,"rats:block_of_cheese":1,"minecraft:barrel":2,"pipez:fluid_pipe":4,"exnihilosequentia:sieve":36,"tconstruct:seared_melter":1,"tconstruct:seared_bricks_wall":1,"mob_grinding_utils:jumbo_tank":1,"create:limestone":3,"cyclic:hopper":11,"tconstruct:part_builder":4,"chisel:glowstone/extra/bismuth":1,"minecraft:kelp_plant":3,"storagedrawers:controller":1,"chisel:planks/spruce/encased_planks":103,"endergetic:poise_beehive":2,"framedblocks:framed_corner_slope":4,"ironfurnaces:copper_furnace":2,"minecraft:torch":61,"mcwfences:spruce_highley_gate":1,"minecraft:spruce_wall_sign":2,"minecraft:glass":44,"excompressum:oak_heavy_sieve":11,"minecraft:sugar_cane":40,"minecraft:spruce_sign":1,"create:basin":1,"chisel:planks/spruce/braid":8,"compressium:sand_1":102,"tconstruct:seared_faucet":4,"storagedrawers:oak_full_drawers_1":94,"minecraft:grass":112,"create:hand_crank":4,"creategearaddon:large_oak_cogwheel":8,"create:millstone":6,"framedcompactdrawers:framed_full_one":3,"chisel:andesite/mosaic":10,"engineersdecor:dense_grit_sand_block":3,"minecraft:end_stone":4,"quark:cobbled_deepslate":31,"minecraft:redstone_wire":3,"exnihilosequentia:barrel_stone":38,"create:shaft":35,"mcwfences:spruce_stockade_fence":6,"minecraft:andesite":7,"minecraft:smithing_table":1,"minecraft:oak_slab":285,"mob_grinding_utils:saw":1,"ironfurnaces:silver_furnace":5,"quark:oak_chest":13,"minecraft:stone_brick_slab":6,"minecraft:dandelion":2,"chisel:glowstone/twisted":1,"chisel:cobblestone/twisted":8,"create:granite_cobblestone":222,"chisel:diorite/encased_bricks":6,"create:water_wheel":4,"minecraft:tall_grass":52,"tconstruct:smeltery_controller":2,"create:gearbox":12,"mcwfences:spruce_horse_fence":23,"minecraft:spruce_log":2549,"decorative_blocks:oak_palisade":6,"create:mechanical_drill":4,"minecraft:mycelium":9,"create:diorite_cobblestone":8,"minecraft:gravel":13,"minecraft:spruce_planks":62,"minecraft:oak_sapling":1,"tconstruct:tinker_station":3,"tconstruct:seared_bricks":18,"minecraft:spruce_trapdoor":1,"minecraft:grass_block":1,"chisel:planks/spruce/crude_horizontal_planks":16,"botanypots:botany_pot":1,"mob_grinding_utils:absorption_hopper":1,"chisel:cobblestone/dent":27,"tconstruct:seared_table":1,"framedblocks:framed_slope":3,"compressium:gravel_1":220,"compressium:netherrack_1":8,"tconstruct:seared_fuel_tank":1,"cyclic:flower_cyan":8,"creategearaddon:oak_cogwheel":33,"supplementaries:stick":6,"mcwfences:modern_stone_brick_wall":5,"minecraft:spruce_slab":9,"minecraft:blackstone":93,"tconstruct:tinkers_anvil":2,"minecraft:clay":25,"minecraft:poppy":9,"mob_grinding_utils:tank":3,"minecraft:cobblestone":34,"create:gabbro_cobblestone":23,"minecraft:oak_planks":108,"minecraft:wall_torch":1,"minecraft:cauldron":1,"exnihilosequentia:crucible_wood":5,"minecraft:oak_log":480,"chisel:cobblestone/mosaic":4,"minecraft:sand":12,"minecraft:dirt":16,"tconstruct:crafting_station":12,"minecraft:netherrack":8,"minecraft:oak_leaves":118,"framedblocks:framed_slab":6,"create:granite_cobblestone_slab":1,"create:large_cogwheel":7,"minecraft:spruce_leaves":3193,"chisel:andesite/french_1":32,"createaddition:rolling_mill":11,"minecraft:furnace":3,"mekanism:basic_fluid_tank":1,"chisel:cobblestone/french_1":4,"exnihilosequentia:crucible_fired":3,"tconstruct:seared_glass":5,"chisel:planks/spruce/vertical_planks":9,"minecraft:stone":5,"minecraft:podzol":1,"architects_palette:sunmetal_block":5,"chisel:andesite/road":7,"chisel:andesite/encased_bricks":6,"minecraft:basalt":12,"exnihilosequentia:dust":12,"pipez:item_pipe":3,"minecraft:oak_fence":238,"minecraft:crafting_table":4,"minecraft:blackstone_slab":6,"tconstruct:seared_basin":2,"chisel:cobblestone/extra/marker":9,"minecraft:stone_slab":17,"chisel:cobblestone/weaver":61,"minecraft:cactus":1,"cookingforblockheads:sink":4,"compressium:cobblestone_1":653,"minecraft:beehive":4,"chisel:andesite/weaver":4,"minecraft:grass_path":1,"exnihilosequentia:barrel_wood":77,"quark:spruce_chest":37},"minecraft:dropped":{"minecraft:iron_sword":40,"minecraft:lapis_lazuli":157,"ragnamod_6_sky:granite_pebble":51,"create:andesite_cobblestone":301,"minecraft:emerald":15,"exnihilosequentia:mesh_flint":1,"minecraft:bone_meal":53,"create:diorite_cobblestone":16,"iceandfire:amythest_gem":9,"minecraft:sugar_cane":1,"minecraft:oak_planks":2,"ragnamod_6_sky:piece_copper":19,"compressium:clay_1":2,"ragnamod_6_sky:piece_lead":18,"minecraft:glass":20,"excompressum:compressed_hammer_stone":1,"minecraft:iron_ingot":51,"minecraft:cobblestone":80,"chisel:cobblestone/dent":475,"minecraft:coal":1361,"ragnamod_6_sky:piece_aluminum":1043,"ragnamod_6_sky:andesite_pebble":1,"minecraft:clay_ball":92,"mcwfences:spruce_horse_fence":30,"pipez:item_pipe":19,"minecraft:stone":3,"exnihilosequentia:mesh_string":17,"minecraft:spruce_sign":14,"ragnamod_6_sky:diorite_pebble":53,"create:granite_cobblestone":11,"mob_grinding_utils:jumbo_tank":2,"creategearaddon:large_oak_cogwheel":1,"mob_grinding_utils:saw":1,"forbidden_arcanus:rune":4,"constructionwand:diamond_wand":2,"creategearaddon:oak_cogwheel":5,"exnihilosequentia:mesh_diamond":1,"exnihilosequentia:crucible_fired":1,"create:large_cogwheel":2,"minecraft:gold_ingot":49,"minecraft:gravel":193,"exnihilosequentia:mesh_iron":1,"ragnamod_6_sky:piece_silver":9,"minecraft:gunpowder":1,"ragnamod_6_sky:cobble_pebble":59,"minecraft:water_bucket":1,"excompressum:compressed_dust":2,"compressium:gravel_1":3,"minecraft:stick":57,"chisel:stone_bricks/dent":128,"quark:clear_shard":13,"minecraft:torch":110,"chisel:glowstone/twisted":72,"tconstruct:crafting_station":2,"chisel:planks/spruce/encased_planks":18,"minecraft:bucket":5,"pipez:fluid_pipe":18,"minecraft:andesite":35,"storagedrawers:drawer_key":2,"minecraft:spruce_log":60},"minecraft:picked_up":{"engineersdecor:dense_grit_sand_block":3,"chisel:cobblestone/mosaic":4,"minecraft:smithing_table":1,"minecraft:stone_slab":22,"create:limestone_cobblestone":2,"minecraft:golden_sword":1,"minecraft:string":489,"tconstruct:smeltery_controller":2,"endergetic:poise_beehive":3,"thermal:barley_seeds":1,"minecraft:beetroot":9,"create:water_wheel":4,"tconstruct:ingot_cast":1,"mysticalagriculture:inferium_essence":1,"minecraft:gold_nugget":1,"minecraft:spruce_planks":15,"ragnamod_6_sky:cobble_pebble":1071,"ragnamod_6_sky:granite_pebble":1085,"minecraft:beehive":5,"pamhc2foodextended:theatreboxitem":15,"chisel:planks/spruce/encased_large_planks":13,"create:andesite_casing":6,"chisel:cobblestone/dent":451,"chisel:stone_bricks/dent":128,"chisel:planks/spruce/encased_planks":98,"mob_grinding_utils:saw":2,"tconstruct:seared_faucet":4,"minecraft:cauldron":1,"exnihilosequentia:barrel_stone":40,"thermal:apatite":396,"quark:clear_shard":146,"pamhc2foodextended:poutineitem":1,"ragnamod_6_sky:piece_copper":907,"mekanism:basic_fluid_tank":2,"cyclic:hopper":12,"create:andesite_cobblestone":375,"neapolitan:chocolate_cake":1,"exnihilosequentia:seed_acacia":3,"exnihilosequentia:ancient_spores":2,"cyclic:shears_flint":1,"gildedingot:shroom_fruit":24,"minecraft:flint":7,"ragnamod_6_sky:piece_gold":69,"brazier:warped_nether_wart":20,"cyclic:flower_cyan":8,"exnihilosequentia:seed_oak":4,"minecraft:twisting_vines":15,"thermal:sapphire":64,"framedblocks:framed_slope":1,"pipez:fluid_pipe":22,"architects_palette:sunmetal_block":6,"create:mechanical_drill":4,"ftbquests:book":1,"create:shaft":67,"forbidden_arcanus:rune":688,"tconstruct:seared_table":1,"minecraft:glowstone_dust":202,"exnihilosequentia:mesh_string":43,"exnihilosequentia:seed_jungle":2,"exnihilosequentia:seed_darkoak":1,"patchouli:guide_book":5,"create:granite_cobblestone_slab":1,"thermal:gold_plate":3,"minecraft:barrel":1,"exnihilosequentia:silkworm":188,"astralsorcery:tome":1,"quark:cobbled_deepslate":14,"architects_palette:sunmetal_pillar":4,"thermal:eggplant_seeds":2,"mahoutsukai:guidebook":1,"chisel:glowstone/twisted":72,"minecraft:crimson_roots":13,"minecraft:spruce_leaves":2269,"minecraft:crafting_table":7,"minecraft:nether_wart":12,"minecraft:clay_ball":178,"mob_grinding_utils:absorption_hopper":1,"tconstruct:tinkers_anvil":2,"compressium:dirt_1":1,"immersiveengineering:manual":1,"ragnamod_6_sky:deepslate_pebble":1200,"ragnamod_6_sky:chunk_iron":18,"minecraft:netherite_scrap":13,"ragnamod_6_sky:basalt_pebble":1195,"quark:spruce_chest":54,"thermal:niter":35,"minecraft:poppy":9,"minecraft:spruce_slab":9,"minecraft:birch_sapling":8,"creategearaddon:oak_cogwheel":47,"ragnamod_6_sky:piece_tin":145,"minecraft:stone":3,"architects_palette:flint_block":5,"pipez:item_pipe":22,"exnihilosequentia:seed_potato":3,"chisel:cobblestone/french_1":4,"minecraft:redstone":186,"chisel:andesite/mosaic":10,"create:vertical_gearbox":6,"rats:block_of_cheese":1,"rftoolsbase:manual":1,"ragnamod_6_sky:piece_ender":2,"minecraft:beetroot_seeds":24,"storagedrawers:controller":1,"minecraft:gold_ingot":46,"tconstruct:part_chest":2,"minecraft:blackstone_slab":5,"tconstruct:seared_fuel_tank":1,"mob_grinding_utils:tank":3,"minecraft:oak_log":674,"framedblocks:framed_slab":6,"astralsorcery:aquamarine":128,"chisel:cobblestone/weaver":36,"chisel:diorite/encased_bricks":6,"pamhc2foodextended:friedfeastitem":7,"tconstruct:seared_brick":132,"minecraft:apple":19,"mcwfences:spruce_highley_gate":1,"minecraft:kelp":30,"ironfurnaces:augment_speed":3,"minecraft:cobweb":64,"exnihilosequentia:seed_berry":5,"minecraft:iron_sword":40,"rats:chef_toque":1,"powah:uraninite":110,"minecraft:gravel":5902,"exnihilosequentia:crushed_end_stone":4,"minecraft:spruce_sapling":193,"minecraft:spruce_log":2631,"compressium:clay_1":1,"create:gearbox":7,"cookingforblockheads:sink":4,"create:millstone":7,"exnihilosequentia:mesh_diamond":20,"immersiveengineering:seed":15,"compressium:cobblestone_1":4,"tconstruct:seared_melter":1,"ragnamod_6_sky:piece_pendorite":2,"minecraft:warped_roots":13,"minecraft:melon_seeds":11,"ragnamod_6_sky:piece_emeraldite":26,"rats:cauldron_milk":1,"ragnamod_6_sky:piece_tungsten":29,"minecraft:ender_pearl":5,"minecraft:wheat":2,"constructionwand:diamond_wand":2,"ragnamod_6_sky:piece_soulium":49,"ragnamod_6_sky:blackstone_pebble":1248,"pamhc2foodextended:cinnamonbreaditem":8,"chisel:andesite/road":7,"chisel:planks/spruce/crude_horizontal_planks":16,"minecraft:oak_sign":1,"thermal:sulfur":51,"thermal:iron_plate":2,"exnihilosequentia:seed_fern":2,"minecraft:bucket":5,"excompressum:compressed_hammer_stone":1,"neapolitan:banana_bread":8,"chisel:planks/spruce/braid":8,"thermal:spinach_seeds":2,"minecraft:furnace":3,"exnihilosequentia:hammer_stone":2,"exnihilosequentia:sieve":38,"minecraft:stick":226,"ragnamod_6_sky:diorite_pebble":1280,"neapolitan:vanilla_fudge":16,"exnihilosequentia:seed_bamboo":2,"ragnamod_6_sky:piece_zinc":1310,"minecraft:oak_fence":221,"minecraft:torch":217,"compressium:gravel_1":1,"minecraft:dried_kelp":1,"thermal:flax_seeds":4,"exnihilosequentia:crucible_fired":5,"create:large_cogwheel":11,"ragnamod_6_sky:andesite_pebble":1235,"minecraft:cactus":1,"minecraft:rotten_flesh":1,"exnihilosequentia:crushed_netherrack":80,"ragnamod_6_sky:piece_iron":1305,"minecraft:obsidian":14,"minecraft:blaze_powder":25,"minecraft:cobblestone":1742,"tconstruct:seared_bricks":17,"chisel:andesite/french_1":21,"minecraft:andesite":37,"create:belt_connector":8,"storagedrawers:drawer_key":4,"supplementaries:flax_seeds":4,"create:gabbro_cobblestone":43,"exnihilosequentia:porcelain_clay":15,"minecraft:lapis_lazuli":2738,"minecraft:dirt":66,"chisel:planks/spruce/vertical_planks":9,"exnihilosequentia:seed_spruce":4,"minecraft:glass":20,"chisel:cobblestone/twisted":8,"neapolitan:adzuki_bun":6,"minecraft:wheat_seeds":48,"minecraft:bell":2,"exnihilosequentia:grass_seeds":2,"minecraft:oak_planks":121,"minecraft:ghast_tear":13,"exnihilosequentia:crucible_wood":6,"exnihilosequentia:mesh_iron":13,"minecraft:sand":1998,"tconstruct:seared_bricks_wall":1,"excompressum:compressed_dust":1,"eidolon:codex":1,"decorative_blocks:oak_palisade":12,"chisel:andesite/encased_bricks":6,"mob_grinding_utils:jumbo_tank":3,"exnihilosequentia:seed_large_fern":3,"minecraft:clay":98,"minecraft:diamond":166,"ragnamod_6_sky:piece_silver":1593,"tconstruct:seared_basin":2,"exnihilosequentia:seed_cactus":3,"minecraft:bone_meal":176,"minecraft:spruce_sign":21,"minecraft:emerald":856,"minecraft:oak_sapling":90,"minecraft:netherrack":91,"minecraft:oak_leaves":150,"tconstruct:crafting_station":10,"exnihilosequentia:crook_stone":1,"minecraft:charcoal":106,"exnihilosequentia:mesh_flint":27,"thermal:cinnabar":318,"createaddition:rolling_mill":12,"mcwfences:spruce_horse_fence":50,"ragnamod_6_sky:piece_cobalt":29,"exnihilosequentia:seed_carrot":5,"exnihilosequentia:seed_birch":3,"exnihilosequentia:dust":1227,"tconstruct:seared_glass":5,"iceandfire:amythest_gem":826,"minecraft:blackstone":115,"mcwfences:spruce_stockade_fence":6,"create:basin":1,"minecraft:sugar_cane":74,"minecraft:spruce_trapdoor":1,"mcwfences:modern_stone_brick_wall":5,"minecraft:end_stone":4,"framedblocks:framed_corner_slope":4,"exnihilosequentia:seed_kelp":1,"create:hand_crank":11,"ragnamod_6_sky:gabbro_pebble":1295,"exnihilosequentia:barrel_wood":79,"thermal:peanut_seeds":3,"minecraft:weeping_vines":12,"tconstruct:grout":260,"excompressum:oak_heavy_sieve":11,"tconstruct:tinker_station":3,"ironfurnaces:silver_furnace":4,"ragnamod_6_sky:piece_osmium":967,"ragnamod_6_sky:piece_aluminum":3586,"minecraft:basalt":18,"creategearaddon:large_oak_cogwheel":11,"tconstruct:part_builder":4,"storagedrawers:upgrade_template":3,"minecraft:crimson_fungus":11,"create:andesite_alloy":186,"minecraft:gunpowder":405,"ragnamod_6_sky:piece_platinum":4,"chisel:andesite/weaver":4,"rats:rat_flute":1,"minecraft:iron_ingot":88,"thermal:tomato_seeds":1,"storagedrawers:oak_full_drawers_1":94,"minecraft:acacia_sapling":4,"minecraft:soul_sand":24,"minecraft:oak_slab":241,"create:diorite_cobblestone":48,"minecraft:warped_fungus":11,"thermal:copper_ingot":1,"create:granite_cobblestone":53,"minecraft:stone_brick_slab":6,"minecraft:quartz":23,"minecraft:dandelion":2,"ragnamod_6_sky:piece_amber":3,"minecraft:white_bed":3,"thermal:green_bean_seeds":1,"quark:oak_chest":14,"thermal:rice_seeds":3,"minecraft:pumpkin_seeds":18,"ragnamod_6_sky:piece_uranium":85,"framedcompactdrawers:framed_full_one":3,"ragnamod_6_sky:piece_nickel":78,"ironfurnaces:copper_furnace":2,"ragnamod_6_sky:piece_lead":933,"mekanism:fluorite_gem":7,"tconstruct:pattern":78,"thermal:ruby":56,"minecraft:coal":4182},"minecraft:crafted":{"pipez:basic_upgrade":2,"pipez:item_pipe":16,"ironfurnaces:iron_furnace":2,"minecraft:nether_brick":0,"tconstruct:seared_melter":1,"minecraft:granite":0,"minecraft:glass":31,"chisel:diamond_chisel":1,"exnihilosequentia:mesh_flint":1,"storagedrawers:oak_full_drawers_1":1,"ironfurnaces:augment_speed":1,"create:gabbro":0,"rats:assorted_vegetables":1,"ragnamod_6_sky:chunk_iron":2,"constructionwand:stone_wand":1,"minecraft:stone_slab":6,"quark:oak_chest":4,"minecraft:iron_pickaxe":2,"excompressum:oak_heavy_sieve":3,"minecraft:gold_ingot":0,"storagedrawers:drawer_key":1,"storagedrawers:upgrade_template":4,"minecraft:stone_shovel":1,"tconstruct:part_builder":1,"create:wrench":1,"minecraft:iron_nugget":9,"exnihilosequentia:crucible_fired":1,"thermal:copper_ingot":17,"tconstruct:seared_basin":1,"storagedrawers:emerald_storage_upgrade":1,"tconstruct:tinker_station":1,"minecraft:basalt":1,"minecraft:terracotta":0,"thermal:silver_ingot":8,"minecraft:stone_pickaxe":1,"quark:spruce_chest":4,"exnihilosequentia:sieve":21,"constructionwand:diamond_wand":1,"excompressum:compressed_hammer_stone":1,"tconstruct:part_chest":1,"minecraft:dried_kelp":0,"mob_grinding_utils:saw":1,"tconstruct:seared_heater":2,"mcwfences:spruce_horse_fence":3,"minecraft:cobblestone":9,"minecraft:flint":6,"minecraft:brick":0,"exnihilosequentia:mesh_iron":5,"mekanismtools:diamond_paxel":1,"minecraft:oak_planks":56,"mekanismtools:iron_paxel":1,"minecraft:barrel":1,"createaddition:rolling_mill":1,"create:andesite_casing":16,"minecraft:stone":9,"mob_grinding_utils:tank":4,"pipez:fluid_pipe":16,"minecraft:hopper":1,"minecraft:comparator":2,"tconstruct:seared_brick":0,"tconstruct:seared_fuel_tank":1,"mob_grinding_utils:absorption_hopper":2,"exnihilosequentia:barrel_wood":3,"minecraft:dropper":2,"minecraft:crafting_table":1,"minecraft:spruce_planks":32,"mcwfences:spruce_pyramid_gate":2,"mcwfences:modern_stone_brick_wall":6,"mekanismtools:stone_paxel":1,"minecraft:diorite":0,"minecraft:paper":3,"minecraft:charcoal":53,"create:water_wheel":2,"minecraft:stick":32,"minecraft:iron_ingot":37,"exnihilosequentia:mesh_diamond":7,"minecraft:redstone_torch":6,"tconstruct:seared_fuel_gauge":1,"tconstruct:pattern":3,"mcwfences:spruce_stockade_fence":3,"storagedrawers:controller":1,"minecraft:iron_axe":1,"immersiveengineering:wirecutter":1,"tconstruct:seared_table":1,"exnihilosequentia:hammer_stone":5,"compressium:gravel_1":1,"create:granite_cobblestone_stairs":4,"mob_grinding_utils:saw_upgrade_sharpness":1,"minecraft:bucket":4,"minecraft:stone_axe":1,"minecraft:air":6393,"ironfurnaces:copper_furnace":1,"framedblocks:framed_cube":8,"tconstruct:crafting_station":3,"compressium:cobblestone_1":1,"tconstruct:seared_faucet":2,"create:mechanical_drill":1,"mob_grinding_utils:jumbo_tank":1,"minecraft:andesite":91},"minecraft:broken":{"mekanismtools:stone_paxel":1,"cyclic:shears_flint":1,"minecraft:shears":10,"constructionwand:stone_wand":3,"mekanismtools:iron_paxel":2,"excompressum:compressed_hammer_stone":7},"minecraft:custom":{"minecraft:interact_with_crafting_table":24,"minecraft:open_barrel":4,"minecraft:eat_cake_slice":21,"minecraft:leave_game":5,"minecraft:time_since_death":188956,"minecraft:deaths":13,"minecraft:jump":8560,"minecraft:interact_with_furnace":266,"minecraft:sleep_in_bed":21,"minecraft:damage_dealt":1882,"minecraft:interact_with_smithing_table":1,"minecraft:sneak_time":88398,"minecraft:interact_with_stonecutter":3,"minecraft:time_since_rest":64091,"minecraft:use_wand":1399,"minecraft:swim_one_cm":5554,"minecraft:fly_one_cm":2164423,"minecraft:open_chest":1946,"minecraft:fall_one_cm":118634,"minecraft:sprint_one_cm":1280009,"minecraft:drop":246,"minecraft:talked_to_villager":8,"minecraft:walk_on_water_one_cm":17253,"minecraft:play_one_minute":877364,"minecraft:crouch_one_cm":261194,"minecraft:mob_kills":9,"minecraft:climb_one_cm":2207,"minecraft:walk_one_cm":1589271,"minecraft:walk_under_water_one_cm":7648,"minecraft:damage_taken":5110},"minecraft:used":{"minecraft:spruce_slab":9,"minecraft:stone":5,"excompressum:compressed_hammer_stone":917,"chisel:planks/spruce/encased_planks":1015,"chisel:cobblestone/twisted":8,"cyclic:shears_flint":64,"minecraft:lava_bucket":14,"pamhc2foodextended:holidaycakeitem":8,"exnihilosequentia:seed_kelp":1,"tconstruct:seared_faucet":6,"tconstruct:tinkers_anvil":3,"create:shaft":44,"minecraft:furnace":4,"minecraft:oak_sapling":30,"chisel:glowstone/twisted":8,"immersiveengineering:toolbox":1,"compressium:cobblestone_1":654,"minecraft:blackstone":94,"chisel:planks/spruce/braid":8,"minecraft:clay":25,"minecraft:sand":13,"mob_grinding_utils:tank":5,"exnihilosequentia:crucible_wood":4,"mekanismtools:iron_paxel":1481,"exnihilosequentia:sieve":54,"minecraft:diamond_sword":15,"framedcompactdrawers:framed_full_one":48,"minecraft:smithing_table":2,"exnihilosequentia:seed_cactus":1,"create:granite_cobblestone_slab":1,"ironfurnaces:copper_furnace":2,"creategearaddon:oak_cogwheel":39,"create:limestone":3,"framedblocks:framed_slab":6,"minecraft:netherrack":8,"tconstruct:seared_drain":2,"minecraft:torch":252,"compressium:netherrack_1":8,"exnihilosequentia:grass_seeds":3,"chisel:planks/spruce/crude_horizontal_planks":16,"chisel:planks/spruce/encased_large_planks":13,"create:gearbox":7,"storagedrawers:controller":2,"minecraft:barrel":2,"tconstruct:cast_chest":1,"constructionwand:diamond_wand":122,"compressium:gravel_1":220,"chisel:glowstone/extra/bismuth":1,"create:belt_connector":17,"chisel:andesite/encased_bricks":6,"minecraft:water_bucket":44,"mob_grinding_utils:solid_xp_baby":1,"mekanismtools:stone_paxel":401,"chisel:andesite/weaver":4,"minecraft:oak_slab":516,"minecraft:crafting_table":5,"minecraft:white_bed":3,"cyclic:hopper":16,"exnihilosequentia:barrel_wood":79,"minecraft:spruce_log":82,"minecraft:diamond_pickaxe":148,"tconstruct:seared_table":2,"tconstruct:part_chest":2,"minecraft:spruce_pressure_plate":2,"chisel:planks/spruce/vertical_planks":9,"create:water_wheel":5,"exnihilosequentia:crucible_fired":8,"mob_grinding_utils:absorption_hopper":2,"minecraft:spruce_trapdoor":1,"minecraft:spruce_sapling":128,"exnihilosequentia:seed_sugarcane":2,"pamhc2foodextended:theatreboxitem":13,"minecraft:cobblestone":316,"tconstruct:seared_melter":1,"create:gabbro_cobblestone":3,"quark:oak_chest":14,"mcwfences:spruce_stockade_fence":6,"mcwfences:spruce_highley_gate":2,"pamhc2foodextended:friedfeastitem":7,"minecraft:oak_sign":3,"mekanism:basic_fluid_tank":1,"tconstruct:seared_fuel_tank":2,"ironfurnaces:silver_furnace":7,"engineersdecor:dense_grit_sand_block":3,"minecraft:beehive":1,"mekanismtools:diamond_paxel":2090,"minecraft:glass":82,"pamhc2foodextended:fruitcakeitem":8,"create:millstone":7,"chisel:cobblestone/mosaic":4,"pamhc2foodextended:roastpotatoesitem":5,"exnihilosequentia:barrel_stone":38,"pipez:item_pipe":16,"create:mechanical_drill":5,"minecraft:beetroot_seeds":1,"chisel:cobblestone/weaver":476,"tconstruct:smeltery_controller":3,"mcwfences:spruce_pyramid_gate":2,"minecraft:oak_planks":240,"minecraft:sugar_cane":2,"compressium:sand_1":102,"createaddition:rolling_mill":11,"minecraft:shears":2380,"minecraft:end_stone":4,"creategearaddon:large_oak_cogwheel":8,"tconstruct:seared_bricks_wall":25,"mob_grinding_utils:saw":1,"minecraft:lever":2,"neapolitan:banana_cake":1,"create:andesite_casing":1,"minecraft:gravel":13,"exnihilosequentia:dust":12,"minecraft:blackstone_slab":6,"chisel:andesite/french_1":188,"tconstruct:crafting_station":25,"minecraft:andesite":7,"create:vertical_gearbox":6,"minecraft:bone_meal":73,"create:large_cogwheel":12,"cookingforblockheads:sink":5,"chisel:diorite/encased_bricks":6,"minecraft:oak_fence":368,"storagedrawers:oak_full_drawers_1":102,"pamhc2foodextended:steakfajitaitem":8,"mob_grinding_utils:jumbo_tank":1,"minecraft:redstone":3,"minecraft:spruce_planks":62,"neapolitan:banana_bread":8,"excompressum:oak_heavy_sieve":13,"minecraft:stone_hoe":1,"chisel:cobblestone/dent":71,"minecraft:dirt":248,"tconstruct:seared_bricks":53,"chisel:cobblestone/french_1":4,"minecraft:stone_brick_slab":9,"chisel:andesite/mosaic":9,"quark:spruce_chest":99,"minecraft:oak_stairs":8,"tconstruct:tinker_station":3,"excompressum:compressed_hammer_diamond":107,"architects_palette:sunmetal_block":1,"create:diorite_cobblestone":22,"mcwfences:spruce_horse_fence":433,"tconstruct:part_builder":5,"pipez:fluid_pipe":12,"minecraft:spruce_sign":37,"minecraft:stonecutter":1,"create:granite_cobblestone":154,"constructionwand:stone_wand":64,"mcwfences:modern_stone_brick_wall":5,"tconstruct:seared_basin":3,"chisel:cobblestone/extra/marker":9,"minecraft:stone_slab":16,"exnihilosequentia:ancient_spores":3,"minecraft:bucket":30,"create:hand_crank":13,"storagedrawers:drawer_key":67,"chisel:andesite/road":7,"tconstruct:seared_glass":47}},"DataVersion":2586}