{"stats":{"minecraft:killed":{"rats:rat":2},"minecraft:killed_by":{"rats:plague_beast":1,"rats:plague_cloud":4,"minecraft:phantom":1},"minecraft:mined":{"create:andesite_casing":3,"botanypots:botany_pot":2,"minecraft:composter":2,"immersiveengineering:toolbox_block":2,"rats:block_of_cheese":1,"exnihilosequentia:sieve":5,"mcwfences:oak_picket_fence":24,"creategearaddon:oak_cogwheel":43,"create:mechanical_press":27,"cyclic:hopper":3,"create:radial_chassis":2,"minecraft:blackstone":95,"supplementaries:book_pile":3,"eidolon:wooden_altar":2,"minecraft:clay":3,"create:mechanical_piston":2,"minecraft:torch":9,"chisel:planks/oak/encased_smooth":8,"minecraft:cobblestone":286,"excompressum:oak_heavy_sieve":2,"minecraft:sugar_cane":24,"create:basin":5,"storagedrawers:oak_full_drawers_1":8,"minecraft:oak_log":393,"create:hand_crank":7,"minecraft:sand":29,"minecraft:dirt":2,"tconstruct:crafting_station":2,"creategearaddon:large_oak_cogwheel":13,"minecraft:oak_leaves":129,"create:millstone":12,"chisel:futura/controller_purple":2,"framedcompactdrawers:framed_full_one":11,"create:large_cogwheel":19,"create:encased_fan":13,"minecraft:kelp":9,"minecraft:sandstone":58,"createaddition:rolling_mill":2,"excompressum:auto_hammer":1,"create:shaft":20,"minecraft:spruce_sapling":1,"minecraft:andesite":1,"create:windmill_bearing":3,"minecraft:bell":1,"minecraft:white_wool":25,"minecraft:oak_slab":58,"create:piston_extension_pole":3,"quark:oak_chest":3,"minecraft:oak_fence":39,"chisel:cobblestone/twisted":6,"create:water_wheel":22,"mcwbridges:oak_log_bridge_middle":1,"create:gearbox":12,"minecraft:spruce_log":118,"decorative_blocks:oak_palisade":6,"exnihilosequentia:barrel_wood":1,"create:diorite_cobblestone":15,"quark:spruce_chest":8,"minecraft:gravel":61,"minecraft:terracotta":3,"minecraft:oak_button":1},"minecraft:dropped":{"minecraft:clay":1,"create:granite_cobblestone":9,"minecraft:oak_log":64,"create:andesite_cobblestone":120,"creategearaddon:large_oak_cogwheel":1,"creategearaddon:oak_cogwheel":4,"ragnamod_6_sky:piece_zinc":23,"minecraft:bone_meal":3,"minecraft:sand":1,"create:large_cogwheel":2,"create:diorite_cobblestone":32,"quark:oak_chest":2,"minecraft:cauldron":1,"rats:rat_flute":1,"minecraft:gravel":36,"minecraft:sugar_cane":1,"minecraft:glowstone_dust":3,"compressium:clay_1":1,"supplementaries:flax_seeds":4,"minecraft:gunpowder":4,"thermal:cinnabar":1,"cyclic:shears_flint":1,"create:wheat_flour":8,"minecraft:oak_leaves":8,"minecraft:iron_ingot":16,"pamhc2foodextended:poutineitem":1,"quark:spruce_chest":9,"rats:block_of_cheese":2,"create:limestone_cobblestone":1,"minecraft:bucket":1,"exnihilosequentia:hammer_stone":1,"rats:chef_toque":1,"exnihilosequentia:crucible_wood":1,"minecraft:andesite":8,"neapolitan:banana_bread":8,"minecraft:oak_sapling":5,"exnihilosequentia:barrel_stone":1},"minecraft:picked_up":{"minecraft:seagrass":6,"minecraft:wheat":10,"ragnamod_6_sky:blackstone_pebble":57,"minecraft:enchanted_book":3,"create:limestone_cobblestone":1,"create:piston_extension_pole":18,"create:water_wheel":23,"thermal:iron_plate":4,"mcwbridges:oak_log_bridge_middle":1,"create:mechanical_press":30,"exnihilosequentia:seed_fern":3,"minecraft:bucket":1,"exnihilosequentia:seed_yellow_coral":4,"ragnamod_6_sky:cobble_pebble":69,"ragnamod_6_sky:granite_pebble":49,"exnihilosequentia:sieve":5,"minecraft:stick":47,"ragnamod_6_sky:diorite_pebble":62,"exnihilosequentia:seed_bamboo":1,"minecraft:composter":2,"ragnamod_6_sky:piece_zinc":315,"minecraft:oak_fence":39,"minecraft:torch":19,"create:andesite_casing":15,"minecraft:cauldron":1,"thermal:apatite":11,"create:large_cogwheel":20,"ragnamod_6_sky:andesite_pebble":52,"minecraft:rotten_flesh":3,"ragnamod_6_sky:piece_iron":281,"ragnamod_6_sky:piece_copper":227,"cyclic:hopper":7,"create:andesite_cobblestone":58,"minecraft:cobblestone":151,"exnihilosequentia:seed_acacia":1,"exnihilosequentia:ancient_spores":1,"exnihilosequentia:seed_sugarcane":3,"minecraft:water_bucket":1,"immersiveengineering:toolbox":2,"minecraft:andesite":42,"mcwfences:oak_picket_fence":23,"supplementaries:flax_seeds":1,"rats:raw_rat":2,"exnihilosequentia:seed_pickle":3,"minecraft:lapis_lazuli":307,"minecraft:dirt":4,"exnihilosequentia:seed_spruce":3,"exnihilosequentia:seed_oak":1,"chisel:cobblestone/twisted":4,"thermal:sapphire":2,"minecraft:wheat_seeds":37,"minecraft:bell":1,"forbidden_arcanus:rune":118,"exnihilosequentia:grass_seeds":2,"create:shaft":21,"minecraft:glowstone_dust":14,"exnihilosequentia:seed_blue_coral":2,"create:radial_chassis":9,"exnihilosequentia:mesh_string":2,"exnihilosequentia:seed_jungle":5,"exnihilosequentia:seed_darkoak":3,"exnihilosequentia:mesh_iron":10,"minecraft:sand":62,"excompressum:compressed_dust":1,"exnihilosequentia:silkworm":50,"decorative_blocks:oak_palisade":6,"exnihilosequentia:seed_large_fern":4,"minecraft:clay":1,"minecraft:diamond":44,"ragnamod_6_sky:piece_silver":211,"exnihilosequentia:seed_cactus":5,"botanypots:botany_pot":2,"minecraft:bone_meal":11,"minecraft:emerald":103,"minecraft:oak_sapling":45,"minecraft:oak_leaves":8,"exnihilosequentia:seed_pink_coral":2,"tconstruct:crafting_station":3,"exnihilosequentia:mesh_flint":1,"create:mechanical_piston":2,"minecraft:clay_ball":12,"thermal:cinnabar":9,"createaddition:rolling_mill":3,"exnihilosequentia:seed_carrot":2,"ragnamod_6_sky:deepslate_pebble":47,"exnihilosequentia:seed_birch":3,"exnihilosequentia:dust":29,"ragnamod_6_sky:basalt_pebble":73,"minecraft:blackstone":95,"iceandfire:amythest_gem":94,"quark:spruce_chest":17,"chisel:planks/oak/encased_smooth":4,"create:basin":6,"minecraft:sugar_cane":51,"creategearaddon:oak_cogwheel":46,"create:linear_chassis":6,"ragnamod_6_sky:piece_tin":12,"minecraft:sandstone":58,"exnihilosequentia:seed_potato":4,"exnihilosequentia:seed_kelp":1,"create:windmill_bearing":4,"eidolon:wooden_altar":2,"create:hand_crank":14,"minecraft:redstone":11,"exnihilosequentia:barrel_wood":1,"ragnamod_6_sky:gabbro_pebble":56,"create:vertical_gearbox":14,"rats:block_of_cheese":3,"chisel:futura/controller_purple":2,"minecraft:beetroot_seeds":18,"create:secondary_linear_chassis":1,"excompressum:oak_heavy_sieve":2,"ragnamod_6_sky:piece_osmium":156,"minecraft:white_wool":25,"ragnamod_6_sky:piece_aluminum":299,"creategearaddon:large_oak_cogwheel":14,"minecraft:oak_log":259,"create:andesite_alloy":20,"rats:rat_pelt":1,"astralsorcery:aquamarine":9,"minecraft:gunpowder":19,"minecraft:apple":6,"minecraft:kelp":9,"minecraft:iron_ingot":11,"exnihilosequentia:seed_berry":3,"storagedrawers:oak_full_drawers_1":8,"powah:uraninite":6,"minecraft:oak_slab":29,"create:diorite_cobblestone":50,"create:granite_cobblestone":9,"minecraft:gravel":288,"minecraft:spruce_sapling":13,"minecraft:spruce_log":122,"compressium:clay_1":2,"quark:oak_chest":4,"create:gearbox":3,"create:wheat_flour":8,"create:millstone":13,"minecraft:pumpkin_seeds":18,"ragnamod_6_sky:piece_uranium":8,"exnihilosequentia:mesh_diamond":4,"ragnamod_6_sky:piece_nickel":8,"framedcompactdrawers:framed_full_one":11,"create:encased_fan":14,"ragnamod_6_sky:piece_lead":214,"minecraft:oak_button":1,"minecraft:terracotta":3,"thermal:ruby":3,"minecraft:melon_seeds":17,"exnihilosequentia:seed_red_coral":4,"excompressum:auto_hammer":1,"minecraft:coal":304},"minecraft:crafted":{"minecraft:brick":12,"astralsorcery:aquamarine":32,"minecraft:oak_planks":4,"immersiveengineering:hammer":1,"create:radial_chassis":3,"rats:plague_tome":1,"minecraft:flower_pot":1,"minecraft:crafting_table":1,"minecraft:iron_ingot":33,"minecraft:iron_block":1,"minecraft:gold_ingot":3,"minecraft:terracotta":15,"immersiveengineering:wirecutter":1,"create:millstone":1,"create:andesite_cobblestone":6,"create:hand_crank":1,"minecraft:air":597,"rats:cooked_rat":2,"minecraft:white_wool":8,"create:secondary_linear_chassis":1,"create:linear_chassis":3,"minecraft:andesite":4},"minecraft:broken":{"exnihilosequentia:hammer_stone":2,"mekanismtools:iron_paxel":1},"minecraft:custom":{"minecraft:interact_with_crafting_table":8,"minecraft:open_barrel":1,"minecraft:bell_ring":20,"minecraft:eat_cake_slice":3,"minecraft:leave_game":4,"minecraft:time_since_death":126922,"minecraft:sprint_one_cm":253673,"minecraft:drop":79,"minecraft:talked_to_villager":3,"minecraft:deaths":6,"minecraft:jump":1311,"minecraft:walk_on_water_one_cm":28317,"minecraft:interact_with_furnace":60,"minecraft:traded_with_villager":1,"minecraft:play_one_minute":767391,"minecraft:sleep_in_bed":7,"minecraft:damage_dealt":946,"minecraft:crouch_one_cm":87371,"minecraft:mob_kills":4,"minecraft:walk_one_cm":966803,"minecraft:sneak_time":28273,"minecraft:walk_under_water_one_cm":9363,"minecraft:interact_with_stonecutter":1,"minecraft:time_since_rest":87858,"minecraft:damage_taken":2008,"minecraft:fly_one_cm":155730,"minecraft:open_chest":1043,"minecraft:fall_one_cm":7057},"minecraft:used":{"exnihilosequentia:hammer_stone":563,"create:piston_extension_pole":3,"botanypots:botany_pot":5,"minecraft:bell":1,"exnihilosequentia:hammer_iron":2,"chisel:cobblestone/twisted":132,"chisel:futura/controller_purple":20,"minecraft:beehive":1,"minecraft:lava_bucket":1,"pamhc2foodextended:poutineitem":8,"create:millstone":9,"exnihilosequentia:barrel_stone":2,"rats:cooked_rat":2,"create:shaft":23,"create:mechanical_piston":2,"minecraft:oak_sapling":12,"eidolon:wooden_altar":2,"minecraft:oak_planks":2,"immersiveengineering:toolbox":3,"minecraft:blackstone":94,"neapolitan:chocolate_cake":1,"minecraft:sandstone":105,"minecraft:composter":2,"minecraft:sugar_cane":2,"minecraft:clay":3,"minecraft:white_wool":25,"minecraft:sand":29,"createaddition:rolling_mill":2,"creategearaddon:large_oak_cogwheel":15,"mekanismtools:iron_paxel":496,"cyclic:apple_diamond":1,"create:andesite_casing":5,"minecraft:gravel":61,"exnihilosequentia:sieve":9,"framedcompactdrawers:framed_full_one":11,"create:basin":7,"tconstruct:crafting_station":6,"minecraft:andesite":1,"chisel:planks/oak/encased_smooth":520,"create:vertical_gearbox":11,"rats:trash_can":1,"create:large_cogwheel":19,"minecraft:oak_fence":6,"storagedrawers:oak_full_drawers_1":8,"creategearaddon:oak_cogwheel":54,"mcwfences:oak_picket_fence":59,"excompressum:oak_heavy_sieve":4,"minecraft:torch":34,"minecraft:dirt":3,"decorative_blocks:oak_palisade":12,"thermal:potion_cake":1,"quark:spruce_chest":9,"mcwbridges:oak_log_bridge_middle":5,"create:gearbox":3,"create:diorite_cobblestone":1,"pamhc2foodextended:steakandchipsitem":8,"create:radial_chassis":2,"minecraft:water_bucket":50,"mob_grinding_utils:solid_xp_baby":15,"endergetic:poise_beehive":1,"rats:block_of_cheese":2,"minecraft:terracotta":3,"create:encased_fan":13,"minecraft:oak_slab":9,"exnihilosequentia:barrel_wood":2,"rats:cauldron_milk":1,"minecraft:apple":2,"create:mechanical_press":31,"create:windmill_bearing":3,"minecraft:oak_button":1,"create:water_wheel":26,"minecraft:spruce_sapling":6,"minecraft:cobblestone":288,"excompressum:auto_hammer":1,"minecraft:bucket":52,"quark:oak_chest":1,"create:hand_crank":12,"minecraft:kelp":9,"storagedrawers:drawer_key":1}},"DataVersion":2586}