{"stats":{"minecraft:used":{"storagedrawers:oak_full_drawers_1":7,"creategearaddon:oak_cogwheel":46,"exnihilosequentia:hammer_stone":563,"create:piston_extension_pole":3,"botanypots:botany_pot":5,"excompressum:oak_heavy_sieve":4,"minecraft:torch":1,"exnihilosequentia:hammer_iron":2,"minecraft:dirt":2,"decorative_blocks:oak_palisade":12,"thermal:potion_cake":1,"minecraft:beehive":1,"minecraft:lava_bucket":1,"pamhc2foodextended:poutineitem":1,"create:millstone":9,"create:diorite_cobblestone":1,"pamhc2foodextended:steakandchipsitem":7,"exnihilosequentia:barrel_stone":2,"create:mechanical_piston":2,"create:shaft":7,"minecraft:oak_sapling":12,"eidolon:wooden_altar":2,"minecraft:water_bucket":16,"mob_grinding_utils:solid_xp_baby":15,"endergetic:poise_beehive":1,"minecraft:oak_planks":2,"minecraft:blackstone":94,"neapolitan:chocolate_cake":1,"minecraft:composter":2,"minecraft:clay":3,"minecraft:sugar_cane":2,"rats:block_of_cheese":2,"minecraft:white_wool":25,"minecraft:sand":29,"minecraft:terracotta":3,"create:encased_fan":11,"minecraft:oak_slab":9,"rats:cauldron_milk":1,"exnihilosequentia:barrel_wood":2,"creategearaddon:large_oak_cogwheel":11,"minecraft:apple":2,"create:mechanical_press":24,"create:windmill_bearing":3,"create:andesite_casing":3,"mekanismtools:iron_paxel":189,"create:water_wheel":11,"cyclic:apple_diamond":1,"minecraft:gravel":61,"minecraft:spruce_sapling":6,"exnihilosequentia:sieve":9,"create:basin":5,"minecraft:cobblestone":288,"excompressum:auto_hammer":1,"tconstruct:crafting_station":3,"minecraft:andesite":1,"minecraft:bucket":19,"create:hand_crank":12,"storagedrawers:drawer_key":1,"minecraft:kelp":9,"rats:trash_can":1,"create:large_cogwheel":19},"minecraft:broken":{"exnihilosequentia:hammer_stone":2},"minecraft:killed_by":{"minecraft:phantom":1},"minecraft:dropped":{"minecraft:iron_ingot":16,"minecraft:clay":1,"minecraft:oak_log":64,"create:granite_cobblestone":9,"pamhc2foodextended:poutineitem":1,"create:andesite_cobblestone":120,"creategearaddon:large_oak_cogwheel":1,"rats:block_of_cheese":2,"creategearaddon:oak_cogwheel":4,"ragnamod_6_sky:piece_zinc":23,"minecraft:bone_meal":3,"minecraft:sand":1,"create:large_cogwheel":2,"minecraft:bucket":1,"create:diorite_cobblestone":32,"quark:oak_chest":2,"minecraft:cauldron":1,"rats:rat_flute":1,"minecraft:gravel":36,"exnihilosequentia:hammer_stone":1,"minecraft:sugar_cane":1,"minecraft:glowstone_dust":3,"compressium:clay_1":1,"supplementaries:flax_seeds":4,"rats:chef_toque":1,"minecraft:gunpowder":4,"exnihilosequentia:crucible_wood":1,"thermal:cinnabar":1,"minecraft:andesite":8,"neapolitan:banana_bread":8,"minecraft:oak_sapling":5,"cyclic:shears_flint":1,"create:wheat_flour":8,"minecraft:oak_leaves":8},"minecraft:crafted":{"astralsorcery:aquamarine":32,"minecraft:brick":12,"minecraft:oak_planks":4,"immersiveengineering:hammer":1,"create:radial_chassis":3,"minecraft:terracotta":15,"immersiveengineering:wirecutter":1,"create:millstone":1,"create:andesite_cobblestone":6,"minecraft:flower_pot":1,"create:hand_crank":1,"minecraft:crafting_table":1,"minecraft:air":396,"minecraft:white_wool":8,"create:secondary_linear_chassis":1,"minecraft:iron_ingot":33,"create:linear_chassis":3,"minecraft:iron_block":1,"minecraft:gold_ingot":3,"minecraft:andesite":4},"minecraft:custom":{"minecraft:interact_with_crafting_table":8,"minecraft:open_barrel":1,"minecraft:bell_ring":8,"minecraft:eat_cake_slice":3,"minecraft:leave_game":3,"minecraft:time_since_death":211275,"minecraft:sprint_one_cm":136398,"minecraft:walk_one_cm":629540,"minecraft:drop":76,"minecraft:deaths":1,"minecraft:sneak_time":10894,"minecraft:walk_under_water_one_cm":8254,"minecraft:jump":844,"minecraft:walk_on_water_one_cm":22960,"minecraft:interact_with_furnace":53,"minecraft:play_one_minute":579257,"minecraft:sleep_in_bed":4,"minecraft:time_since_rest":102509,"minecraft:damage_taken":590,"minecraft:damage_dealt":10,"minecraft:fly_one_cm":45826,"minecraft:open_chest":788,"minecraft:crouch_one_cm":24535,"minecraft:fall_one_cm":4111},"minecraft:mined":{"create:millstone":12,"create:andesite_casing":2,"create:large_cogwheel":18,"create:encased_fan":11,"botanypots:botany_pot":2,"minecraft:composter":2,"minecraft:kelp":9,"rats:block_of_cheese":1,"excompressum:auto_hammer":1,"create:shaft":5,"minecraft:spruce_sapling":1,"exnihilosequentia:sieve":5,"minecraft:andesite":1,"create:windmill_bearing":3,"creategearaddon:oak_cogwheel":38,"create:mechanical_press":21,"minecraft:white_wool":25,"cyclic:hopper":3,"minecraft:oak_slab":2,"minecraft:blackstone":79,"create:piston_extension_pole":3,"quark:oak_chest":1,"supplementaries:book_pile":1,"eidolon:wooden_altar":2,"create:mechanical_piston":2,"minecraft:clay":3,"create:water_wheel":10,"minecraft:cobblestone":286,"excompressum:oak_heavy_sieve":2,"minecraft:sugar_cane":14,"create:basin":4,"storagedrawers:oak_full_drawers_1":7,"minecraft:spruce_log":118,"decorative_blocks:oak_palisade":6,"tconstruct:crafting_station":2,"create:diorite_cobblestone":14,"exnihilosequentia:barrel_wood":1,"minecraft:oak_log":393,"quark:spruce_chest":2,"create:hand_crank":7,"minecraft:sand":29,"minecraft:gravel":61,"minecraft:dirt":1,"minecraft:terracotta":3,"creategearaddon:large_oak_cogwheel":10,"minecraft:oak_leaves":129},"minecraft:picked_up":{"exnihilosequentia:seed_pink_coral":2,"minecraft:seagrass":6,"tconstruct:crafting_station":3,"minecraft:wheat":7,"minecraft:clay_ball":12,"create:mechanical_piston":2,"exnihilosequentia:mesh_flint":1,"thermal:cinnabar":9,"ragnamod_6_sky:blackstone_pebble":57,"minecraft:enchanted_book":1,"exnihilosequentia:seed_carrot":2,"ragnamod_6_sky:deepslate_pebble":47,"exnihilosequentia:seed_birch":3,"exnihilosequentia:dust":29,"ragnamod_6_sky:basalt_pebble":73,"create:piston_extension_pole":3,"minecraft:blackstone":79,"iceandfire:amythest_gem":94,"create:water_wheel":10,"thermal:iron_plate":4,"quark:spruce_chest":2,"create:mechanical_press":23,"exnihilosequentia:seed_fern":3,"minecraft:bucket":1,"exnihilosequentia:seed_yellow_coral":4,"create:basin":4,"ragnamod_6_sky:cobble_pebble":69,"minecraft:sugar_cane":35,"creategearaddon:oak_cogwheel":41,"ragnamod_6_sky:granite_pebble":49,"exnihilosequentia:sieve":5,"ragnamod_6_sky:piece_tin":12,"minecraft:stick":47,"ragnamod_6_sky:diorite_pebble":62,"exnihilosequentia:seed_bamboo":1,"minecraft:composter":2,"ragnamod_6_sky:piece_zinc":315,"create:andesite_casing":2,"exnihilosequentia:seed_potato":4,"exnihilosequentia:seed_kelp":1,"create:windmill_bearing":3,"eidolon:wooden_altar":2,"create:hand_crank":12,"minecraft:redstone":11,"ragnamod_6_sky:gabbro_pebble":56,"exnihilosequentia:barrel_wood":1,"minecraft:cauldron":1,"rats:block_of_cheese":3,"thermal:apatite":11,"create:large_cogwheel":19,"ragnamod_6_sky:andesite_pebble":52,"minecraft:beetroot_seeds":18,"ragnamod_6_sky:piece_iron":281,"excompressum:oak_heavy_sieve":2,"ragnamod_6_sky:piece_osmium":156,"ragnamod_6_sky:piece_copper":227,"cyclic:hopper":3,"create:andesite_cobblestone":58,"minecraft:white_wool":25,"minecraft:cobblestone":151,"exnihilosequentia:ancient_spores":1,"exnihilosequentia:seed_acacia":1,"ragnamod_6_sky:piece_aluminum":299,"exnihilosequentia:seed_sugarcane":3,"creategearaddon:large_oak_cogwheel":11,"minecraft:water_bucket":1,"minecraft:andesite":42,"minecraft:oak_log":259,"supplementaries:flax_seeds":1,"astralsorcery:aquamarine":9,"minecraft:gunpowder":19,"exnihilosequentia:seed_pickle":3,"minecraft:lapis_lazuli":307,"minecraft:dirt":3,"exnihilosequentia:seed_spruce":3,"exnihilosequentia:seed_oak":1,"thermal:sapphire":2,"minecraft:apple":6,"minecraft:kelp":9,"minecraft:wheat_seeds":37,"minecraft:iron_ingot":11,"exnihilosequentia:grass_seeds":2,"forbidden_arcanus:rune":118,"create:shaft":6,"minecraft:glowstone_dust":14,"exnihilosequentia:seed_berry":3,"storagedrawers:oak_full_drawers_1":7,"exnihilosequentia:seed_blue_coral":2,"powah:uraninite":6,"exnihilosequentia:mesh_string":2,"minecraft:oak_slab":2,"exnihilosequentia:seed_jungle":5,"create:diorite_cobblestone":49,"exnihilosequentia:seed_darkoak":3,"create:granite_cobblestone":9,"minecraft:gravel":288,"exnihilosequentia:mesh_iron":10,"minecraft:sand":62,"minecraft:spruce_sapling":13,"compressium:clay_1":2,"minecraft:spruce_log":122,"excompressum:compressed_dust":1,"quark:oak_chest":2,"exnihilosequentia:silkworm":50,"create:wheat_flour":8,"decorative_blocks:oak_palisade":6,"create:millstone":11,"minecraft:pumpkin_seeds":18,"ragnamod_6_sky:piece_uranium":8,"exnihilosequentia:seed_large_fern":4,"exnihilosequentia:mesh_diamond":4,"minecraft:clay":1,"ragnamod_6_sky:piece_silver":211,"minecraft:diamond":44,"ragnamod_6_sky:piece_nickel":8,"exnihilosequentia:seed_cactus":5,"create:encased_fan":11,"botanypots:botany_pot":2,"ragnamod_6_sky:piece_lead":214,"minecraft:bone_meal":11,"minecraft:terracotta":3,"minecraft:emerald":103,"thermal:ruby":3,"minecraft:oak_sapling":45,"exnihilosequentia:seed_red_coral":4,"minecraft:melon_seeds":17,"excompressum:auto_hammer":1,"minecraft:coal":304,"minecraft:oak_leaves":8}},"DataVersion":2586}