{"stats":{"minecraft:killed":{"farlanders:fanmade_enderman":1,"minecraft:skeleton":1,"minecraft:chicken":1,"farlanders:enderminion":1,"rats:rat":1,"minecraft:zombie":2,"mekanismadditions:baby_skeleton":3,"supplementaries:firefly":1,"minecraft:zombified_piglin":3,"minecraft:spider":1,"rats:plague_cloud":3,"minecraft:pig":1,"mekanismadditions:baby_creeper":1,"minecraft:creeper":4,"minecraft:sheep":1,"minecraft:phantom":3,"farlanders:mystic_enderminion":1},"minecraft:killed_by":{"rats:plague_beast":4,"minecraft:player":1,"rats:plague_cloud":6},"minecraft:mined":{"chisel:planks/spruce/braced_planks":1,"minecraft:white_bed":7,"create:andesite_casing":2,"minecraft:obsidian":10,"chisel:stone_bricks/dent":267,"cyclic:soundproofing":32,"chisel:planks/spruce/encased_large_planks":13,"tconstruct:part_chest":2,"create:belt":8,"minecraft:oak_wall_sign":1,"rats:block_of_cheese":1,"minecraft:barrel":2,"pipez:fluid_pipe":14,"exnihilosequentia:sieve":36,"tconstruct:seared_melter":1,"tconstruct:seared_bricks_wall":1,"compressium:soulsand_1":2,"cyclic:disenchanter":1,"chisel:stone_bricks/extra/poison":3,"minecraft:oak_sign":1,"minecraft:oak_stairs":8,"mob_grinding_utils:jumbo_tank":4,"create:limestone":3,"minecraft:tripwire":1,"cyclic:hopper":12,"tconstruct:part_builder":4,"chisel:glowstone/extra/bismuth":1,"minecraft:kelp_plant":4,"storagedrawers:controller":1,"chisel:planks/spruce/encased_planks":621,"endergetic:poise_beehive":3,"framedblocks:framed_corner_slope":4,"ironfurnaces:copper_furnace":2,"minecraft:torch":100,"mcwfences:spruce_highley_gate":1,"minecraft:spruce_wall_sign":2,"minecraft:glass":45,"excompressum:oak_heavy_sieve":11,"minecraft:sugar_cane":81,"minecraft:spruce_sign":1,"cookingforblockheads:spice_rack":1,"create:basin":1,"chisel:planks/spruce/braid":8,"compressium:sand_1":191,"create:flywheel":3,"tconstruct:seared_faucet":4,"storagedrawers:oak_full_drawers_1":112,"minecraft:grass":264,"create:hand_crank":4,"minecraft:stonecutter":2,"creategearaddon:large_oak_cogwheel":11,"create:millstone":7,"framedcompactdrawers:framed_full_one":5,"chisel:andesite/mosaic":10,"engineersdecor:dense_grit_sand_block":3,"minecraft:end_stone":4,"quark:cobbled_deepslate":31,"minecraft:redstone_wire":5,"thermal:flax":3,"exnihilosequentia:barrel_stone":43,"minecraft:kelp":2,"tconstruct:cast_chest":1,"create:shaft":38,"mcwfences:spruce_stockade_fence":6,"minecraft:andesite":7,"minecraft:potatoes":8,"integrateddynamics:drying_basin":1,"minecraft:smithing_table":2,"minecraft:oak_slab":541,"mob_grinding_utils:saw":2,"ironfurnaces:silver_furnace":7,"minecraft:soul_sand":1,"quark:oak_chest":21,"architects_palette:sunmetal_pillar":4,"minecraft:stone_brick_slab":66,"minecraft:dandelion":2,"chisel:glowstone/twisted":8,"chisel:cobblestone/twisted":8,"create:granite_cobblestone":222,"chisel:diorite/encased_bricks":6,"create:water_wheel":4,"minecraft:tall_grass":72,"create:redstone_link":1,"tconstruct:smeltery_controller":2,"create:gearbox":12,"mcwfences:spruce_horse_fence":60,"minecraft:spruce_log":3972,"decorative_blocks:oak_palisade":6,"exnihilosequentia:crushed_netherrack":1,"create:mechanical_drill":4,"minecraft:mycelium":10,"create:diorite_cobblestone":8,"minecraft:gravel":14,"minecraft:fern":3,"minecraft:spruce_planks":78,"minecraft:oak_sapling":1,"tconstruct:tinker_station":3,"tconstruct:seared_bricks":20,"minecraft:spruce_trapdoor":1,"chisel:planks/spruce/crude_horizontal_planks":16,"minecraft:grass_block":9,"botanypots:botany_pot":2,"mob_grinding_utils:absorption_hopper":4,"chisel:cobblestone/dent":28,"immersiveengineering:toolbox_block":1,"framedblocks:framed_fence":1,"tconstruct:seared_table":4,"framedblocks:framed_slope":6,"compressium:gravel_1":415,"compressium:netherrack_1":14,"thermal:tomato":1,"tconstruct:seared_fuel_tank":1,"cyclic:flower_cyan":8,"creategearaddon:oak_cogwheel":40,"supplementaries:stick":8,"mcwfences:modern_stone_brick_wall":5,"minecraft:spruce_slab":9,"minecraft:blackstone":93,"tconstruct:tinkers_anvil":2,"minecraft:clay":25,"minecraft:poppy":9,"thermal:peanut":1,"mob_grinding_utils:tank":4,"minecraft:cobblestone":56,"create:gabbro_cobblestone":25,"minecraft:oak_planks":302,"rats:trash_can":1,"minecraft:wall_torch":1,"create:furnace_engine":2,"minecraft:cauldron":1,"exnihilosequentia:crucible_wood":5,"minecraft:oak_log":556,"chisel:cobblestone/mosaic":4,"minecraft:sand":17,"minecraft:dirt":22,"tconstruct:crafting_station":20,"minecraft:netherrack":8,"minecraft:oak_leaves":764,"framedblocks:framed_slab":6,"minecraft:redstone_lamp":1,"trashcans:item_trash_can":1,"create:granite_cobblestone_slab":1,"create:large_cogwheel":7,"minecraft:spruce_leaves":5094,"chisel:andesite/french_1":32,"minecraft:large_fern":1,"compressium:endstone_1":6,"createaddition:rolling_mill":11,"minecraft:oak_trapdoor":2,"minecraft:furnace":5,"minecraft:carrots":589,"darkutils:vector_plate":3,"mekanism:basic_fluid_tank":8,"minecraft:bell":2,"chisel:cobblestone/french_1":4,"exnihilosequentia:crucible_fired":3,"tconstruct:seared_glass":9,"chisel:planks/spruce/vertical_planks":9,"minecraft:stone":16,"minecraft:podzol":7,"architects_palette:sunmetal_block":12,"chisel:andesite/road":7,"chisel:andesite/encased_bricks":6,"minecraft:basalt":12,"exnihilosequentia:dust":13,"minecraft:spruce_door":1,"pipez:item_pipe":74,"minecraft:oak_fence":381,"minecraft:crafting_table":5,"minecraft:blackstone_slab":6,"tconstruct:seared_basin":3,"chisel:cobblestone/extra/marker":9,"minecraft:stone_slab":18,"chisel:glowstone/extra/tiles_large_bismuth":1,"chisel:cobblestone/weaver":110,"minecraft:cactus":1,"cookingforblockheads:sink":6,"compressium:cobblestone_1":912,"minecraft:beehive":6,"chisel:andesite/weaver":4,"minecraft:grass_path":1,"elevatorid:elevator_white":2,"exnihilosequentia:barrel_wood":77,"create:mechanical_crafter":13,"quark:spruce_chest":187},"minecraft:dropped":{"minecraft:iron_sword":40,"minecraft:lapis_lazuli":157,"ragnamod_6_sky:granite_pebble":51,"create:andesite_cobblestone":301,"minecraft:emerald":15,"exnihilosequentia:mesh_flint":1,"minecraft:bone_meal":53,"create:goggles":1,"create:diorite_cobblestone":16,"iceandfire:amythest_gem":9,"minecraft:sugar_cane":1,"minecraft:rotten_flesh":22,"ragnamod_6_sky:basalt_pebble":64,"minecraft:oak_planks":2,"ragnamod_6_sky:piece_copper":19,"compressium:clay_1":2,"create:wrench":2,"ragnamod_6_sky:piece_lead":18,"minecraft:glass":20,"minecraft:egg":2,"excompressum:compressed_hammer_stone":1,"minecraft:iron_ingot":51,"chisel:diamond_chisel":1,"pipez:basic_upgrade":2,"minecraft:cobblestone":122,"quark:spruce_chest":12,"chisel:cobblestone/dent":475,"minecraft:coal":1459,"ragnamod_6_sky:piece_aluminum":1043,"minecraft:iron_shovel":2,"ragnamod_6_sky:andesite_pebble":1,"minecraft:clay_ball":92,"mcwfences:spruce_horse_fence":30,"pipez:item_pipe":19,"minecraft:stone":3,"exnihilosequentia:mesh_string":17,"ragnamod_6_sky:gabbro_pebble":387,"minecraft:spruce_sign":14,"ragnamod_6_sky:diorite_pebble":53,"create:granite_cobblestone":11,"mob_grinding_utils:jumbo_tank":2,"creategearaddon:large_oak_cogwheel":1,"mob_grinding_utils:saw":1,"forbidden_arcanus:rune":4,"constructionwand:diamond_wand":2,"powah:uraninite":3,"creategearaddon:oak_cogwheel":12,"exnihilosequentia:mesh_diamond":1,"exnihilosequentia:crucible_fired":1,"create:large_cogwheel":2,"minecraft:gold_ingot":51,"minecraft:gravel":193,"exnihilosequentia:mesh_iron":1,"ragnamod_6_sky:piece_silver":9,"minecraft:gunpowder":1,"ragnamod_6_sky:cobble_pebble":59,"create:brass_ingot":27,"minecraft:water_bucket":1,"excompressum:compressed_dust":2,"compressium:gravel_1":3,"minecraft:stick":57,"chisel:stone_bricks/dent":128,"quark:clear_shard":13,"minecraft:torch":110,"chisel:glowstone/twisted":72,"ragnamod_6_sky:chunk_copper":4,"tconstruct:crafting_station":2,"chisel:planks/spruce/encased_planks":18,"minecraft:bucket":5,"minecraft:redstone":19,"create:shaft":3,"pipez:fluid_pipe":18,"ragnamod_6_sky:chunk_iron":19,"minecraft:andesite":35,"storagedrawers:drawer_key":2,"minecraft:spruce_log":60},"minecraft:picked_up":{"engineersdecor:dense_grit_sand_block":3,"tconstruct:cast_chest":1,"chisel:cobblestone/mosaic":4,"compressium:soulsand_1":2,"minecraft:lead":4,"minecraft:diamond_sword":3,"minecraft:smithing_table":2,"minecraft:stone_slab":25,"ragnamod_6_sky:piece_endumium":3,"minecraft:oak_stairs":8,"create:wrench":1,"create:limestone_cobblestone":6,"minecraft:golden_sword":3,"tconstruct:smeltery_controller":2,"minecraft:string":1026,"create:limestone":61,"endergetic:poise_beehive":9,"thermal:potion_cake":1,"thermal:barley_seeds":2,"minecraft:beetroot":9,"create:water_wheel":4,"tconstruct:ingot_cast":3,"mysticalagriculture:inferium_essence":8,"minecraft:gold_nugget":9,"mob_grinding_utils:ender_inhibitor_off":1,"minecraft:spruce_planks":47,"exnihilosequentia:seed_yellow_coral":8,"ragnamod_6_sky:cobble_pebble":1524,"minecraft:coal_block":1,"ragnamod_6_sky:granite_pebble":1402,"minecraft:beehive":15,"pamhc2foodextended:theatreboxitem":15,"chisel:planks/spruce/encased_large_planks":13,"minecraft:composter":1,"thermal:sadiroot_seeds":1,"create:andesite_casing":6,"chisel:cobblestone/dent":461,"chisel:planks/spruce/encased_planks":611,"chisel:stone_bricks/dent":568,"mob_grinding_utils:saw":3,"tconstruct:seared_faucet":4,"minecraft:cauldron":1,"minecraft:black_dye":9,"mob_grinding_utils:rotten_egg":1,"exnihilosequentia:barrel_stone":51,"thermal:apatite":813,"tconstruct:nether_grout":1,"quark:clear_shard":182,"pamhc2foodextended:poutineitem":1,"thermal:radish_seeds":1,"ragnamod_6_sky:piece_copper":1088,"mekanism:basic_fluid_tank":10,"cyclic:hopper":19,"minecraft:iron_bars":3,"create:andesite_cobblestone":375,"neapolitan:chocolate_cake":1,"exnihilosequentia:ancient_spores":2,"exnihilosequentia:seed_acacia":3,"minecraft:feather":14,"cyclic:shears_flint":1,"gildedingot:shroom_fruit":157,"exnihilosequentia:doll_crafting":5,"minecraft:brown_wool":2,"xreliquary:nebulous_heart":1,"mcwfences:oak_picket_fence":1,"minecraft:flint":26,"trashcans:item_trash_can":1,"ragnamod_6_sky:piece_gold":117,"brazier:warped_nether_wart":102,"cyclic:flower_cyan":16,"exnihilosequentia:seed_oak":4,"minecraft:twisting_vines":62,"thermal:sapphire":149,"create:gabbro":1,"framedblocks:framed_slope":7,"pipez:fluid_pipe":64,"minecraft:stonecutter":3,"ftbquests:book":2,"create:mechanical_drill":4,"architects_palette:sunmetal_block":20,"cyclic:soundproofing":80,"create:shaft":70,"forbidden_arcanus:rune":804,"tconstruct:seared_table":4,"minecraft:diamond_helmet":1,"minecraft:glowstone_dust":502,"xreliquary:mob_charm_fragment":1,"exnihilosequentia:mesh_string":43,"exnihilosequentia:seed_jungle":2,"exnihilosequentia:seed_darkoak":1,"patchouli:guide_book":6,"create:granite_cobblestone_slab":2,"mekanismtools:stone_paxel":2,"thermal:gold_plate":4,"chisel:factory/hazard":64,"thermal:onion_seeds":1,"forbidden_arcanus:rune_bag":1,"minecraft:barrel":1,"exnihilosequentia:silkworm":417,"astralsorcery:tome":1,"quark:cobbled_deepslate":14,"cookingforblockheads:spice_rack":2,"architects_palette:sunmetal_pillar":12,"constructionwand:stone_wand":1,"minecraft:lever":1,"minecraft:granite":7,"thermal:eggplant_seeds":3,"cyclic:apple_diamond":2,"mahoutsukai:guidebook":1,"chisel:glowstone/twisted":87,"minecraft:crimson_roots":62,"minecraft:diamond_pickaxe":1,"minecraft:spruce_leaves":3381,"minecraft:crafting_table":9,"minecraft:nether_wart":94,"minecraft:clay_ball":196,"minecraft:leather_leggings":2,"minecraft:redstone_lamp":2,"mob_grinding_utils:absorption_hopper":4,"pamhc2foodextended:scallionbakedpotatoitem":8,"tconstruct:tinkers_anvil":2,"compressium:dirt_1":1,"immersiveengineering:manual":2,"minecraft:iron_shovel":1,"ragnamod_6_sky:deepslate_pebble":1664,"darkutils:blank_plate":12,"farlanders:mystic_wand_teleport":1,"ragnamod_6_sky:chunk_iron":20,"minecraft:netherite_scrap":25,"pipez:advanced_upgrade":1,"ragnamod_6_sky:basalt_pebble":1610,"create:redstone_link":2,"quark:spruce_chest":276,"minecraft:netherite_sword":2,"create:blaze_cake_base":2,"thermal:niter":65,"minecraft:iron_nugget":6,"minecraft:poppy":10,"minecraft:spruce_slab":9,"minecraft:birch_sapling":16,"creategearaddon:oak_cogwheel":59,"minecraft:diamond_hoe":1,"minecraft:egg":81,"ragnamod_6_sky:piece_tin":311,"minecraft:stone":30,"architects_palette:flint_block":6,"pipez:item_pipe":106,"exnihilosequentia:seed_potato":3,"eidolon:wooden_altar":6,"chisel:cobblestone/french_1":4,"minecraft:carrot":2152,"minecraft:redstone":508,"chisel:andesite/mosaic":10,"create:vertical_gearbox":6,"rats:block_of_cheese":2,"rftoolsbase:manual":2,"minecraft:stone_shovel":1,"ragnamod_6_sky:piece_ender":29,"minecraft:beetroot_seeds":25,"chisel:laboratory/fuzzscreen":128,"storagedrawers:controller":1,"minecraft:gold_ingot":55,"tconstruct:part_chest":3,"minecraft:white_wool":15,"minecraft:blackstone_slab":9,"tconstruct:seared_fuel_tank":1,"mob_grinding_utils:tank":5,"minecraft:oak_log":750,"framedblocks:framed_slab":18,"astralsorcery:aquamarine":269,"chisel:cobblestone/weaver":180,"chisel:diorite/encased_bricks":6,"minecraft:paper":16,"pamhc2foodextended:friedfeastitem":7,"tconstruct:seared_brick":147,"rats:plague_leech":32,"pipez:basic_upgrade":4,"tconstruct:seared_heater":1,"minecraft:apple":43,"chisel:futura/controller":64,"mcwfences:spruce_highley_gate":1,"minecraft:kelp":62,"ironfurnaces:augment_speed":5,"minecraft:cobweb":128,"exnihilosequentia:seed_berry":5,"minecraft:iron_sword":40,"rats:chef_toque":2,"elevatorid:elevator_white":2,"powah:uraninite":246,"thermal:strawberry_seeds":2,"minecraft:gravel":8329,"farlanders:mystic_wand_fire_small":8,"exnihilosequentia:crushed_end_stone":58,"xreliquary:catalyzing_gland":3,"minecraft:spruce_sapling":277,"compressium:clay_1":1,"minecraft:spruce_log":4146,"create:gearbox":7,"minecraft:leather_helmet":1,"create:millstone":8,"cookingforblockheads:sink":6,"exnihilosequentia:mesh_diamond":20,"immersiveengineering:seed":46,"compressium:cobblestone_1":4,"tconstruct:seared_melter":2,"ragnamod_6_sky:piece_pendorite":5,"minecraft:warped_roots":70,"minecraft:melon_seeds":11,"ragnamod_6_sky:piece_emeraldite":47,"rats:cauldron_milk":1,"ragnamod_6_sky:piece_tungsten":45,"minecraft:ender_pearl":50,"rats:trash_can":2,"minecraft:wheat":5,"ragnamod_6_sky:piece_soulium":82,"constructionwand:diamond_wand":2,"create:mechanical_crafter":13,"ragnamod_6_sky:blackstone_pebble":1582,"pamhc2foodextended:cinnamonbreaditem":8,"chisel:andesite/road":7,"minecraft:nether_brick":38,"chisel:planks/spruce/crude_horizontal_planks":16,"minecraft:oak_sign":4,"thermal:sulfur":88,"thermal:iron_plate":2,"exnihilosequentia:seed_fern":2,"minecraft:bucket":9,"cyclic:disenchanter":2,"excompressum:compressed_hammer_stone":1,"neapolitan:banana_bread":8,"chisel:planks/spruce/braid":8,"thermal:spinach_seeds":3,"minecraft:furnace":10,"exnihilosequentia:hammer_stone":2,"exnihilosequentia:sieve":38,"minecraft:stick":284,"ragnamod_6_sky:diorite_pebble":1628,"create:dough":1,"neapolitan:vanilla_fudge":16,"exnihilosequentia:seed_bamboo":2,"xreliquary:zombie_heart":3,"ragnamod_6_sky:piece_zinc":1583,"minecraft:oak_fence":547,"minecraft:torch":338,"minecraft:dried_kelp":2,"compressium:gravel_1":1,"minecraft:diorite":5,"thermal:flax_seeds":11,"exnihilosequentia:crucible_fired":5,"create:large_cogwheel":11,"ragnamod_6_sky:andesite_pebble":1238,"minecraft:cactus":2,"minecraft:rotten_flesh":59,"thermal:corn_seeds":1,"ragnamod_6_sky:piece_iron":1577,"exnihilosequentia:crushed_netherrack":135,"mob_grinding_utils:saw_upgrade_looting":10,"minecraft:obsidian":195,"minecraft:blaze_powder":40,"minecraft:cobblestone":2127,"tconstruct:seared_bricks":21,"chisel:andesite/french_1":42,"immersiveengineering:toolbox":2,"minecraft:andesite":37,"excompressum:compressed_ender_gravel":1,"connectedglass:tinted_borderless_glass":2,"minecraft:potato":28,"create:belt_connector":9,"storagedrawers:drawer_key":4,"supplementaries:flax_seeds":4,"create:gabbro_cobblestone":45,"exnihilosequentia:porcelain_clay":18,"minecraft:lapis_lazuli":2998,"minecraft:dirt":86,"chisel:planks/spruce/vertical_planks":9,"exnihilosequentia:seed_spruce":4,"minecraft:leather_boots":2,"minecraft:glass":188,"chisel:cobblestone/twisted":8,"neapolitan:adzuki_bun":6,"minecraft:bone":9,"minecraft:wheat_seeds":68,"minecraft:bell":6,"exnihilosequentia:grass_seeds":3,"minecraft:stone_hoe":2,"create:flywheel":6,"minecraft:oak_planks":277,"exnihilosequentia:seed_blue_coral":4,"minecraft:ghast_tear":99,"thermal:bell_pepper_seeds":1,"minecraft:cooked_porkchop":12,"exnihilosequentia:crucible_wood":6,"exnihilosequentia:mesh_iron":13,"minecraft:sand":3788,"tconstruct:seared_bricks_wall":1,"excompressum:compressed_dust":2,"eidolon:codex":1,"ragnamod_6_sky:chunk_silver":8,"chisel:andesite/encased_bricks":6,"decorative_blocks:oak_palisade":12,"mob_grinding_utils:jumbo_tank":6,"forbidden_arcanus:ender_pearl_fragment":11,"exnihilosequentia:seed_large_fern":3,"minecraft:clay":120,"kubejs:brass_plate":4,"minecraft:diamond":205,"ragnamod_6_sky:piece_silver":1757,"tconstruct:seared_basin":3,"exnihilosequentia:seed_cactus":3,"darkutils:vector_plate":14,"botanypots:botany_pot":2,"minecraft:bone_meal":742,"minecraft:spruce_sign":69,"minecraft:emerald":970,"create:furnace_engine":4,"minecraft:oak_sapling":177,"minecraft:netherrack":146,"exnihilosequentia:seed_pink_coral":10,"minecraft:oak_leaves":796,"exnihilosequentia:crook_stone":3,"minecraft:charcoal":123,"tconstruct:crafting_station":36,"minecraft:chicken":2,"exnihilosequentia:mesh_flint":27,"thermal:cinnabar":686,"lavasponge:lavasponge":3,"createaddition:rolling_mill":12,"mcwfences:spruce_horse_fence":94,"minecraft:brick":94,"ragnamod_6_sky:piece_cobalt":56,"tconstruct:nugget_cast":1,"exnihilosequentia:seed_carrot":5,"minecraft:oak_trapdoor":4,"mob_grinding_utils:saw_upgrade_sharpness":10,"exnihilosequentia:seed_birch":3,"minecraft:wooden_sword":4,"exnihilosequentia:dust":2037,"tconstruct:seared_glass":14,"minecraft:blackstone":232,"iceandfire:amythest_gem":951,"framedblocks:framed_cube":2,"mcwfences:spruce_stockade_fence":9,"chisel:planks/oak/encased_smooth":4,"create:basin":1,"upgradednetherite:netherite_bow":1,"minecraft:sugar_cane":266,"minecraft:phantom_membrane":6,"minecraft:spruce_trapdoor":1,"mcwfences:modern_stone_brick_wall":11,"minecraft:orange_dye":2,"minecraft:end_stone":58,"framedblocks:framed_corner_slope":8,"pamhc2foodextended:tacoitem":7,"minecraft:gray_dye":3,"exnihilosequentia:seed_kelp":4,"pamhc2foodextended:bentoboxitem":24,"create:hand_crank":11,"ragnamod_6_sky:gabbro_pebble":1880,"exnihilosequentia:barrel_wood":79,"framedblocks:framed_fence":4,"thermal:peanut_seeds":6,"minecraft:arrow":18,"minecraft:weeping_vines":57,"chisel:planks/spruce/braced_planks":2,"tconstruct:grout":266,"chisel:stone_bricks/extra/poison":14,"excompressum:oak_heavy_sieve":12,"tconstruct:tinker_station":4,"ironfurnaces:silver_furnace":6,"ragnamod_6_sky:piece_osmium":1132,"ragnamod_6_sky:piece_aluminum":3863,"integrateddynamics:drying_basin":2,"minecraft:basalt":18,"creategearaddon:large_oak_cogwheel":14,"tconstruct:part_builder":4,"minecraft:leather":71,"storagedrawers:upgrade_template":41,"farlanders:mystic_wand_ore":3,"minecraft:crimson_fungus":77,"create:andesite_alloy":195,"chisel:diamond_chisel":2,"minecraft:gunpowder":830,"ragnamod_6_sky:chunk_copper":24,"minecraft:cooked_mutton":6,"ragnamod_6_sky:piece_platinum":35,"supplementaries:wrench":1,"chisel:andesite/weaver":4,"byg:ametrine_gems":8,"rats:rat_flute":3,"minecraft:iron_ingot":115,"quark:tallow":3,"thermal:tomato_seeds":2,"storagedrawers:oak_full_drawers_1":112,"minecraft:acacia_sapling":4,"minecraft:soul_sand":92,"exnihilosequentia:seed_purple_coral":10,"sophisticatedbackpacks:diamond_backpack":1,"minecraft:book":1,"minecraft:oak_slab":680,"create:diorite_cobblestone":63,"minecraft:warped_fungus":85,"thermal:copper_ingot":65,"create:granite_cobblestone":55,"minecraft:stone_brick_slab":153,"minecraft:quartz":180,"minecraft:dandelion":4,"ragnamod_6_sky:piece_amber":22,"minecraft:white_bed":7,"thermal:green_bean_seeds":2,"quark:oak_chest":33,"minecraft:spruce_door":2,"minecraft:spider_eye":15,"thermal:rice_seeds":7,"minecraft:pumpkin_seeds":18,"ragnamod_6_sky:piece_uranium":194,"framedcompactdrawers:framed_full_one":41,"create:brass_ingot":23,"ragnamod_6_sky:piece_nickel":188,"ironfurnaces:copper_furnace":2,"xreliquary:chelicerae":2,"ragnamod_6_sky:piece_lead":1110,"mekanism:fluorite_gem":34,"minecraft:terracotta":13,"tconstruct:pattern":80,"thermal:ruby":146,"exnihilosequentia:seed_red_coral":10,"minecraft:coal":4482},"minecraft:crafted":{"pipez:basic_upgrade":4,"tconstruct:fantastic_foundry":1,"pipez:improved_upgrade":2,"pipez:item_pipe":16,"ironfurnaces:iron_furnace":3,"sophisticatedbackpacks:crafting_upgrade":1,"minecraft:diamond_shovel":1,"minecraft:nether_brick":0,"ironfurnaces:diamond_furnace":1,"tconstruct:seared_melter":1,"minecraft:granite":0,"connectedglass:tinted_glass":5,"sophisticatedbackpacks:smelting_upgrade":1,"minecraft:glass":31,"minecraft:diamond_helmet":1,"chisel:diamond_chisel":1,"exnihilosequentia:mesh_flint":1,"storagedrawers:oak_full_drawers_1":1,"ironfurnaces:augment_speed":1,"create:gabbro":0,"tconstruct:encyclopedia":1,"rats:assorted_vegetables":1,"ragnamod_6_sky:chunk_iron":2,"constructionwand:stone_wand":1,"minecraft:stone_slab":6,"quark:oak_chest":5,"minecraft:iron_pickaxe":2,"excompressum:oak_heavy_sieve":4,"minecraft:gold_ingot":0,"storagedrawers:drawer_key":1,"minecraft:netherite_ingot":1,"sophisticatedbackpacks:netherite_backpack":1,"storagedrawers:upgrade_template":4,"mob_grinding_utils:ender_inhibitor_on":1,"minecraft:stone_shovel":1,"tconstruct:part_builder":1,"create:wrench":1,"minecraft:iron_nugget":9,"exnihilosequentia:crucible_fired":1,"thermal:copper_ingot":17,"akashictome:tome":11,"tconstruct:seared_basin":1,"enigmaticlegacy:iron_ring":1,"storagedrawers:emerald_storage_upgrade":1,"tconstruct:tinker_station":1,"ironfurnaces:emerald_furnace":1,"minecraft:basalt":1,"minecraft:terracotta":0,"thermal:silver_ingot":8,"minecraft:stone_pickaxe":1,"quark:spruce_chest":21,"framedblocks:framed_fence":3,"exnihilosequentia:sieve":21,"constructionwand:diamond_wand":1,"excompressum:compressed_hammer_stone":1,"tconstruct:nether_grout":2,"minecraft:enchanting_table":1,"tconstruct:part_chest":1,"minecraft:dried_kelp":0,"sophisticatedbackpacks:gold_backpack":2,"mob_grinding_utils:saw":1,"minecraft:orange_dye":25,"tconstruct:seared_heater":2,"mcwfences:spruce_horse_fence":3,"minecraft:cobblestone":9,"minecraft:flint":6,"sophisticatedbackpacks:stonecutter_upgrade":1,"enigmaticlegacy:magnet_ring":1,"tconstruct:grout":8,"minecraft:brick":0,"exnihilosequentia:mesh_iron":5,"mekanismtools:diamond_paxel":2,"mekanismtools:refined_obsidian_sword":1,"minecraft:oak_planks":76,"mekanismtools:iron_paxel":1,"minecraft:barrel":1,"tconstruct:puny_smelting":1,"createaddition:rolling_mill":1,"create:andesite_casing":16,"minecraft:stone":9,"mob_grinding_utils:tank":4,"pipez:fluid_pipe":16,"minecraft:hopper":1,"cyclic:disenchanter":1,"minecraft:comparator":4,"tconstruct:materials_and_you":1,"ironfurnaces:silver_furnace":1,"tconstruct:seared_brick":0,"tconstruct:seared_fuel_tank":1,"mob_grinding_utils:absorption_hopper":2,"minecraft:ender_eye":1,"exnihilosequentia:barrel_wood":3,"minecraft:dropper":6,"sophisticatedbackpacks:backpack":3,"minecraft:crafting_table":2,"minecraft:spruce_planks":112,"mcwfences:spruce_pyramid_gate":7,"cookingforblockheads:counter":1,"mcwfences:modern_stone_brick_wall":6,"sophisticatedbackpacks:upgrade_base":3,"mekanismtools:stone_paxel":1,"minecraft:diorite":0,"minecraft:paper":18,"minecraft:charcoal":53,"create:water_wheel":2,"sophisticatedbackpacks:diamond_backpack":1,"minecraft:stick":124,"minecraft:iron_ingot":37,"exnihilosequentia:mesh_diamond":7,"darkutils:blank_plate":48,"minecraft:redstone_torch":18,"tconstruct:seared_fuel_gauge":1,"pipez:advanced_upgrade":2,"tconstruct:pattern":6,"ironfurnaces:gold_furnace":1,"minecraft:furnace":1,"mcwfences:spruce_stockade_fence":3,"storagedrawers:controller":2,"minecraft:iron_axe":1,"immersiveengineering:wirecutter":1,"tconstruct:seared_table":1,"trashcans:item_trash_can":1,"storagedrawers:spruce_full_drawers_1":1,"exnihilosequentia:hammer_stone":5,"sophisticatedbackpacks:iron_backpack":2,"minecraft:magma_cream":1,"compressium:gravel_1":1,"create:granite_cobblestone_stairs":4,"minecraft:bone_block":6,"minecraft:diamond_sword":1,"mob_grinding_utils:saw_upgrade_sharpness":1,"framedcompactdrawers:framed_full_one":10,"integrateddynamics:drying_basin":1,"minecraft:bucket":4,"minecraft:stone_axe":1,"minecraft:air":8549,"ironfurnaces:copper_furnace":2,"framedblocks:framed_cube":12,"tconstruct:crafting_station":3,"compressium:cobblestone_1":1,"tconstruct:seared_faucet":2,"minecraft:stonecutter":1,"create:mechanical_drill":1,"mob_grinding_utils:jumbo_tank":1,"minecraft:andesite":91},"minecraft:broken":{"minecraft:golden_boots":1,"mekanismtools:stone_paxel":1,"cyclic:shears_flint":1,"minecraft:shears":18,"constructionwand:stone_wand":3,"chisel:diamond_chisel":2,"mekanismtools:iron_paxel":2,"farlanders:mystic_wand_fire_small":1,"mekanismtools:diamond_paxel":1,"excompressum:compressed_hammer_stone":7},"minecraft:custom":{"minecraft:interact_with_crafting_table":24,"minecraft:open_barrel":4,"minecraft:bell_ring":1,"minecraft:eat_cake_slice":21,"minecraft:leave_game":6,"minecraft:time_since_death":488659,"minecraft:deaths":15,"minecraft:jump":15555,"minecraft:interact_with_furnace":325,"minecraft:traded_with_villager":2,"minecraft:sleep_in_bed":29,"minecraft:damage_dealt":4772,"minecraft:interact_with_smithing_table":4,"minecraft:sneak_time":129857,"minecraft:interact_with_stonecutter":12,"minecraft:time_since_rest":15372,"minecraft:use_wand":1836,"minecraft:swim_one_cm":5567,"minecraft:fly_one_cm":4180986,"minecraft:open_chest":4002,"minecraft:fall_one_cm":193875,"minecraft:sprint_one_cm":2292425,"minecraft:drop":291,"minecraft:talked_to_villager":30,"minecraft:walk_on_water_one_cm":30014,"minecraft:play_one_minute":1453289,"minecraft:crouch_one_cm":393993,"minecraft:mob_kills":28,"minecraft:climb_one_cm":2207,"minecraft:walk_one_cm":2575551,"minecraft:walk_under_water_one_cm":13280,"minecraft:damage_taken":8490},"minecraft:used":{"minecraft:spruce_slab":9,"trashcans:item_trash_can":2,"minecraft:stone":16,"excompressum:compressed_hammer_stone":917,"chisel:planks/spruce/encased_planks":1931,"minecraft:soul_sand":1,"chisel:cobblestone/twisted":8,"create:mechanical_crafter":13,"chisel:stone_bricks/extra/poison":3,"cyclic:shears_flint":64,"minecraft:lava_bucket":16,"pamhc2foodextended:holidaycakeitem":8,"pamhc2foodextended:cinnamonbreaditem":8,"exnihilosequentia:seed_kelp":1,"ironfurnaces:crystal_furnace":2,"tconstruct:seared_faucet":6,"tconstruct:tinkers_anvil":3,"create:shaft":45,"minecraft:furnace":5,"minecraft:oak_sapling":39,"minecraft:egg":31,"exnihilosequentia:crushed_netherrack":1,"chisel:glowstone/twisted":20,"minecraft:spruce_door":1,"immersiveengineering:toolbox":2,"compressium:cobblestone_1":913,"minecraft:blackstone":94,"chisel:planks/spruce/braid":8,"minecraft:clay":25,"elevatorid:elevator_white":4,"minecraft:sand":17,"mob_grinding_utils:tank":5,"immersiveengineering:hammer":1,"mob_grinding_utils:ender_inhibitor_on":1,"exnihilosequentia:crucible_wood":4,"mekanismtools:iron_paxel":1481,"darkutils:vector_plate":26,"exnihilosequentia:sieve":54,"minecraft:diamond_sword":61,"framedcompactdrawers:framed_full_one":135,"minecraft:smithing_table":3,"farlanders:mystic_wand_teleport":2,"exnihilosequentia:seed_cactus":1,"create:granite_cobblestone_slab":1,"minecraft:oak_trapdoor":3,"ironfurnaces:copper_furnace":2,"creategearaddon:oak_cogwheel":45,"create:limestone":3,"framedblocks:framed_slab":6,"chisel:stone_bricks/dent":363,"minecraft:netherrack":8,"compressium:netherrack_1":14,"minecraft:torch":376,"tconstruct:seared_drain":2,"cookingforblockheads:counter":1,"exnihilosequentia:grass_seeds":4,"cyclic:disenchanter":1,"chisel:planks/spruce/crude_horizontal_planks":16,"chisel:planks/spruce/encased_large_planks":13,"create:wrench":30,"create:gearbox":7,"storagedrawers:controller":4,"minecraft:barrel":2,"farlanders:mystic_wand_fire_small":4,"pamhc2foodextended:carrotjuiceitem":36,"tconstruct:cast_chest":2,"constructionwand:diamond_wand":178,"compressium:gravel_1":415,"chisel:glowstone/extra/bismuth":1,"create:belt_connector":17,"chisel:andesite/encased_bricks":6,"minecraft:water_bucket":81,"mob_grinding_utils:solid_xp_baby":1,"framedblocks:framed_slope":1,"exnihilosequentia:seed_large_fern":1,"integrateddynamics:drying_basin":1,"mekanismtools:stone_paxel":401,"pamhc2foodcore:applejuiceitem":4,"compressium:endstone_1":6,"chisel:andesite/weaver":4,"minecraft:crafting_table":5,"minecraft:oak_slab":546,"exnihilosequentia:seed_carrot":4,"minecraft:white_bed":7,"cyclic:hopper":16,"exnihilosequentia:barrel_wood":79,"minecraft:spruce_log":179,"minecraft:diamond_pickaxe":148,"tconstruct:seared_table":5,"tconstruct:part_chest":2,"minecraft:spruce_pressure_plate":3,"chisel:planks/spruce/vertical_planks":9,"create:water_wheel":5,"mob_grinding_utils:absorption_hopper":6,"minecraft:spruce_trapdoor":1,"exnihilosequentia:crucible_fired":8,"minecraft:spruce_sapling":200,"exnihilosequentia:seed_sugarcane":2,"pamhc2foodextended:theatreboxitem":14,"minecraft:cobblestone":330,"tconstruct:seared_melter":1,"create:gabbro_cobblestone":3,"quark:oak_chest":14,"mcwfences:spruce_stockade_fence":6,"create:redstone_link":6,"mcwfences:spruce_highley_gate":2,"compressium:soulsand_1":2,"pamhc2foodextended:friedfeastitem":7,"minecraft:diamond_hoe":185,"minecraft:oak_sign":3,"mekanism:basic_fluid_tank":8,"minecraft:bell":2,"tconstruct:seared_fuel_tank":2,"ironfurnaces:silver_furnace":7,"cookingforblockheads:spice_rack":1,"engineersdecor:dense_grit_sand_block":3,"minecraft:carrot":753,"minecraft:beehive":1,"mekanismtools:diamond_paxel":5244,"minecraft:glass":87,"pamhc2foodextended:fruitcakeitem":8,"create:millstone":9,"neapolitan:vanilla_fudge":16,"chisel:cobblestone/mosaic":4,"pamhc2foodextended:roastpotatoesitem":8,"thermal:peanut_seeds":1,"exnihilosequentia:barrel_stone":44,"minecraft:redstone_lamp":2,"pipez:item_pipe":105,"create:mechanical_drill":5,"minecraft:beetroot_seeds":1,"chisel:cobblestone/weaver":806,"tconstruct:smeltery_controller":3,"mcwfences:spruce_pyramid_gate":7,"minecraft:oak_planks":248,"minecraft:ender_pearl":1,"minecraft:sugar_cane":6,"compressium:sand_1":191,"create:flywheel":3,"createaddition:rolling_mill":11,"tconstruct:seared_bricks_wall":25,"minecraft:end_stone":4,"minecraft:shears":4220,"creategearaddon:large_oak_cogwheel":12,"thermal:flax_seeds":3,"mob_grinding_utils:saw":3,"minecraft:lever":6,"neapolitan:banana_cake":1,"minecraft:string":1,"create:andesite_casing":1,"minecraft:gravel":14,"exnihilosequentia:dust":13,"minecraft:blackstone_slab":6,"mob_grinding_utils:fluid_xp_bucket":1,"chisel:andesite/french_1":188,"tconstruct:crafting_station":41,"minecraft:andesite":7,"create:vertical_gearbox":6,"minecraft:bone_meal":177,"create:large_cogwheel":12,"storagedrawers:oak_full_drawers_1":112,"chisel:diorite/encased_bricks":6,"cookingforblockheads:sink":7,"minecraft:oak_fence":370,"framedblocks:framed_fence":1,"pamhc2foodextended:steakfajitaitem":8,"mob_grinding_utils:jumbo_tank":6,"minecraft:redstone":5,"minecraft:spruce_planks":78,"neapolitan:banana_bread":8,"excompressum:oak_heavy_sieve":13,"minecraft:stone_hoe":1,"architects_palette:chiseled_sunmetal_block":4,"chisel:cobblestone/dent":72,"minecraft:dirt":488,"tconstruct:seared_bricks":55,"chisel:cobblestone/french_1":4,"minecraft:stone_brick_slab":79,"connectedglass:tinted_borderless_glass":45,"chisel:andesite/mosaic":9,"quark:spruce_chest":255,"mob_grinding_utils:rotten_egg":1,"exnihilosequentia:seed_potato":8,"minecraft:oak_stairs":8,"create:furnace_engine":2,"cyclic:soundproofing":32,"excompressum:compressed_hammer_diamond":664,"tconstruct:tinker_station":3,"exnihilosequentia:seed_fern":3,"architects_palette:sunmetal_block":7,"create:diorite_cobblestone":22,"mcwfences:spruce_horse_fence":783,"immersiveengineering:blastbrick":27,"tconstruct:part_builder":5,"pipez:fluid_pipe":22,"minecraft:spruce_sign":56,"minecraft:stonecutter":2,"mob_grinding_utils:ender_inhibitor_off":1,"create:granite_cobblestone":154,"constructionwand:stone_wand":64,"mcwfences:modern_stone_brick_wall":5,"tconstruct:seared_basin":4,"chisel:cobblestone/extra/marker":9,"chisel:glowstone/extra/tiles_large_bismuth":1,"minecraft:stone_slab":17,"exnihilosequentia:ancient_spores":3,"cookingforblockheads:fruit_basket":1,"ironfurnaces:emerald_furnace":1,"thermal:tomato_seeds":1,"minecraft:bucket":69,"create:hand_crank":13,"storagedrawers:drawer_key":89,"chisel:andesite/road":7,"tconstruct:seared_glass":51}},"DataVersion":2586}