{"stats":{"minecraft:custom":{"minecraft:interact_with_crafting_table":22,"minecraft:open_barrel":4,"minecraft:eat_cake_slice":5,"minecraft:leave_game":2,"minecraft:time_since_death":88960,"minecraft:climb_one_cm":1089,"minecraft:sprint_one_cm":179785,"minecraft:walk_one_cm":309193,"minecraft:drop":60,"minecraft:deaths":3,"minecraft:sneak_time":29605,"minecraft:jump":914,"minecraft:walk_on_water_one_cm":1389,"minecraft:interact_with_furnace":31,"minecraft:play_one_minute":186633,"minecraft:sleep_in_bed":1,"minecraft:time_since_rest":88986,"minecraft:damage_taken":875,"minecraft:use_wand":185,"minecraft:damage_dealt":73,"minecraft:fly_one_cm":137684,"minecraft:open_chest":289,"minecraft:crouch_one_cm":74115,"minecraft:fall_one_cm":11350},"minecraft:mined":{"minecraft:white_bed":3,"minecraft:oak_sapling":1,"create:millstone":4,"minecraft:spruce_leaves":222,"exnihilosequentia:barrel_stone":9,"rats:block_of_cheese":1,"minecraft:furnace":1,"compressium:gravel_1":3,"minecraft:barrel":2,"minecraft:andesite":7,"exnihilosequentia:sieve":4,"creategearaddon:oak_cogwheel":6,"supplementaries:stick":4,"cyclic:hopper":2,"minecraft:oak_slab":28,"quark:oak_chest":8,"exnihilosequentia:dust":2,"framedblocks:framed_corner_slope":4,"endergetic:poise_beehive":2,"minecraft:oak_fence":33,"minecraft:clay":2,"minecraft:crafting_table":2,"minecraft:torch":12,"create:granite_cobblestone":14,"minecraft:cobblestone":1,"excompressum:oak_heavy_sieve":2,"minecraft:oak_planks":77,"create:gabbro_cobblestone":23,"minecraft:cauldron":1,"compressium:sand_1":7,"compressium:cobblestone_1":10,"minecraft:beehive":3,"minecraft:spruce_log":216,"exnihilosequentia:crucible_wood":1,"exnihilosequentia:barrel_wood":28,"minecraft:oak_log":441,"create:diorite_cobblestone":8,"minecraft:gravel":2,"create:hand_crank":4,"quark:spruce_chest":17,"minecraft:sand":2,"minecraft:dirt":2,"tconstruct:crafting_station":5,"creategearaddon:large_oak_cogwheel":6,"minecraft:oak_leaves":64},"minecraft:crafted":{"tconstruct:pattern":3,"minecraft:oak_planks":44,"minecraft:stone_shovel":1,"minecraft:barrel":1,"exnihilosequentia:crucible_fired":1,"minecraft:stone":9,"minecraft:basalt":1,"minecraft:stone_pickaxe":1,"quark:spruce_chest":4,"exnihilosequentia:barrel_wood":3,"exnihilosequentia:sieve":21,"exnihilosequentia:mesh_flint":1,"create:granite_cobblestone_stairs":4,"excompressum:compressed_hammer_stone":1,"minecraft:crafting_table":1,"minecraft:bucket":1,"minecraft:stone_axe":1,"mekanismtools:stone_paxel":1,"minecraft:air":1626,"minecraft:charcoal":53,"minecraft:cobblestone":9,"minecraft:stone_slab":6,"constructionwand:stone_wand":1,"minecraft:stick":20,"minecraft:flint":6,"minecraft:iron_ingot":3,"minecraft:andesite":91},"minecraft:dropped":{"minecraft:water_bucket":1,"excompressum:compressed_dust":1,"create:granite_cobblestone":10,"compressium:gravel_1":3,"create:andesite_cobblestone":301,"creategearaddon:large_oak_cogwheel":1,"exnihilosequentia:mesh_flint":1,"tconstruct:crafting_station":2,"creategearaddon:oak_cogwheel":5,"minecraft:bone_meal":17,"create:large_cogwheel":2,"create:diorite_cobblestone":16,"minecraft:gravel":1,"minecraft:clay_ball":17,"minecraft:gunpowder":1,"minecraft:andesite":35,"exnihilosequentia:mesh_string":17},"minecraft:used":{"minecraft:oak_fence":246,"creategearaddon:oak_cogwheel":7,"pamhc2foodextended:friedfeastitem":6,"excompressum:compressed_hammer_stone":20,"excompressum:oak_heavy_sieve":2,"neapolitan:banana_bread":8,"minecraft:torch":67,"minecraft:dirt":5,"cyclic:shears_flint":64,"quark:spruce_chest":67,"minecraft:oak_stairs":8,"create:millstone":5,"create:diorite_cobblestone":21,"minecraft:barrel":2,"exnihilosequentia:barrel_stone":12,"minecraft:oak_sapling":27,"minecraft:furnace":4,"compressium:gravel_1":3,"minecraft:water_bucket":27,"mob_grinding_utils:solid_xp_baby":1,"minecraft:oak_planks":155,"compressium:cobblestone_1":10,"mekanismtools:stone_paxel":217,"minecraft:clay":2,"compressium:sand_1":7,"minecraft:sand":2,"minecraft:oak_slab":374,"minecraft:crafting_table":2,"create:granite_cobblestone":37,"constructionwand:stone_wand":29,"cyclic:hopper":3,"minecraft:white_bed":3,"exnihilosequentia:barrel_wood":53,"creategearaddon:large_oak_cogwheel":6,"neapolitan:banana_cake":1,"exnihilosequentia:crucible_wood":2,"exnihilosequentia:crucible_fired":1,"minecraft:gravel":2,"exnihilosequentia:dust":2,"exnihilosequentia:sieve":23,"create:gabbro_cobblestone":3,"tconstruct:crafting_station":12,"minecraft:bucket":9,"minecraft:andesite":7,"quark:oak_chest":2,"create:hand_crank":6,"create:granite_cobblestone_slab":1,"create:large_cogwheel":1},"minecraft:picked_up":{"minecraft:crafting_table":5,"exnihilosequentia:crook_stone":1,"minecraft:charcoal":82,"tconstruct:crafting_station":4,"minecraft:clay_ball":17,"exnihilosequentia:mesh_flint":4,"ragnamod_6_sky:blackstone_pebble":599,"minecraft:stone_slab":5,"pamhc2foodextended:cinnamonbreaditem":8,"compressium:dirt_1":1,"immersiveengineering:manual":1,"exnihilosequentia:seed_carrot":1,"minecraft:string":489,"ragnamod_6_sky:deepslate_pebble":549,"exnihilosequentia:seed_birch":1,"endergetic:poise_beehive":3,"exnihilosequentia:dust":65,"ragnamod_6_sky:basalt_pebble":538,"minecraft:blackstone":19,"quark:spruce_chest":31,"exnihilosequentia:seed_fern":1,"minecraft:bucket":1,"neapolitan:banana_bread":8,"ragnamod_6_sky:cobble_pebble":313,"creategearaddon:oak_cogwheel":20,"minecraft:birch_sapling":8,"minecraft:furnace":1,"exnihilosequentia:hammer_stone":2,"ragnamod_6_sky:granite_pebble":381,"exnihilosequentia:sieve":6,"minecraft:stick":81,"minecraft:beehive":4,"ragnamod_6_sky:diorite_pebble":548,"pamhc2foodextended:theatreboxitem":15,"neapolitan:vanilla_fudge":16,"ragnamod_6_sky:piece_zinc":19,"framedblocks:framed_corner_slope":4,"architects_palette:flint_block":5,"minecraft:oak_fence":36,"minecraft:torch":22,"create:andesite_casing":4,"exnihilosequentia:seed_potato":1,"compressium:gravel_1":1,"create:hand_crank":6,"ragnamod_6_sky:gabbro_pebble":580,"exnihilosequentia:barrel_wood":30,"minecraft:cauldron":1,"exnihilosequentia:barrel_stone":10,"rats:block_of_cheese":1,"ragnamod_6_sky:andesite_pebble":558,"create:large_cogwheel":3,"rftoolsbase:manual":1,"pamhc2foodextended:poutineitem":1,"minecraft:beetroot_seeds":5,"excompressum:oak_heavy_sieve":2,"ragnamod_6_sky:piece_iron":18,"ragnamod_6_sky:piece_copper":15,"cyclic:hopper":2,"create:andesite_cobblestone":375,"neapolitan:chocolate_cake":1,"minecraft:cobblestone":4,"exnihilosequentia:seed_acacia":1,"ragnamod_6_sky:piece_aluminum":21,"cyclic:shears_flint":1,"minecraft:basalt":18,"creategearaddon:large_oak_cogwheel":9,"minecraft:andesite":37,"minecraft:flint":1,"exnihilosequentia:porcelain_clay":8,"minecraft:oak_log":644,"create:andesite_alloy":186,"supplementaries:flax_seeds":4,"create:gabbro_cobblestone":43,"minecraft:gunpowder":21,"minecraft:lapis_lazuli":11,"minecraft:dirt":21,"pamhc2foodextended:friedfeastitem":7,"exnihilosequentia:seed_spruce":1,"neapolitan:adzuki_bun":6,"minecraft:apple":18,"minecraft:wheat_seeds":6,"ftbquests:book":1,"minecraft:bell":1,"minecraft:cobweb":64,"create:shaft":24,"exnihilosequentia:seed_berry":2,"minecraft:acacia_sapling":4,"minecraft:oak_planks":90,"rats:chef_toque":1,"exnihilosequentia:mesh_string":26,"minecraft:oak_slab":140,"create:diorite_cobblestone":21,"exnihilosequentia:crucible_wood":2,"patchouli:guide_book":5,"create:granite_cobblestone":47,"minecraft:gravel":127,"minecraft:sand":66,"compressium:clay_1":1,"minecraft:spruce_sapling":49,"minecraft:spruce_log":283,"minecraft:white_bed":3,"excompressum:compressed_dust":1,"eidolon:codex":1,"quark:oak_chest":9,"exnihilosequentia:silkworm":188,"minecraft:barrel":1,"astralsorcery:tome":1,"quark:cobbled_deepslate":14,"create:millstone":5,"minecraft:pumpkin_seeds":5,"exnihilosequentia:seed_large_fern":1,"minecraft:clay":2,"architects_palette:sunmetal_pillar":4,"exnihilosequentia:seed_cactus":1,"minecraft:bone_meal":16,"mahoutsukai:guidebook":1,"minecraft:oak_sapling":73,"minecraft:melon_seeds":1,"rats:cauldron_milk":1,"minecraft:coal":32,"minecraft:oak_leaves":96},"minecraft:broken":{"cyclic:shears_flint":1,"constructionwand:stone_wand":1}},"DataVersion":2586}