{"stats":{"minecraft:mined":{"minecraft:oak_slab":2,"exnihilosequentia:dust":1,"minecraft:oak_fence":4,"create:granite_cobblestone":1,"minecraft:cobblestone":58,"create:gabbro_cobblestone":2,"create:shaft":1,"minecraft:spruce_log":1,"exnihilosequentia:sieve":5,"exnihilosequentia:crucible_wood":1,"minecraft:oak_log":79,"minecraft:sand":2,"minecraft:gravel":98,"minecraft:oak_leaves":130,"exnihilosequentia:infested_leaves":236,"astralsorcery:flare_light":1},"minecraft:custom":{"minecraft:interact_with_furnace":1,"minecraft:interact_with_crafting_table":31,"minecraft:play_one_minute":73100,"minecraft:bell_ring":2,"minecraft:eat_cake_slice":2,"minecraft:leave_game":1,"minecraft:time_since_death":73100,"minecraft:time_since_rest":73100,"minecraft:sprint_one_cm":51273,"minecraft:damage_taken":180,"minecraft:walk_one_cm":97033,"minecraft:drop":4,"minecraft:use_wand":11,"minecraft:fly_one_cm":26471,"minecraft:open_chest":57,"minecraft:crouch_one_cm":24488,"minecraft:sneak_time":7826,"minecraft:jump":347,"minecraft:fall_one_cm":6935},"minecraft:crafted":{"exnihilosequentia:crook_stone":2,"minecraft:oak_slab":6,"minecraft:oak_planks":12,"excompressum:compressed_hammer_stone":1,"minecraft:stone_shovel":2,"minecraft:stone_axe":1,"mekanismtools:stone_paxel":1,"minecraft:air":901,"exnihilosequentia:mesh_string":4,"minecraft:cobblestone":1,"minecraft:stick":8,"quark:oak_chest":2,"minecraft:stone_pickaxe":1,"minecraft:oak_button":1,"exnihilosequentia:hammer_stone":7,"creategearaddon:large_oak_cogwheel":2},"minecraft:dropped":{"minecraft:oak_slab":1,"create:granite_cobblestone":24,"minecraft:oak_fence":1,"ragnamod_6_sky:cobble_pebble":8},"minecraft:used":{"minecraft:oak_fence":43,"mob_grinding_utils:solid_xp_baby":1,"endergetic:poise_beehive":1,"pamhc2foodextended:friedfeastitem":1,"minecraft:stone_shovel":95,"minecraft:stone_pickaxe":2,"mekanismtools:stone_paxel":3,"excompressum:compressed_hammer_stone":63,"minecraft:bell":2,"minecraft:sand":2,"minecraft:oak_slab":62,"minecraft:crafting_table":1,"create:granite_cobblestone":68,"constructionwand:stone_wand":3,"minecraft:white_bed":3,"exnihilosequentia:barrel_wood":1,"minecraft:beehive":2,"minecraft:spruce_log":1,"minecraft:oak_log":3,"neapolitan:adzuki_bun":2,"exnihilosequentia:crucible_wood":2,"minecraft:gravel":98,"exnihilosequentia:dust":1,"exnihilosequentia:sieve":9,"minecraft:stone_axe":10,"exnihilosequentia:barrel_stone":1,"pamhc2foodextended:theatreboxitem":1,"minecraft:cobblestone":57,"create:shaft":1,"create:gabbro_cobblestone":24,"minecraft:oak_sapling":2,"quark:oak_chest":8,"exnihilosequentia:silkworm":1,"exnihilosequentia:crook_stone":366},"minecraft:picked_up":{"exnihilosequentia:mesh_flint":1,"ragnamod_6_sky:blackstone_pebble":312,"minecraft:flint":12,"minecraft:oak_log":137,"create:gabbro_cobblestone":2,"minecraft:string":625,"ragnamod_6_sky:deepslate_pebble":290,"exnihilosequentia:dust":3,"ragnamod_6_sky:basalt_pebble":311,"minecraft:apple":3,"create:shaft":1,"ragnamod_6_sky:cobble_pebble":316,"minecraft:oak_planks":1,"exnihilosequentia:mesh_string":12,"ragnamod_6_sky:granite_pebble":318,"exnihilosequentia:sieve":5,"minecraft:oak_slab":1,"minecraft:stick":9,"ragnamod_6_sky:diorite_pebble":295,"exnihilosequentia:crucible_wood":1,"minecraft:oak_fence":4,"minecraft:gravel":142,"minecraft:sand":2,"compressium:gravel_1":3,"minecraft:spruce_sapling":2,"minecraft:spruce_log":2,"ragnamod_6_sky:gabbro_pebble":285,"exnihilosequentia:silkworm":94,"ragnamod_6_sky:andesite_pebble":284,"minecraft:bone_meal":1,"minecraft:oak_sapling":40},"minecraft:broken":{"exnihilosequentia:crook_stone":1}},"DataVersion":2586}