{"stats":{"minecraft:crafted":{"minecraft:oak_planks":4,"create:hand_crank":1,"minecraft:crafting_table":1,"minecraft:air":146,"create:radial_chassis":3,"minecraft:white_wool":8,"create:millstone":1,"create:secondary_linear_chassis":1,"create:linear_chassis":3,"minecraft:andesite":4},"minecraft:custom":{"minecraft:interact_with_furnace":4,"minecraft:interact_with_crafting_table":8,"minecraft:open_barrel":1,"minecraft:play_one_minute":234298,"minecraft:eat_cake_slice":2,"minecraft:leave_game":1,"minecraft:time_since_death":234298,"minecraft:sleep_in_bed":2,"minecraft:time_since_rest":88771,"minecraft:sprint_one_cm":20413,"minecraft:damage_taken":100,"minecraft:walk_one_cm":208918,"minecraft:drop":48,"minecraft:damage_dealt":10,"minecraft:fly_one_cm":9673,"minecraft:open_chest":218,"minecraft:crouch_one_cm":20002,"minecraft:sneak_time":5223,"minecraft:jump":223,"minecraft:walk_on_water_one_cm":6946,"minecraft:fall_one_cm":836},"minecraft:mined":{"cyclic:hopper":1,"create:millstone":10,"create:piston_extension_pole":3,"quark:oak_chest":1,"create:mechanical_piston":2,"create:large_cogwheel":11,"create:water_wheel":7,"minecraft:cobblestone":29,"excompressum:oak_heavy_sieve":1,"rats:block_of_cheese":1,"create:shaft":2,"minecraft:spruce_sapling":1,"create:windmill_bearing":3,"minecraft:andesite":1,"minecraft:spruce_log":118,"exnihilosequentia:sieve":1,"creategearaddon:oak_cogwheel":17,"exnihilosequentia:barrel_wood":1,"minecraft:oak_log":203,"create:hand_crank":7,"minecraft:gravel":2,"minecraft:sand":29,"creategearaddon:large_oak_cogwheel":8,"minecraft:white_wool":25},"minecraft:dropped":{"minecraft:gravel":36,"minecraft:clay":1,"exnihilosequentia:hammer_stone":1,"create:granite_cobblestone":9,"minecraft:oak_log":64,"pamhc2foodextended:poutineitem":1,"create:andesite_cobblestone":114,"compressium:clay_1":1,"creategearaddon:large_oak_cogwheel":1,"supplementaries:flax_seeds":4,"rats:chef_toque":1,"rats:block_of_cheese":2,"minecraft:andesite":8,"exnihilosequentia:crucible_wood":1,"neapolitan:banana_bread":8,"creategearaddon:oak_cogwheel":4,"minecraft:oak_sapling":5,"cyclic:shears_flint":1,"minecraft:sand":1,"create:large_cogwheel":2,"minecraft:bucket":1,"minecraft:oak_leaves":8,"create:diorite_cobblestone":32,"quark:oak_chest":2,"minecraft:cauldron":1},"minecraft:used":{"minecraft:water_bucket":7,"creategearaddon:oak_cogwheel":22,"mob_grinding_utils:solid_xp_baby":1,"exnihilosequentia:hammer_stone":230,"endergetic:poise_beehive":1,"create:piston_extension_pole":3,"minecraft:oak_planks":2,"neapolitan:chocolate_cake":1,"excompressum:oak_heavy_sieve":3,"rats:block_of_cheese":2,"minecraft:white_wool":25,"minecraft:torch":1,"minecraft:dirt":1,"minecraft:sand":29,"exnihilosequentia:barrel_wood":2,"rats:cauldron_milk":1,"minecraft:beehive":1,"creategearaddon:large_oak_cogwheel":10,"minecraft:apple":2,"create:windmill_bearing":3,"create:water_wheel":8,"create:millstone":9,"minecraft:spruce_sapling":6,"minecraft:gravel":2,"exnihilosequentia:sieve":3,"pamhc2foodextended:steakandchipsitem":3,"exnihilosequentia:barrel_stone":2,"minecraft:cobblestone":31,"create:shaft":2,"create:mechanical_piston":2,"minecraft:oak_sapling":4,"tconstruct:crafting_station":2,"minecraft:bucket":6,"minecraft:andesite":1,"create:hand_crank":12,"create:large_cogwheel":11},"minecraft:picked_up":{"tconstruct:crafting_station":2,"minecraft:water_bucket":1,"create:mechanical_piston":2,"creategearaddon:large_oak_cogwheel":9,"exnihilosequentia:mesh_flint":1,"minecraft:andesite":42,"ragnamod_6_sky:blackstone_pebble":57,"minecraft:oak_log":80,"minecraft:gunpowder":9,"minecraft:dirt":1,"ragnamod_6_sky:deepslate_pebble":47,"exnihilosequentia:dust":29,"ragnamod_6_sky:basalt_pebble":73,"create:piston_extension_pole":3,"minecraft:apple":2,"create:water_wheel":7,"create:shaft":2,"ragnamod_6_sky:cobble_pebble":69,"creategearaddon:oak_cogwheel":20,"ragnamod_6_sky:granite_pebble":49,"exnihilosequentia:sieve":1,"minecraft:stick":18,"create:diorite_cobblestone":35,"ragnamod_6_sky:diorite_pebble":62,"create:granite_cobblestone":9,"quark:oak_chest":2,"minecraft:gravel":30,"create:windmill_bearing":3,"minecraft:sand":3,"minecraft:spruce_sapling":13,"create:hand_crank":12,"minecraft:spruce_log":122,"excompressum:compressed_dust":1,"ragnamod_6_sky:gabbro_pebble":56,"exnihilosequentia:silkworm":50,"exnihilosequentia:barrel_wood":1,"minecraft:cauldron":1,"rats:block_of_cheese":3,"create:large_cogwheel":12,"ragnamod_6_sky:andesite_pebble":52,"create:millstone":9,"minecraft:clay":1,"excompressum:oak_heavy_sieve":1,"minecraft:bone_meal":1,"cyclic:hopper":1,"minecraft:oak_sapling":19,"minecraft:white_wool":25,"create:andesite_cobblestone":52,"minecraft:oak_leaves":8,"minecraft:cobblestone":5}},"DataVersion":2586}