{"stats":{"minecraft:killed":{"minecraft:spider":3,"minecraft:creeper":4,"rats:rat":2,"minecraft:zombie":1},"minecraft:killed_by":{"rats:plague_beast":1,"rats:plague_cloud":4,"minecraft:phantom":1},"minecraft:mined":{"chisel:planks/spruce/braced_planks":3,"minecraft:spruce_planks":37,"create:andesite_casing":4,"minecraft:acacia_log":23,"botanypots:botany_pot":3,"minecraft:composter":2,"minecraft:hopper":2,"immersiveengineering:toolbox_block":2,"rats:block_of_cheese":1,"create:speedometer":1,"minecraft:fire":2,"exnihilosequentia:sieve":5,"mcwfences:oak_picket_fence":24,"cyclic:flower_cyan":6,"creategearaddon:oak_cogwheel":69,"computercraft:printer":1,"create:mechanical_press":29,"create:limestone":9,"cyclic:hopper":3,"create:radial_chassis":2,"create:cogwheel":1,"minecraft:blackstone":95,"create:adjustable_chain_gearshift":1,"minecraft:kelp_plant":2,"supplementaries:book_pile":3,"eidolon:wooden_altar":2,"createaddition:furnace_burner":2,"minecraft:clay":3,"create:mechanical_piston":2,"minecraft:torch":16,"chisel:planks/oak/encased_smooth":21,"minecraft:poppy":1,"create:brass_casing":3,"minecraft:glass":2,"minecraft:cobblestone":288,"excompressum:oak_heavy_sieve":2,"minecraft:sugar_cane":24,"minecraft:wall_torch":1,"create:furnace_engine":3,"create:basin":8,"minecraft:acacia_sapling":1,"create:flywheel":4,"storagedrawers:oak_full_drawers_1":8,"create:mechanical_mixer":2,"minecraft:grass":165,"minecraft:oak_log":393,"computercraft:speaker":1,"create:stressometer":4,"create:hand_crank":7,"minecraft:dirt":5,"tconstruct:crafting_station":3,"minecraft:sand":29,"create:encased_chain_drive":3,"creategearaddon:large_oak_cogwheel":23,"minecraft:oak_leaves":129,"create:millstone":16,"chisel:futura/controller_purple":2,"framedcompactdrawers:framed_full_one":11,"create:fluid_tank":3,"mekanismgenerators:heat_generator":5,"create:large_cogwheel":25,"create:encased_fan":15,"minecraft:kelp":12,"minecraft:sandstone":72,"industrialforegoing:fluid_extractor":1,"excompressum:auto_hammer":1,"minecraft:redstone_ore":1,"createaddition:rolling_mill":3,"create:shaft":34,"minecraft:spruce_sapling":1,"minecraft:furnace":8,"minecraft:andesite":1,"create:limestone_cobblestone":1,"create:windmill_bearing":3,"minecraft:bell":1,"minecraft:stripped_acacia_log":1,"create:deployer":6,"minecraft:stripped_oak_log":12,"minecraft:white_wool":25,"minecraft:oak_slab":58,"minecraft:acacia_leaves":2,"create:piston_extension_pole":3,"quark:oak_chest":3,"minecraft:dandelion":2,"minecraft:oak_fence":39,"chisel:cobblestone/twisted":6,"create:water_wheel":22,"minecraft:tall_grass":28,"rats:rat_cage":17,"mcwbridges:oak_log_bridge_middle":1,"create:mechanical_saw":5,"create:blaze_burner":1,"create:mechanical_harvester":2,"create:gearbox":23,"minecraft:spruce_log":118,"decorative_blocks:oak_palisade":6,"create:crushing_wheel":8,"create:mechanical_drill":2,"exnihilosequentia:barrel_wood":1,"minecraft:coal_ore":3,"create:diorite_cobblestone":15,"create:mechanical_crafter":64,"quark:spruce_chest":12,"minecraft:gravel":61,"minecraft:terracotta":3,"minecraft:oak_button":1},"minecraft:dropped":{"minecraft:clay":33,"minecraft:oak_log":64,"create:granite_cobblestone":9,"create:mechanical_piston":3,"create:flywheel":3,"create:andesite_cobblestone":120,"create:brass_block":36,"creategearaddon:large_oak_cogwheel":1,"cyclic:hopper":4,"create:linear_chassis":6,"minecraft:dirt":6,"creategearaddon:oak_cogwheel":5,"ragnamod_6_sky:piece_zinc":23,"minecraft:bone_meal":3,"minecraft:sand":464,"create:large_cogwheel":2,"create:diorite_cobblestone":32,"quark:oak_chest":2,"minecraft:cauldron":1,"minecraft:gold_ingot":5,"rats:rat_flute":1,"minecraft:gravel":553,"mekanism:ingot_osmium":1,"minecraft:sugar_cane":1,"minecraft:wheat":7,"minecraft:glowstone_dust":3,"compressium:clay_1":1,"supplementaries:flax_seeds":4,"minecraft:gunpowder":4,"thermal:cinnabar":1,"create:gearbox":5,"mysticalagriculture:inferium_essence":1,"cyclic:shears_flint":1,"create:brass_ingot":36,"create:wheat_flour":22,"minecraft:iron_ore":16,"minecraft:glass":9,"minecraft:oak_leaves":8,"create:andesite_alloy":64,"create:gantry_shaft":224,"minecraft:egg":3,"minecraft:iron_ingot":37,"create:rose_quartz":19,"ragnamod_6_sky:chunk_gold":338,"minecraft:cobblestone":330,"pamhc2foodextended:poutineitem":1,"quark:spruce_chest":10,"minecraft:stick":49,"create:secondary_linear_chassis":1,"rats:block_of_cheese":2,"ragnamod_6_sky:chunk_copper":16,"immersiveengineering:plate_steel":5,"create:limestone_cobblestone":7,"minecraft:bucket":1,"create:sand_paper":2,"minecraft:spruce_sapling":241,"minecraft:redstone":63,"minecraft:furnace":4,"exnihilosequentia:hammer_stone":1,"immersiveengineering:stick_steel":2,"create:limesand":517,"thermal:gold_plate":1,"minecraft:clay_ball":14,"create:furnace_engine":5,"thermal:iron_plate":6,"rats:chef_toque":1,"minecraft:stone":1,"ragnamod_6_sky:chunk_iron":483,"exnihilosequentia:crucible_wood":1,"minecraft:andesite":8,"neapolitan:banana_bread":8,"minecraft:oak_sapling":5,"minecraft:redstone_torch":1,"exnihilosequentia:barrel_stone":1,"minecraft:spruce_log":64,"minecraft:sandstone":2,"create:brass_casing":4,"mekanism:ingot_steel":1,"bhc:red_heart":1},"minecraft:picked_up":{"minecraft:seagrass":6,"minecraft:wheat":15,"create:mechanical_crafter":64,"ragnamod_6_sky:blackstone_pebble":57,"create:wrench":3,"minecraft:enchanted_book":3,"create:limestone_cobblestone":9,"create:limesand":517,"jellyfishing:jellyfish_net":1,"minecraft:string":2,"mekanismgenerators:heat_generator":5,"create:limestone":262,"computercraft:speaker":1,"create:piston_extension_pole":33,"minecraft:oak_sign":1,"create:sand_paper":2,"create:water_wheel":24,"thermal:iron_plate":16,"exnihilosequentia:seed_fern":3,"mysticalagriculture:inferium_essence":7,"create:mechanical_press":32,"mcwbridges:oak_log_bridge_middle":1,"minecraft:bucket":2,"minecraft:spruce_planks":83,"exnihilosequentia:seed_yellow_coral":4,"minecraft:redstone_torch":1,"ragnamod_6_sky:cobble_pebble":69,"chisel:stone_bricks/triple_bricks":4,"thermal:spinach_seeds":2,"minecraft:furnace":14,"ragnamod_6_sky:granite_pebble":49,"exnihilosequentia:sieve":5,"minecraft:stick":140,"ragnamod_6_sky:diorite_pebble":62,"create:mechanical_mixer":2,"exnihilosequentia:seed_bamboo":1,"minecraft:composter":2,"ragnamod_6_sky:piece_zinc":315,"minecraft:oak_fence":39,"thermal:sadiroot_seeds":1,"minecraft:torch":31,"minecraft:acacia_log":27,"create:andesite_casing":80,"iceandfire:rotten_egg":2,"storagedrawers:diamond_storage_upgrade":1,"minecraft:cauldron":1,"thermal:apatite":11,"ragnamod_6_sky:andesite_pebble":52,"create:large_cogwheel":35,"quark:clear_shard":6,"minecraft:rotten_flesh":10,"create:gantry_shaft":208,"thermal:corn_seeds":1,"ragnamod_6_sky:piece_iron":281,"thermal:radish_seeds":1,"ragnamod_6_sky:piece_copper":227,"mekanism:ingot_osmium":1,"cyclic:hopper":15,"immersiveengineering:plate_steel":1,"create:andesite_cobblestone":58,"create:speedometer":1,"minecraft:cobblestone":222,"exnihilosequentia:ancient_spores":1,"exnihilosequentia:seed_acacia":1,"rats:plague_tome":1,"exnihilosequentia:seed_sugarcane":3,"create:fluid_tank":3,"immersiveengineering:toolbox":2,"minecraft:water_bucket":2,"minecraft:andesite":43,"minecraft:acacia_leaves":2,"mcwfences:oak_picket_fence":24,"minecraft:flint":31,"storagedrawers:drawer_key":1,"minecraft:light_gray_dye":9,"supplementaries:flax_seeds":1,"rats:raw_rat":2,"exnihilosequentia:seed_pickle":3,"minecraft:lapis_lazuli":307,"pamhc2foodextended:carrotjuiceitem":64,"minecraft:dirt":28,"exnihilosequentia:seed_spruce":3,"bhc:red_heart":1,"cyclic:flower_cyan":6,"create:encased_chain_drive":3,"exnihilosequentia:seed_oak":1,"minecraft:glass":73,"chisel:cobblestone/twisted":4,"thermal:sapphire":2,"minecraft:bone":12,"minecraft:wheat_seeds":47,"create:mechanical_drill":2,"minecraft:bell":1,"exnihilosequentia:grass_seeds":2,"create:goggles":1,"forbidden_arcanus:rune":118,"create:shaft":89,"create:flywheel":10,"minecraft:diamond_helmet":1,"minecraft:glowstone_dust":14,"exnihilosequentia:seed_blue_coral":2,"create:radial_chassis":16,"exnihilosequentia:mesh_string":2,"exnihilosequentia:seed_jungle":5,"exnihilosequentia:seed_darkoak":3,"ragnamod_6_sky:chunk_gold":193,"create:cogwheel":1,"create:empty_blaze_burner":1,"exnihilosequentia:mesh_iron":10,"minecraft:sand":525,"chisel:factory/hazard":64,"thermal:gold_plate":12,"excompressum:compressed_dust":1,"thermal:onion_seeds":2,"exnihilosequentia:silkworm":50,"decorative_blocks:oak_palisade":6,"minecraft:stripped_acacia_log":1,"exnihilosequentia:seed_large_fern":4,"minecraft:clay":17,"ragnamod_6_sky:piece_silver":211,"minecraft:diamond":44,"kubejs:brass_plate":23,"exnihilosequentia:seed_cactus":5,"botanypots:botany_pot":3,"thermal:eggplant_seeds":2,"minecraft:bone_meal":37,"minecraft:emerald":254,"minecraft:oak_sapling":45,"create:furnace_engine":16,"create:stressometer":4,"minecraft:oak_leaves":8,"exnihilosequentia:seed_pink_coral":2,"minecraft:charcoal":127,"tconstruct:crafting_station":4,"minecraft:clay_ball":26,"create:mechanical_piston":8,"exnihilosequentia:mesh_flint":1,"industrialforegoing:fluid_extractor":1,"thermal:cinnabar":9,"create:propeller":3,"createaddition:rolling_mill":5,"minecraft:brick":14,"create:mechanical_harvester":2,"exnihilosequentia:seed_carrot":2,"ragnamod_6_sky:deepslate_pebble":47,"exnihilosequentia:seed_birch":3,"ragnamod_6_sky:chunk_iron":323,"exnihilosequentia:dust":29,"ragnamod_6_sky:basalt_pebble":73,"minecraft:blackstone":95,"iceandfire:amythest_gem":94,"quark:spruce_chest":22,"chisel:planks/oak/encased_smooth":9,"create:basin":9,"minecraft:iron_nugget":4,"minecraft:poppy":1,"immersiveengineering:stick_steel":2,"minecraft:sugar_cane":51,"creategearaddon:oak_cogwheel":75,"create:linear_chassis":18,"computercraft:printer":1,"minecraft:egg":42,"create:polished_rose_quartz":3,"ragnamod_6_sky:piece_tin":12,"minecraft:sandstone":90,"minecraft:stone":5,"exnihilosequentia:seed_potato":4,"exnihilosequentia:seed_kelp":1,"create:windmill_bearing":5,"eidolon:wooden_altar":2,"create:hand_crank":16,"minecraft:redstone":96,"create:brass_casing":12,"ragnamod_6_sky:gabbro_pebble":56,"exnihilosequentia:barrel_wood":1,"create:vertical_gearbox":22,"create:deployer":7,"rats:block_of_cheese":3,"chisel:futura/controller_purple":44,"minecraft:arrow":12,"chisel:planks/spruce/braced_planks":19,"create:secondary_linear_chassis":3,"minecraft:beetroot_seeds":18,"excompressum:oak_heavy_sieve":2,"ragnamod_6_sky:piece_osmium":156,"rats:rat_cage":17,"minecraft:gold_ingot":144,"minecraft:white_wool":25,"minecraft:stripped_oak_log":12,"ragnamod_6_sky:piece_aluminum":299,"creategearaddon:large_oak_cogwheel":28,"storagedrawers:upgrade_template":10,"farlanders:mystic_wand_ore":1,"create:brass_block":72,"minecraft:oak_log":261,"create:andesite_alloy":164,"chisel:diamond_chisel":1,"rats:rat_pelt":3,"astralsorcery:aquamarine":9,"minecraft:gunpowder":23,"ragnamod_6_sky:chunk_copper":4,"exnihilosequentia:hammer_iron":1,"createaddition:furnace_burner":3,"farlanders:mystic_wand_invisible":1,"create:crushing_wheel":10,"minecraft:apple":6,"minecraft:kelp":24,"create:adjustable_chain_gearshift":1,"minecraft:iron_ingot":272,"refinedstorage:cover":48,"exnihilosequentia:seed_berry":3,"storagedrawers:oak_full_drawers_1":40,"minecraft:acacia_sapling":13,"create:mechanical_saw":5,"minecraft:green_dye":36,"powah:uraninite":6,"minecraft:oak_slab":83,"create:diorite_cobblestone":50,"minecraft:pumpkin":2,"thermal:copper_ingot":24,"thermal:strawberry_seeds":2,"create:granite_cobblestone":9,"minecraft:quartz":8,"minecraft:dandelion":2,"minecraft:gravel":805,"minecraft:spruce_sapling":480,"thermal:green_bean_seeds":1,"compressium:clay_1":2,"minecraft:spruce_log":176,"minecraft:spider_eye":1,"quark:oak_chest":4,"create:gearbox":16,"create:wheat_flour":15,"create:millstone":19,"minecraft:pumpkin_seeds":18,"ragnamod_6_sky:piece_uranium":8,"exnihilosequentia:mesh_diamond":4,"create:brass_ingot":27,"immersiveengineering:seed":19,"framedcompactdrawers:framed_full_one":20,"ragnamod_6_sky:piece_nickel":8,"create:encased_fan":15,"ragnamod_6_sky:piece_lead":214,"create:rose_quartz":4,"minecraft:oak_button":1,"minecraft:terracotta":19,"thermal:ruby":3,"minecraft:melon_seeds":17,"exnihilosequentia:seed_red_coral":4,"thermal:amaranth_seeds":2,"excompressum:auto_hammer":2,"minecraft:coal":307,"exnihilosequentia:mesh_netherite":1,"minecraft:hopper":2},"minecraft:crafted":{"minecraft:brick":12,"astralsorcery:aquamarine":32,"minecraft:oak_planks":20,"immersiveengineering:hammer":1,"create:andesite_casing":8,"create:deployer":1,"minecraft:iron_bars":16,"minecraft:green_dye":36,"create:radial_chassis":3,"rats:plague_doctor_mask":1,"create:andesite_funnel":2,"rats:plague_tome":1,"minecraft:end_stone":9,"create:cogwheel":16,"minecraft:flower_pot":1,"minecraft:pumpkin":2,"minecraft:crafting_table":2,"minecraft:spruce_planks":32,"create:mechanical_saw":1,"create:attribute_filter":1,"create:encased_chain_drive":2,"create:mechanical_mixer":1,"create:gearbox":1,"farlanders:mystic_wand_fire_small":4,"minecraft:charcoal":492,"minecraft:iron_ingot":33,"create:brass_casing":4,"minecraft:iron_pickaxe":1,"minecraft:iron_block":1,"minecraft:gold_ingot":4,"minecraft:light_gray_dye":9,"minecraft:iron_nugget":9,"thermal:charcoal_block":5,"minecraft:glass_pane":16,"minecraft:terracotta":15,"immersiveengineering:wirecutter":1,"create:millstone":1,"create:andesite_cobblestone":6,"create:electron_tube":3,"create:filter":1,"create:hand_crank":1,"minecraft:dried_kelp":0,"thermal:copper_nugget":9,"minecraft:air":3896,"rats:cooked_rat":2,"minecraft:white_wool":8,"create:gantry_shaft":16,"create:secondary_linear_chassis":1,"create:linear_chassis":3,"create:mechanical_crafter":3,"minecraft:iron_shovel":1,"minecraft:note_block":1,"minecraft:andesite":4,"rats:rat_cage":16},"minecraft:broken":{"exnihilosequentia:hammer_stone":2,"farlanders:mystic_wand_invisible":1,"farlanders:mystic_wand_ore":2,"mekanismtools:iron_paxel":2},"minecraft:custom":{"minecraft:interact_with_crafting_table":8,"minecraft:open_barrel":1,"minecraft:bell_ring":20,"minecraft:eat_cake_slice":6,"minecraft:leave_game":7,"minecraft:time_since_death":236078,"minecraft:sprint_one_cm":914361,"minecraft:drop":278,"minecraft:talked_to_villager":26,"minecraft:deaths":8,"minecraft:jump":3212,"minecraft:walk_on_water_one_cm":32646,"minecraft:interact_with_furnace":189,"minecraft:traded_with_villager":23,"minecraft:play_one_minute":1414417,"minecraft:sleep_in_bed":14,"minecraft:damage_dealt":2444,"minecraft:crouch_one_cm":240384,"minecraft:horse_one_cm":663,"minecraft:interact_with_smithing_table":2,"minecraft:mob_kills":13,"minecraft:inspect_hopper":24,"minecraft:walk_one_cm":2150112,"minecraft:sneak_time":76881,"minecraft:walk_under_water_one_cm":14415,"minecraft:interact_with_blast_furnace":10,"minecraft:interact_with_stonecutter":2,"minecraft:time_since_rest":41296,"minecraft:damage_taken":3194,"minecraft:fly_one_cm":693176,"minecraft:open_chest":1876,"minecraft:fall_one_cm":18727},"minecraft:used":{"create:deployer":6,"create:brass_casing":3,"exnihilosequentia:hammer_stone":563,"create:piston_extension_pole":3,"minecraft:oak_sign":6,"botanypots:botany_pot":7,"minecraft:stone":4,"minecraft:bell":1,"exnihilosequentia:hammer_iron":2,"create:fluid_tank":3,"chisel:cobblestone/twisted":132,"create:cogwheel":4,"create:mechanical_crafter":72,"chisel:futura/controller_purple":20,"minecraft:acacia_sapling":6,"minecraft:beehive":1,"create:speedometer":2,"minecraft:glass":4,"minecraft:lava_bucket":4,"computercraft:printer":2,"pamhc2foodextended:poutineitem":8,"create:millstone":13,"exnihilosequentia:barrel_stone":2,"rats:cooked_rat":2,"create:shaft":48,"create:mechanical_piston":2,"minecraft:oak_sapling":12,"minecraft:furnace":10,"create:mechanical_drill":3,"minecraft:egg":22,"eidolon:wooden_altar":2,"farlanders:mystic_wand_invisible":2,"create:crushing_wheel":10,"rats:rat_cage":17,"industrialforegoing:fluid_extractor":2,"minecraft:oak_planks":2,"immersiveengineering:toolbox":3,"minecraft:sandstone":121,"minecraft:blackstone":94,"neapolitan:chocolate_cake":2,"minecraft:clay":3,"minecraft:composter":2,"minecraft:sugar_cane":2,"create:mechanical_saw":6,"minecraft:white_wool":25,"minecraft:sand":29,"create:flywheel":7,"createaddition:rolling_mill":4,"minecraft:acacia_leaves":2,"creategearaddon:large_oak_cogwheel":34,"create:super_glue":1,"mekanismtools:iron_paxel":865,"cyclic:apple_diamond":1,"create:adjustable_chain_gearshift":1,"create:andesite_casing":6,"minecraft:gravel":61,"exnihilosequentia:sieve":9,"minecraft:diamond_sword":28,"create:basin":11,"framedcompactdrawers:framed_full_one":11,"minecraft:stripped_oak_wood":1,"farlanders:mystic_wand_teleport":2,"tconstruct:crafting_station":12,"create:stressometer":5,"minecraft:andesite":2,"chisel:planks/oak/encased_smooth":521,"create:vertical_gearbox":22,"rats:trash_can":1,"chisel:planks/spruce/braced_planks":3,"minecraft:bone_meal":11,"create:large_cogwheel":30,"minecraft:oak_fence":6,"storagedrawers:oak_full_drawers_1":8,"mcwfences:oak_picket_fence":59,"creategearaddon:oak_cogwheel":105,"create:limestone":214,"minecraft:spruce_planks":1653,"excompressum:oak_heavy_sieve":4,"minecraft:torch":110,"minecraft:dirt":7,"decorative_blocks:oak_palisade":12,"create:mechanical_mixer":3,"minecraft:hopper":5,"thermal:potion_cake":1,"farlanders:mystic_wand_ore":8,"computercraft:speaker":1,"createaddition:furnace_burner":4,"quark:spruce_chest":16,"create:wrench":200,"mcwbridges:oak_log_bridge_middle":5,"create:gearbox":11,"mekanismgenerators:heat_generator":6,"create:furnace_engine":11,"create:diorite_cobblestone":1,"create:brown_toolbox":1,"buzzier_bees:honey_bread":24,"pamhc2foodextended:steakandchipsitem":8,"create:encased_chain_drive":3,"farlanders:mystic_wand_fire_small":2,"pamhc2foodextended:carrotjuiceitem":9,"create:radial_chassis":2,"create:belt_connector":19,"minecraft:water_bucket":61,"mob_grinding_utils:solid_xp_baby":15,"endergetic:poise_beehive":1,"create:empty_blaze_burner":1,"rats:block_of_cheese":2,"minecraft:terracotta":3,"create:encased_fan":16,"minecraft:oak_slab":9,"create:mechanical_harvester":2,"exnihilosequentia:barrel_wood":2,"rats:cauldron_milk":1,"minecraft:oak_log":14,"neapolitan:adzuki_bun":6,"minecraft:apple":2,"create:mechanical_press":33,"create:windmill_bearing":3,"minecraft:oak_button":1,"create:water_wheel":27,"minecraft:spruce_sapling":6,"create:limestone_cobblestone":1,"minecraft:cobblestone":299,"minecraft:fishing_rod":2,"excompressum:auto_hammer":1,"minecraft:bucket":67,"quark:oak_chest":3,"create:hand_crank":12,"minecraft:kelp":10,"storagedrawers:drawer_key":1}},"DataVersion":2586}