{"stats":{"minecraft:used":{"mcwfences:spruce_highley_gate":1,"pamhc2foodextended:friedfeastitem":7,"minecraft:oak_sign":3,"mekanism:basic_fluid_tank":1,"excompressum:compressed_hammer_stone":711,"chisel:planks/spruce/encased_planks":398,"tconstruct:seared_fuel_tank":1,"ironfurnaces:silver_furnace":4,"chisel:cobblestone/twisted":8,"engineersdecor:dense_grit_sand_block":3,"minecraft:glass":23,"cyclic:shears_flint":64,"minecraft:lava_bucket":5,"pamhc2foodextended:holidaycakeitem":8,"exnihilosequentia:seed_kelp":1,"tconstruct:seared_faucet":1,"create:millstone":7,"chisel:cobblestone/mosaic":4,"pamhc2foodextended:roastpotatoesitem":5,"exnihilosequentia:barrel_stone":18,"create:shaft":41,"minecraft:furnace":4,"minecraft:oak_sapling":27,"create:mechanical_drill":3,"chisel:cobblestone/weaver":144,"immersiveengineering:toolbox":1,"minecraft:oak_planks":227,"compressium:cobblestone_1":440,"minecraft:blackstone":87,"chisel:planks/spruce/braid":8,"minecraft:clay":25,"minecraft:sugar_cane":2,"compressium:sand_1":102,"minecraft:sand":12,"createaddition:rolling_mill":11,"minecraft:end_stone":4,"creategearaddon:large_oak_cogwheel":8,"mob_grinding_utils:tank":1,"neapolitan:banana_cake":1,"exnihilosequentia:crucible_wood":4,"mekanismtools:iron_paxel":716,"minecraft:gravel":11,"exnihilosequentia:dust":12,"exnihilosequentia:sieve":53,"minecraft:blackstone_slab":6,"framedcompactdrawers:framed_full_one":44,"tconstruct:crafting_station":16,"minecraft:andesite":7,"exnihilosequentia:seed_cactus":1,"create:vertical_gearbox":6,"create:granite_cobblestone_slab":1,"cookingforblockheads:sink":3,"create:large_cogwheel":8,"storagedrawers:oak_full_drawers_1":92,"minecraft:oak_fence":367,"pamhc2foodextended:steakfajitaitem":2,"ironfurnaces:copper_furnace":2,"creategearaddon:oak_cogwheel":35,"minecraft:redstone":1,"minecraft:spruce_planks":61,"neapolitan:banana_bread":8,"excompressum:oak_heavy_sieve":13,"minecraft:netherrack":8,"minecraft:torch":151,"minecraft:dirt":22,"exnihilosequentia:grass_seeds":1,"chisel:planks/spruce/crude_horizontal_planks":16,"chisel:cobblestone/french_1":4,"chisel:planks/spruce/encased_large_planks":13,"quark:spruce_chest":93,"create:gearbox":7,"minecraft:oak_stairs":8,"storagedrawers:controller":2,"create:diorite_cobblestone":22,"minecraft:barrel":2,"constructionwand:diamond_wand":67,"compressium:gravel_1":142,"mcwfences:spruce_horse_fence":130,"create:belt_connector":17,"pipez:fluid_pipe":1,"minecraft:water_bucket":39,"mob_grinding_utils:solid_xp_baby":1,"mekanismtools:stone_paxel":401,"minecraft:oak_slab":500,"minecraft:crafting_table":2,"create:granite_cobblestone":154,"constructionwand:stone_wand":64,"mcwfences:modern_stone_brick_wall":5,"tconstruct:seared_basin":1,"minecraft:white_bed":3,"cyclic:hopper":13,"exnihilosequentia:barrel_wood":55,"chisel:planks/spruce/vertical_planks":9,"mob_grinding_utils:absorption_hopper":1,"minecraft:stone_slab":16,"create:water_wheel":3,"exnihilosequentia:crucible_fired":2,"minecraft:spruce_sapling":20,"exnihilosequentia:ancient_spores":2,"exnihilosequentia:seed_sugarcane":2,"minecraft:cobblestone":11,"tconstruct:seared_melter":1,"create:gabbro_cobblestone":3,"minecraft:bucket":20,"quark:oak_chest":14,"create:hand_crank":13,"mcwfences:spruce_stockade_fence":6,"storagedrawers:drawer_key":5},"minecraft:broken":{"mekanismtools:stone_paxel":1,"cyclic:shears_flint":1,"constructionwand:stone_wand":3,"mekanismtools:iron_paxel":1,"excompressum:compressed_hammer_stone":5},"minecraft:dropped":{"ragnamod_6_sky:diorite_pebble":53,"minecraft:lapis_lazuli":93,"create:granite_cobblestone":10,"ragnamod_6_sky:granite_pebble":51,"create:andesite_cobblestone":301,"creategearaddon:large_oak_cogwheel":1,"minecraft:emerald":15,"forbidden_arcanus:rune":4,"exnihilosequentia:mesh_flint":1,"creategearaddon:oak_cogwheel":5,"exnihilosequentia:mesh_diamond":1,"exnihilosequentia:crucible_fired":1,"minecraft:bone_meal":29,"create:large_cogwheel":2,"create:diorite_cobblestone":16,"minecraft:gold_ingot":3,"iceandfire:amythest_gem":9,"minecraft:gravel":193,"exnihilosequentia:mesh_iron":1,"minecraft:oak_planks":2,"ragnamod_6_sky:piece_silver":9,"ragnamod_6_sky:piece_copper":19,"compressium:clay_1":2,"minecraft:gunpowder":1,"ragnamod_6_sky:cobble_pebble":59,"ragnamod_6_sky:piece_lead":18,"excompressum:compressed_dust":2,"minecraft:water_bucket":1,"excompressum:compressed_hammer_stone":1,"minecraft:iron_ingot":49,"minecraft:cobblestone":51,"compressium:gravel_1":3,"minecraft:coal":28,"minecraft:stick":1,"quark:clear_shard":13,"tconstruct:crafting_station":2,"ragnamod_6_sky:piece_aluminum":31,"minecraft:bucket":3,"ragnamod_6_sky:andesite_pebble":1,"minecraft:clay_ball":17,"minecraft:andesite":35,"exnihilosequentia:mesh_string":17},"minecraft:crafted":{"pipez:basic_upgrade":1,"exnihilosequentia:mesh_iron":4,"minecraft:oak_planks":44,"mekanismtools:iron_paxel":1,"minecraft:barrel":1,"createaddition:rolling_mill":1,"create:andesite_casing":16,"ironfurnaces:iron_furnace":2,"minecraft:stone":9,"mob_grinding_utils:tank":1,"minecraft:nether_brick":0,"pipez:fluid_pipe":16,"tconstruct:seared_melter":1,"minecraft:granite":0,"minecraft:hopper":1,"minecraft:glass":31,"minecraft:comparator":2,"tconstruct:seared_brick":0,"tconstruct:seared_fuel_tank":1,"mob_grinding_utils:absorption_hopper":1,"chisel:diamond_chisel":1,"exnihilosequentia:barrel_wood":3,"exnihilosequentia:mesh_flint":1,"minecraft:crafting_table":1,"storagedrawers:oak_full_drawers_1":1,"mcwfences:modern_stone_brick_wall":6,"mekanismtools:stone_paxel":1,"minecraft:diorite":0,"ironfurnaces:augment_speed":1,"create:gabbro":0,"minecraft:paper":3,"create:water_wheel":1,"minecraft:charcoal":53,"ragnamod_6_sky:chunk_iron":2,"constructionwand:stone_wand":1,"minecraft:stick":28,"minecraft:stone_slab":6,"quark:oak_chest":3,"minecraft:iron_pickaxe":1,"minecraft:iron_ingot":28,"exnihilosequentia:mesh_diamond":6,"excompressum:oak_heavy_sieve":3,"minecraft:gold_ingot":0,"storagedrawers:drawer_key":1,"minecraft:redstone_torch":6,"tconstruct:seared_fuel_gauge":1,"storagedrawers:upgrade_template":4,"tconstruct:pattern":3,"minecraft:stone_shovel":1,"create:wrench":1,"minecraft:iron_nugget":9,"exnihilosequentia:crucible_fired":1,"thermal:copper_ingot":17,"tconstruct:seared_basin":1,"mcwfences:spruce_stockade_fence":3,"minecraft:basalt":1,"minecraft:terracotta":0,"storagedrawers:controller":1,"thermal:silver_ingot":8,"immersiveengineering:wirecutter":1,"tconstruct:seared_table":1,"minecraft:stone_pickaxe":1,"quark:spruce_chest":4,"exnihilosequentia:hammer_stone":5,"exnihilosequentia:sieve":21,"compressium:gravel_1":1,"constructionwand:diamond_wand":1,"create:granite_cobblestone_stairs":4,"excompressum:compressed_hammer_stone":1,"minecraft:dried_kelp":0,"minecraft:bucket":4,"minecraft:stone_axe":1,"minecraft:air":4281,"ironfurnaces:copper_furnace":1,"tconstruct:seared_heater":1,"mcwfences:spruce_horse_fence":3,"minecraft:cobblestone":9,"tconstruct:crafting_station":1,"minecraft:flint":6,"compressium:cobblestone_1":1,"tconstruct:seared_faucet":2,"create:mechanical_drill":1,"minecraft:andesite":91,"minecraft:brick":0},"minecraft:custom":{"minecraft:interact_with_crafting_table":22,"minecraft:open_barrel":4,"minecraft:eat_cake_slice":21,"minecraft:leave_game":3,"minecraft:time_since_death":450210,"minecraft:sprint_one_cm":697148,"minecraft:drop":105,"minecraft:talked_to_villager":3,"minecraft:deaths":3,"minecraft:jump":4003,"minecraft:walk_on_water_one_cm":12464,"minecraft:interact_with_furnace":183,"minecraft:play_one_minute":547883,"minecraft:sleep_in_bed":11,"minecraft:damage_dealt":101,"minecraft:crouch_one_cm":145235,"minecraft:mob_kills":2,"minecraft:climb_one_cm":2207,"minecraft:walk_one_cm":977477,"minecraft:sneak_time":52391,"minecraft:walk_under_water_one_cm":5140,"minecraft:time_since_rest":2070,"minecraft:damage_taken":1635,"minecraft:use_wand":874,"minecraft:swim_one_cm":5167,"minecraft:fly_one_cm":844686,"minecraft:open_chest":1157,"minecraft:fall_one_cm":44377},"minecraft:mined":{"minecraft:spruce_planks":61,"minecraft:white_bed":3,"minecraft:oak_sapling":1,"create:andesite_casing":1,"chisel:planks/spruce/crude_horizontal_planks":16,"chisel:planks/spruce/encased_large_planks":13,"mob_grinding_utils:absorption_hopper":1,"botanypots:botany_pot":1,"create:belt":8,"minecraft:oak_wall_sign":1,"framedblocks:framed_slope":2,"rats:block_of_cheese":1,"compressium:gravel_1":142,"minecraft:barrel":2,"exnihilosequentia:sieve":34,"creategearaddon:oak_cogwheel":30,"supplementaries:stick":5,"mcwfences:modern_stone_brick_wall":5,"cyclic:hopper":7,"minecraft:blackstone":15,"minecraft:kelp_plant":2,"storagedrawers:controller":1,"chisel:planks/spruce/encased_planks":26,"framedblocks:framed_corner_slope":4,"endergetic:poise_beehive":2,"minecraft:clay":25,"ironfurnaces:copper_furnace":2,"minecraft:torch":44,"mcwfences:spruce_highley_gate":1,"minecraft:glass":4,"minecraft:cobblestone":12,"excompressum:oak_heavy_sieve":10,"create:gabbro_cobblestone":23,"minecraft:sugar_cane":24,"minecraft:oak_planks":94,"minecraft:wall_torch":1,"minecraft:cauldron":1,"create:basin":1,"chisel:planks/spruce/braid":8,"compressium:sand_1":102,"storagedrawers:oak_full_drawers_1":57,"exnihilosequentia:crucible_wood":3,"minecraft:oak_log":441,"chisel:cobblestone/mosaic":4,"create:hand_crank":4,"minecraft:sand":11,"minecraft:dirt":8,"tconstruct:crafting_station":7,"creategearaddon:large_oak_cogwheel":8,"minecraft:netherrack":8,"minecraft:oak_leaves":64,"create:millstone":6,"framedcompactdrawers:framed_full_one":1,"engineersdecor:dense_grit_sand_block":3,"minecraft:end_stone":4,"create:large_cogwheel":4,"minecraft:redstone_wire":1,"minecraft:spruce_leaves":222,"exnihilosequentia:barrel_stone":16,"createaddition:rolling_mill":11,"create:shaft":32,"minecraft:furnace":3,"mcwfences:spruce_stockade_fence":6,"minecraft:andesite":7,"mekanism:basic_fluid_tank":1,"chisel:cobblestone/french_1":4,"exnihilosequentia:crucible_fired":1,"chisel:planks/spruce/vertical_planks":9,"minecraft:oak_slab":260,"ironfurnaces:silver_furnace":2,"architects_palette:sunmetal_block":3,"quark:oak_chest":13,"exnihilosequentia:dust":12,"minecraft:oak_fence":153,"chisel:cobblestone/twisted":8,"minecraft:crafting_table":2,"create:granite_cobblestone":15,"minecraft:blackstone_slab":2,"create:water_wheel":2,"minecraft:stone_slab":11,"chisel:cobblestone/weaver":20,"minecraft:cactus":1,"cookingforblockheads:sink":3,"create:gearbox":12,"compressium:cobblestone_1":439,"minecraft:beehive":3,"mcwfences:spruce_horse_fence":6,"minecraft:spruce_log":536,"decorative_blocks:oak_palisade":6,"create:mechanical_drill":2,"exnihilosequentia:barrel_wood":33,"create:diorite_cobblestone":8,"quark:spruce_chest":34,"minecraft:gravel":11},"minecraft:picked_up":{"engineersdecor:dense_grit_sand_block":3,"minecraft:wheat":2,"ragnamod_6_sky:piece_soulium":9,"chisel:cobblestone/mosaic":4,"ragnamod_6_sky:blackstone_pebble":855,"minecraft:stone_slab":16,"pamhc2foodextended:cinnamonbreaditem":8,"chisel:planks/spruce/crude_horizontal_planks":16,"minecraft:string":489,"endergetic:poise_beehive":3,"create:water_wheel":2,"minecraft:oak_sign":1,"thermal:sulfur":8,"thermal:iron_plate":2,"exnihilosequentia:seed_fern":1,"minecraft:bucket":3,"minecraft:spruce_planks":14,"excompressum:compressed_hammer_stone":1,"neapolitan:banana_bread":8,"chisel:planks/spruce/braid":8,"ragnamod_6_sky:cobble_pebble":659,"minecraft:furnace":3,"exnihilosequentia:sieve":37,"exnihilosequentia:hammer_stone":2,"ragnamod_6_sky:granite_pebble":667,"minecraft:beehive":4,"minecraft:stick":103,"pamhc2foodextended:theatreboxitem":15,"ragnamod_6_sky:diorite_pebble":846,"chisel:planks/spruce/encased_large_planks":13,"neapolitan:vanilla_fudge":16,"ragnamod_6_sky:piece_zinc":919,"minecraft:oak_fence":153,"minecraft:torch":71,"create:andesite_casing":5,"chisel:planks/spruce/encased_planks":22,"minecraft:dried_kelp":1,"compressium:gravel_1":1,"exnihilosequentia:crucible_fired":3,"minecraft:cauldron":1,"create:large_cogwheel":8,"exnihilosequentia:barrel_stone":17,"thermal:apatite":233,"ragnamod_6_sky:andesite_pebble":824,"minecraft:cactus":1,"quark:clear_shard":26,"pamhc2foodextended:poutineitem":1,"exnihilosequentia:crushed_netherrack":8,"ragnamod_6_sky:piece_iron":962,"mekanism:basic_fluid_tank":1,"ragnamod_6_sky:piece_copper":648,"cyclic:hopper":8,"minecraft:obsidian":4,"create:andesite_cobblestone":375,"neapolitan:chocolate_cake":1,"minecraft:blaze_powder":3,"minecraft:cobblestone":167,"exnihilosequentia:seed_acacia":1,"cyclic:shears_flint":1,"gildedingot:shroom_fruit":15,"minecraft:andesite":37,"create:belt_connector":8,"minecraft:flint":7,"storagedrawers:drawer_key":2,"supplementaries:flax_seeds":4,"exnihilosequentia:porcelain_clay":9,"create:gabbro_cobblestone":43,"ragnamod_6_sky:piece_gold":14,"minecraft:dirt":33,"minecraft:lapis_lazuli":896,"brazier:warped_nether_wart":8,"chisel:planks/spruce/vertical_planks":9,"exnihilosequentia:seed_spruce":1,"chisel:cobblestone/twisted":8,"minecraft:twisting_vines":5,"neapolitan:adzuki_bun":6,"thermal:sapphire":18,"minecraft:wheat_seeds":6,"architects_palette:sunmetal_block":3,"create:mechanical_drill":2,"minecraft:bell":2,"ftbquests:book":1,"forbidden_arcanus:rune":337,"create:shaft":64,"minecraft:glowstone_dust":195,"minecraft:oak_planks":107,"minecraft:ghast_tear":6,"exnihilosequentia:mesh_string":42,"exnihilosequentia:crucible_wood":4,"patchouli:guide_book":5,"minecraft:sand":1293,"exnihilosequentia:mesh_iron":13,"thermal:gold_plate":3,"eidolon:codex":1,"excompressum:compressed_dust":1,"decorative_blocks:oak_palisade":12,"exnihilosequentia:silkworm":188,"minecraft:barrel":1,"astralsorcery:tome":1,"quark:cobbled_deepslate":14,"exnihilosequentia:seed_large_fern":1,"architects_palette:sunmetal_pillar":4,"minecraft:clay":98,"ragnamod_6_sky:piece_silver":1367,"minecraft:diamond":121,"exnihilosequentia:seed_cactus":1,"minecraft:bone_meal":158,"mahoutsukai:guidebook":1,"minecraft:emerald":328,"minecraft:oak_sapling":83,"minecraft:netherrack":19,"minecraft:crimson_roots":4,"minecraft:oak_leaves":96,"exnihilosequentia:crook_stone":1,"minecraft:charcoal":106,"minecraft:crafting_table":5,"tconstruct:crafting_station":6,"exnihilosequentia:mesh_flint":27,"minecraft:nether_wart":5,"minecraft:clay_ball":109,"mob_grinding_utils:absorption_hopper":1,"thermal:cinnabar":218,"compressium:dirt_1":1,"mcwfences:spruce_horse_fence":6,"createaddition:rolling_mill":12,"ragnamod_6_sky:piece_cobalt":4,"immersiveengineering:manual":1,"exnihilosequentia:seed_carrot":1,"exnihilosequentia:dust":1227,"ragnamod_6_sky:deepslate_pebble":795,"exnihilosequentia:seed_birch":1,"minecraft:netherite_scrap":1,"ragnamod_6_sky:chunk_iron":18,"ragnamod_6_sky:basalt_pebble":787,"minecraft:blackstone":37,"iceandfire:amythest_gem":328,"quark:spruce_chest":51,"mcwfences:spruce_stockade_fence":6,"thermal:niter":5,"create:basin":1,"minecraft:sugar_cane":43,"minecraft:birch_sapling":8,"creategearaddon:oak_cogwheel":44,"mcwfences:modern_stone_brick_wall":5,"ragnamod_6_sky:piece_tin":55,"minecraft:end_stone":4,"framedblocks:framed_corner_slope":4,"architects_palette:flint_block":5,"exnihilosequentia:seed_potato":1,"exnihilosequentia:seed_kelp":1,"chisel:cobblestone/french_1":4,"create:hand_crank":11,"minecraft:redstone":184,"ragnamod_6_sky:gabbro_pebble":854,"exnihilosequentia:barrel_wood":35,"create:vertical_gearbox":6,"rats:block_of_cheese":1,"rftoolsbase:manual":1,"minecraft:weeping_vines":3,"tconstruct:grout":260,"ragnamod_6_sky:piece_ender":2,"minecraft:beetroot_seeds":5,"excompressum:oak_heavy_sieve":10,"ironfurnaces:silver_furnace":1,"ragnamod_6_sky:piece_osmium":405,"storagedrawers:controller":1,"ragnamod_6_sky:piece_aluminum":967,"minecraft:basalt":18,"creategearaddon:large_oak_cogwheel":11,"storagedrawers:upgrade_template":3,"minecraft:blackstone_slab":1,"minecraft:crimson_fungus":3,"minecraft:oak_log":644,"create:andesite_alloy":186,"astralsorcery:aquamarine":42,"chisel:cobblestone/weaver":8,"minecraft:gunpowder":279,"pamhc2foodextended:friedfeastitem":7,"tconstruct:seared_brick":132,"ragnamod_6_sky:piece_platinum":4,"minecraft:apple":18,"mcwfences:spruce_highley_gate":1,"minecraft:kelp":16,"rats:rat_flute":1,"minecraft:iron_ingot":86,"ironfurnaces:augment_speed":1,"minecraft:cobweb":64,"exnihilosequentia:seed_berry":2,"storagedrawers:oak_full_drawers_1":57,"rats:chef_toque":1,"minecraft:acacia_sapling":4,"minecraft:soul_sand":6,"powah:uraninite":110,"minecraft:oak_slab":216,"minecraft:warped_fungus":2,"create:diorite_cobblestone":48,"thermal:copper_ingot":1,"create:granite_cobblestone":47,"minecraft:quartz":14,"minecraft:gravel":3965,"exnihilosequentia:crushed_end_stone":4,"ragnamod_6_sky:piece_amber":3,"minecraft:spruce_sapling":76,"minecraft:spruce_log":603,"minecraft:white_bed":3,"compressium:clay_1":1,"quark:oak_chest":14,"create:gearbox":7,"cookingforblockheads:sink":3,"create:millstone":7,"minecraft:pumpkin_seeds":5,"ragnamod_6_sky:piece_uranium":32,"framedcompactdrawers:framed_full_one":1,"exnihilosequentia:mesh_diamond":18,"ragnamod_6_sky:piece_nickel":35,"ironfurnaces:copper_furnace":2,"compressium:cobblestone_1":4,"ragnamod_6_sky:piece_lead":646,"mekanism:fluorite_gem":7,"minecraft:warped_roots":7,"thermal:ruby":18,"minecraft:melon_seeds":1,"ragnamod_6_sky:piece_emeraldite":10,"minecraft:coal":1059,"rats:cauldron_milk":1,"ragnamod_6_sky:piece_tungsten":3,"minecraft:ender_pearl":5},"minecraft:killed":{"supplementaries:firefly":1}},"DataVersion":2586}