{"stats":{"minecraft:killed":{"farlanders:fanmade_enderman":1,"minecraft:skeleton":1,"minecraft:chicken":1,"farlanders:enderminion":1,"rats:rat":1,"minecraft:zombie":2,"mekanismadditions:baby_skeleton":3,"supplementaries:firefly":1,"minecraft:zombified_piglin":3,"rats:plague_cloud":3,"mekanismadditions:baby_creeper":1,"minecraft:creeper":3,"farlanders:mystic_enderminion":1},"minecraft:killed_by":{"rats:plague_beast":4,"minecraft:player":1,"rats:plague_cloud":6},"minecraft:dropped":{"minecraft:iron_sword":40,"minecraft:lapis_lazuli":157,"ragnamod_6_sky:granite_pebble":51,"create:andesite_cobblestone":301,"minecraft:emerald":15,"exnihilosequentia:mesh_flint":1,"minecraft:bone_meal":53,"create:diorite_cobblestone":16,"iceandfire:amythest_gem":9,"minecraft:sugar_cane":1,"minecraft:oak_planks":2,"ragnamod_6_sky:piece_copper":19,"compressium:clay_1":2,"create:wrench":2,"ragnamod_6_sky:piece_lead":18,"minecraft:glass":20,"excompressum:compressed_hammer_stone":1,"minecraft:iron_ingot":51,"pipez:basic_upgrade":2,"minecraft:cobblestone":120,"quark:spruce_chest":12,"chisel:cobblestone/dent":475,"minecraft:coal":1361,"ragnamod_6_sky:piece_aluminum":1043,"ragnamod_6_sky:andesite_pebble":1,"minecraft:clay_ball":92,"mcwfences:spruce_horse_fence":30,"pipez:item_pipe":19,"minecraft:stone":3,"exnihilosequentia:mesh_string":17,"minecraft:spruce_sign":14,"ragnamod_6_sky:diorite_pebble":53,"create:granite_cobblestone":11,"mob_grinding_utils:jumbo_tank":2,"creategearaddon:large_oak_cogwheel":1,"mob_grinding_utils:saw":1,"forbidden_arcanus:rune":4,"constructionwand:diamond_wand":2,"creategearaddon:oak_cogwheel":5,"exnihilosequentia:mesh_diamond":1,"exnihilosequentia:crucible_fired":1,"create:large_cogwheel":2,"minecraft:gold_ingot":49,"minecraft:gravel":193,"exnihilosequentia:mesh_iron":1,"ragnamod_6_sky:piece_silver":9,"minecraft:gunpowder":1,"ragnamod_6_sky:cobble_pebble":59,"minecraft:water_bucket":1,"excompressum:compressed_dust":2,"compressium:gravel_1":3,"minecraft:stick":57,"chisel:stone_bricks/dent":128,"quark:clear_shard":13,"minecraft:torch":110,"chisel:glowstone/twisted":72,"ragnamod_6_sky:chunk_copper":4,"tconstruct:crafting_station":2,"chisel:planks/spruce/encased_planks":18,"minecraft:bucket":5,"minecraft:redstone":19,"pipez:fluid_pipe":18,"ragnamod_6_sky:chunk_iron":19,"minecraft:andesite":35,"storagedrawers:drawer_key":2,"minecraft:spruce_log":60},"minecraft:mined":{"chisel:planks/spruce/braced_planks":1,"minecraft:white_bed":3,"create:andesite_casing":2,"minecraft:obsidian":10,"chisel:stone_bricks/dent":28,"chisel:planks/spruce/encased_large_planks":13,"tconstruct:part_chest":2,"create:belt":8,"minecraft:oak_wall_sign":1,"rats:block_of_cheese":1,"minecraft:barrel":2,"pipez:fluid_pipe":8,"exnihilosequentia:sieve":36,"tconstruct:seared_melter":1,"tconstruct:seared_bricks_wall":1,"minecraft:oak_sign":1,"mob_grinding_utils:jumbo_tank":1,"create:limestone":3,"cyclic:hopper":11,"tconstruct:part_builder":4,"chisel:glowstone/extra/bismuth":1,"minecraft:kelp_plant":4,"storagedrawers:controller":1,"chisel:planks/spruce/encased_planks":223,"endergetic:poise_beehive":2,"framedblocks:framed_corner_slope":4,"ironfurnaces:copper_furnace":2,"minecraft:torch":75,"mcwfences:spruce_highley_gate":1,"minecraft:spruce_wall_sign":2,"minecraft:glass":44,"excompressum:oak_heavy_sieve":11,"minecraft:sugar_cane":52,"minecraft:spruce_sign":1,"cookingforblockheads:spice_rack":1,"create:basin":1,"chisel:planks/spruce/braid":8,"compressium:sand_1":102,"tconstruct:seared_faucet":4,"storagedrawers:oak_full_drawers_1":94,"minecraft:grass":112,"create:hand_crank":4,"creategearaddon:large_oak_cogwheel":10,"create:millstone":6,"framedcompactdrawers:framed_full_one":3,"chisel:andesite/mosaic":10,"engineersdecor:dense_grit_sand_block":3,"minecraft:end_stone":4,"quark:cobbled_deepslate":31,"minecraft:redstone_wire":3,"thermal:flax":3,"exnihilosequentia:barrel_stone":41,"create:shaft":38,"mcwfences:spruce_stockade_fence":6,"minecraft:andesite":7,"minecraft:potatoes":8,"minecraft:smithing_table":1,"minecraft:oak_slab":328,"mob_grinding_utils:saw":1,"ironfurnaces:silver_furnace":5,"quark:oak_chest":13,"minecraft:stone_brick_slab":49,"minecraft:dandelion":2,"chisel:glowstone/twisted":5,"chisel:cobblestone/twisted":8,"create:granite_cobblestone":222,"chisel:diorite/encased_bricks":6,"create:water_wheel":4,"minecraft:tall_grass":52,"tconstruct:smeltery_controller":2,"create:gearbox":12,"mcwfences:spruce_horse_fence":30,"minecraft:spruce_log":3054,"decorative_blocks:oak_palisade":6,"create:mechanical_drill":4,"minecraft:mycelium":10,"create:diorite_cobblestone":8,"minecraft:gravel":13,"minecraft:fern":3,"minecraft:spruce_planks":62,"minecraft:oak_sapling":1,"tconstruct:tinker_station":3,"tconstruct:seared_bricks":18,"minecraft:spruce_trapdoor":1,"minecraft:grass_block":9,"chisel:planks/spruce/crude_horizontal_planks":16,"botanypots:botany_pot":1,"mob_grinding_utils:absorption_hopper":2,"chisel:cobblestone/dent":28,"tconstruct:seared_table":1,"framedblocks:framed_slope":3,"compressium:gravel_1":220,"compressium:netherrack_1":8,"thermal:tomato":1,"tconstruct:seared_fuel_tank":1,"cyclic:flower_cyan":8,"creategearaddon:oak_cogwheel":38,"supplementaries:stick":6,"mcwfences:modern_stone_brick_wall":5,"minecraft:spruce_slab":9,"minecraft:blackstone":93,"tconstruct:tinkers_anvil":2,"minecraft:clay":25,"minecraft:poppy":9,"thermal:peanut":1,"mob_grinding_utils:tank":3,"minecraft:cobblestone":34,"create:gabbro_cobblestone":23,"minecraft:oak_planks":243,"minecraft:wall_torch":1,"minecraft:cauldron":1,"exnihilosequentia:crucible_wood":5,"minecraft:oak_log":480,"chisel:cobblestone/mosaic":4,"minecraft:sand":12,"minecraft:dirt":22,"tconstruct:crafting_station":13,"minecraft:netherrack":8,"minecraft:oak_leaves":118,"framedblocks:framed_slab":6,"create:granite_cobblestone_slab":1,"create:large_cogwheel":7,"minecraft:spruce_leaves":3911,"chisel:andesite/french_1":32,"minecraft:large_fern":1,"compressium:endstone_1":6,"createaddition:rolling_mill":11,"minecraft:oak_trapdoor":2,"minecraft:furnace":3,"minecraft:carrots":26,"mekanism:basic_fluid_tank":1,"chisel:cobblestone/french_1":4,"exnihilosequentia:crucible_fired":3,"tconstruct:seared_glass":7,"chisel:planks/spruce/vertical_planks":9,"minecraft:stone":15,"minecraft:podzol":2,"architects_palette:sunmetal_block":5,"chisel:andesite/road":7,"chisel:andesite/encased_bricks":6,"minecraft:basalt":12,"exnihilosequentia:dust":13,"pipez:item_pipe":18,"minecraft:oak_fence":239,"minecraft:crafting_table":4,"minecraft:blackstone_slab":6,"tconstruct:seared_basin":2,"chisel:cobblestone/extra/marker":9,"minecraft:stone_slab":18,"chisel:cobblestone/weaver":70,"minecraft:cactus":1,"cookingforblockheads:sink":6,"compressium:cobblestone_1":653,"minecraft:beehive":4,"chisel:andesite/weaver":4,"minecraft:grass_path":1,"exnihilosequentia:barrel_wood":77,"create:mechanical_crafter":13,"quark:spruce_chest":68},"minecraft:picked_up":{"engineersdecor:dense_grit_sand_block":3,"chisel:cobblestone/mosaic":4,"minecraft:smithing_table":1,"minecraft:stone_slab":22,"ragnamod_6_sky:piece_endumium":3,"create:wrench":1,"create:limestone_cobblestone":2,"minecraft:golden_sword":1,"minecraft:string":489,"tconstruct:smeltery_controller":2,"endergetic:poise_beehive":3,"thermal:barley_seeds":1,"minecraft:beetroot":9,"create:water_wheel":4,"tconstruct:ingot_cast":1,"mysticalagriculture:inferium_essence":1,"minecraft:gold_nugget":1,"minecraft:spruce_planks":15,"ragnamod_6_sky:cobble_pebble":1071,"ragnamod_6_sky:granite_pebble":1085,"minecraft:beehive":5,"pamhc2foodextended:theatreboxitem":15,"chisel:planks/spruce/encased_large_planks":13,"create:andesite_casing":6,"chisel:cobblestone/dent":452,"chisel:stone_bricks/dent":156,"chisel:planks/spruce/encased_planks":188,"mob_grinding_utils:saw":2,"tconstruct:seared_faucet":4,"minecraft:cauldron":1,"exnihilosequentia:barrel_stone":43,"thermal:apatite":396,"quark:clear_shard":146,"pamhc2foodextended:poutineitem":1,"ragnamod_6_sky:piece_copper":907,"mekanism:basic_fluid_tank":2,"cyclic:hopper":12,"create:andesite_cobblestone":375,"neapolitan:chocolate_cake":1,"exnihilosequentia:seed_acacia":3,"exnihilosequentia:ancient_spores":2,"minecraft:feather":1,"cyclic:shears_flint":1,"gildedingot:shroom_fruit":24,"minecraft:flint":7,"ragnamod_6_sky:piece_gold":69,"brazier:warped_nether_wart":20,"cyclic:flower_cyan":8,"exnihilosequentia:seed_oak":4,"minecraft:twisting_vines":15,"thermal:sapphire":64,"framedblocks:framed_slope":1,"pipez:fluid_pipe":26,"architects_palette:sunmetal_block":6,"create:mechanical_drill":4,"ftbquests:book":1,"create:shaft":70,"forbidden_arcanus:rune":688,"tconstruct:seared_table":1,"minecraft:glowstone_dust":211,"exnihilosequentia:mesh_string":43,"exnihilosequentia:seed_jungle":2,"exnihilosequentia:seed_darkoak":1,"patchouli:guide_book":5,"create:granite_cobblestone_slab":1,"thermal:gold_plate":3,"minecraft:barrel":1,"exnihilosequentia:silkworm":188,"astralsorcery:tome":1,"quark:cobbled_deepslate":14,"cookingforblockheads:spice_rack":1,"architects_palette:sunmetal_pillar":4,"thermal:eggplant_seeds":2,"mahoutsukai:guidebook":1,"chisel:glowstone/twisted":72,"minecraft:crimson_roots":13,"minecraft:spruce_leaves":2905,"minecraft:crafting_table":7,"minecraft:nether_wart":12,"minecraft:clay_ball":178,"mob_grinding_utils:absorption_hopper":2,"tconstruct:tinkers_anvil":2,"compressium:dirt_1":1,"immersiveengineering:manual":1,"ragnamod_6_sky:deepslate_pebble":1200,"ragnamod_6_sky:chunk_iron":20,"minecraft:netherite_scrap":13,"ragnamod_6_sky:basalt_pebble":1195,"quark:spruce_chest":95,"thermal:niter":35,"minecraft:poppy":9,"minecraft:spruce_slab":9,"minecraft:birch_sapling":8,"creategearaddon:oak_cogwheel":53,"minecraft:diamond_hoe":1,"minecraft:egg":22,"ragnamod_6_sky:piece_tin":145,"minecraft:stone":3,"architects_palette:flint_block":5,"pipez:item_pipe":37,"exnihilosequentia:seed_potato":3,"chisel:cobblestone/french_1":4,"minecraft:carrot":104,"minecraft:redstone":206,"chisel:andesite/mosaic":10,"create:vertical_gearbox":6,"rats:block_of_cheese":1,"rftoolsbase:manual":1,"ragnamod_6_sky:piece_ender":29,"minecraft:beetroot_seeds":24,"storagedrawers:controller":1,"minecraft:gold_ingot":46,"tconstruct:part_chest":2,"minecraft:blackstone_slab":5,"tconstruct:seared_fuel_tank":1,"mob_grinding_utils:tank":3,"minecraft:oak_log":674,"framedblocks:framed_slab":6,"astralsorcery:aquamarine":128,"chisel:cobblestone/weaver":40,"chisel:diorite/encased_bricks":6,"pamhc2foodextended:friedfeastitem":7,"tconstruct:seared_brick":132,"pipez:basic_upgrade":3,"minecraft:apple":19,"mcwfences:spruce_highley_gate":1,"minecraft:kelp":38,"ironfurnaces:augment_speed":3,"minecraft:cobweb":64,"exnihilosequentia:seed_berry":5,"minecraft:iron_sword":40,"rats:chef_toque":1,"powah:uraninite":110,"minecraft:gravel":5902,"xreliquary:catalyzing_gland":1,"exnihilosequentia:crushed_end_stone":58,"minecraft:spruce_sapling":205,"minecraft:spruce_log":3136,"compressium:clay_1":1,"create:gearbox":7,"cookingforblockheads:sink":6,"create:millstone":7,"exnihilosequentia:mesh_diamond":20,"immersiveengineering:seed":15,"compressium:cobblestone_1":4,"tconstruct:seared_melter":1,"ragnamod_6_sky:piece_pendorite":2,"minecraft:warped_roots":13,"minecraft:melon_seeds":11,"ragnamod_6_sky:piece_emeraldite":26,"rats:cauldron_milk":1,"ragnamod_6_sky:piece_tungsten":29,"minecraft:ender_pearl":36,"minecraft:wheat":5,"constructionwand:diamond_wand":2,"ragnamod_6_sky:piece_soulium":49,"create:mechanical_crafter":13,"ragnamod_6_sky:blackstone_pebble":1248,"pamhc2foodextended:cinnamonbreaditem":8,"chisel:andesite/road":7,"chisel:planks/spruce/crude_horizontal_planks":16,"minecraft:oak_sign":1,"thermal:sulfur":51,"thermal:iron_plate":2,"exnihilosequentia:seed_fern":2,"minecraft:bucket":5,"excompressum:compressed_hammer_stone":1,"neapolitan:banana_bread":8,"chisel:planks/spruce/braid":8,"thermal:spinach_seeds":2,"minecraft:furnace":3,"exnihilosequentia:hammer_stone":2,"exnihilosequentia:sieve":38,"minecraft:stick":233,"ragnamod_6_sky:diorite_pebble":1280,"neapolitan:vanilla_fudge":16,"exnihilosequentia:seed_bamboo":2,"ragnamod_6_sky:piece_zinc":1310,"minecraft:oak_fence":222,"minecraft:torch":238,"compressium:gravel_1":1,"minecraft:dried_kelp":1,"thermal:flax_seeds":8,"exnihilosequentia:crucible_fired":5,"create:large_cogwheel":11,"ragnamod_6_sky:andesite_pebble":1235,"minecraft:cactus":1,"minecraft:rotten_flesh":1,"exnihilosequentia:crushed_netherrack":80,"ragnamod_6_sky:piece_iron":1305,"minecraft:obsidian":14,"minecraft:blaze_powder":25,"minecraft:cobblestone":1757,"tconstruct:seared_bricks":17,"chisel:andesite/french_1":21,"minecraft:andesite":37,"minecraft:potato":28,"create:belt_connector":8,"storagedrawers:drawer_key":4,"supplementaries:flax_seeds":4,"create:gabbro_cobblestone":43,"exnihilosequentia:porcelain_clay":15,"minecraft:lapis_lazuli":2738,"minecraft:dirt":81,"chisel:planks/spruce/vertical_planks":9,"exnihilosequentia:seed_spruce":4,"minecraft:glass":20,"chisel:cobblestone/twisted":8,"neapolitan:adzuki_bun":6,"minecraft:bone":2,"minecraft:wheat_seeds":48,"minecraft:bell":2,"exnihilosequentia:grass_seeds":2,"minecraft:oak_planks":219,"minecraft:ghast_tear":13,"exnihilosequentia:crucible_wood":6,"exnihilosequentia:mesh_iron":13,"minecraft:sand":1998,"tconstruct:seared_bricks_wall":1,"excompressum:compressed_dust":1,"eidolon:codex":1,"decorative_blocks:oak_palisade":12,"chisel:andesite/encased_bricks":6,"mob_grinding_utils:jumbo_tank":3,"exnihilosequentia:seed_large_fern":3,"minecraft:clay":116,"minecraft:diamond":166,"ragnamod_6_sky:piece_silver":1593,"tconstruct:seared_basin":2,"exnihilosequentia:seed_cactus":3,"minecraft:bone_meal":194,"minecraft:spruce_sign":21,"minecraft:emerald":856,"minecraft:oak_sapling":90,"minecraft:netherrack":91,"minecraft:oak_leaves":150,"tconstruct:crafting_station":11,"exnihilosequentia:crook_stone":1,"minecraft:charcoal":106,"minecraft:chicken":1,"exnihilosequentia:mesh_flint":27,"thermal:cinnabar":318,"createaddition:rolling_mill":12,"mcwfences:spruce_horse_fence":57,"ragnamod_6_sky:piece_cobalt":29,"minecraft:oak_trapdoor":2,"exnihilosequentia:seed_carrot":5,"exnihilosequentia:seed_birch":3,"exnihilosequentia:dust":1228,"tconstruct:seared_glass":7,"iceandfire:amythest_gem":826,"minecraft:blackstone":115,"mcwfences:spruce_stockade_fence":6,"create:basin":1,"minecraft:sugar_cane":106,"minecraft:spruce_trapdoor":1,"mcwfences:modern_stone_brick_wall":5,"minecraft:end_stone":58,"framedblocks:framed_corner_slope":4,"exnihilosequentia:seed_kelp":1,"create:hand_crank":11,"ragnamod_6_sky:gabbro_pebble":1295,"exnihilosequentia:barrel_wood":79,"thermal:peanut_seeds":4,"minecraft:arrow":2,"minecraft:weeping_vines":12,"chisel:planks/spruce/braced_planks":1,"tconstruct:grout":260,"excompressum:oak_heavy_sieve":11,"tconstruct:tinker_station":3,"ironfurnaces:silver_furnace":4,"ragnamod_6_sky:piece_osmium":967,"ragnamod_6_sky:piece_aluminum":3586,"minecraft:basalt":18,"creategearaddon:large_oak_cogwheel":13,"tconstruct:part_builder":4,"storagedrawers:upgrade_template":3,"minecraft:crimson_fungus":11,"create:andesite_alloy":186,"minecraft:gunpowder":408,"ragnamod_6_sky:piece_platinum":35,"chisel:andesite/weaver":4,"byg:ametrine_gems":8,"rats:rat_flute":1,"minecraft:iron_ingot":89,"thermal:tomato_seeds":2,"storagedrawers:oak_full_drawers_1":94,"minecraft:acacia_sapling":4,"minecraft:soul_sand":24,"minecraft:oak_slab":277,"create:diorite_cobblestone":48,"minecraft:warped_fungus":11,"thermal:copper_ingot":1,"create:granite_cobblestone":53,"minecraft:stone_brick_slab":47,"minecraft:quartz":23,"minecraft:dandelion":2,"ragnamod_6_sky:piece_amber":22,"minecraft:white_bed":3,"thermal:green_bean_seeds":1,"quark:oak_chest":14,"thermal:rice_seeds":3,"minecraft:pumpkin_seeds":18,"ragnamod_6_sky:piece_uranium":85,"framedcompactdrawers:framed_full_one":3,"ragnamod_6_sky:piece_nickel":78,"ironfurnaces:copper_furnace":2,"ragnamod_6_sky:piece_lead":933,"mekanism:fluorite_gem":34,"tconstruct:pattern":78,"thermal:ruby":56,"minecraft:coal":4182},"minecraft:crafted":{"pipez:basic_upgrade":2,"pipez:item_pipe":16,"ironfurnaces:iron_furnace":2,"minecraft:nether_brick":0,"tconstruct:seared_melter":1,"minecraft:granite":0,"minecraft:glass":31,"minecraft:diamond_helmet":1,"chisel:diamond_chisel":1,"exnihilosequentia:mesh_flint":1,"storagedrawers:oak_full_drawers_1":1,"ironfurnaces:augment_speed":1,"create:gabbro":0,"rats:assorted_vegetables":1,"ragnamod_6_sky:chunk_iron":2,"constructionwand:stone_wand":1,"minecraft:stone_slab":6,"quark:oak_chest":4,"minecraft:iron_pickaxe":2,"excompressum:oak_heavy_sieve":3,"minecraft:gold_ingot":0,"storagedrawers:drawer_key":1,"storagedrawers:upgrade_template":4,"mob_grinding_utils:ender_inhibitor_on":1,"minecraft:stone_shovel":1,"tconstruct:part_builder":1,"create:wrench":1,"minecraft:iron_nugget":9,"exnihilosequentia:crucible_fired":1,"thermal:copper_ingot":17,"tconstruct:seared_basin":1,"enigmaticlegacy:iron_ring":1,"storagedrawers:emerald_storage_upgrade":1,"tconstruct:tinker_station":1,"minecraft:basalt":1,"minecraft:terracotta":0,"thermal:silver_ingot":8,"minecraft:stone_pickaxe":1,"quark:spruce_chest":4,"exnihilosequentia:sieve":21,"constructionwand:diamond_wand":1,"excompressum:compressed_hammer_stone":1,"tconstruct:part_chest":1,"minecraft:dried_kelp":0,"mob_grinding_utils:saw":1,"tconstruct:seared_heater":2,"mcwfences:spruce_horse_fence":3,"minecraft:cobblestone":9,"minecraft:flint":6,"enigmaticlegacy:magnet_ring":1,"minecraft:brick":0,"exnihilosequentia:mesh_iron":5,"mekanismtools:diamond_paxel":1,"minecraft:oak_planks":56,"mekanismtools:iron_paxel":1,"minecraft:barrel":1,"createaddition:rolling_mill":1,"create:andesite_casing":16,"minecraft:stone":9,"mob_grinding_utils:tank":4,"pipez:fluid_pipe":16,"minecraft:hopper":1,"minecraft:comparator":2,"tconstruct:seared_brick":0,"tconstruct:seared_fuel_tank":1,"mob_grinding_utils:absorption_hopper":2,"minecraft:ender_eye":1,"exnihilosequentia:barrel_wood":3,"minecraft:dropper":2,"minecraft:crafting_table":1,"minecraft:spruce_planks":36,"mcwfences:spruce_pyramid_gate":3,"cookingforblockheads:counter":1,"mcwfences:modern_stone_brick_wall":6,"mekanismtools:stone_paxel":1,"minecraft:diorite":0,"minecraft:paper":3,"minecraft:charcoal":53,"create:water_wheel":2,"minecraft:stick":40,"minecraft:iron_ingot":37,"exnihilosequentia:mesh_diamond":7,"minecraft:redstone_torch":6,"tconstruct:seared_fuel_gauge":1,"tconstruct:pattern":3,"mcwfences:spruce_stockade_fence":3,"storagedrawers:controller":1,"minecraft:iron_axe":1,"immersiveengineering:wirecutter":1,"tconstruct:seared_table":1,"exnihilosequentia:hammer_stone":5,"compressium:gravel_1":1,"create:granite_cobblestone_stairs":4,"minecraft:diamond_sword":1,"mob_grinding_utils:saw_upgrade_sharpness":1,"minecraft:bucket":4,"minecraft:stone_axe":1,"minecraft:air":6637,"ironfurnaces:copper_furnace":1,"framedblocks:framed_cube":8,"tconstruct:crafting_station":3,"compressium:cobblestone_1":1,"tconstruct:seared_faucet":2,"create:mechanical_drill":1,"mob_grinding_utils:jumbo_tank":1,"minecraft:andesite":91},"minecraft:broken":{"mekanismtools:stone_paxel":1,"cyclic:shears_flint":1,"minecraft:shears":13,"constructionwand:stone_wand":3,"mekanismtools:iron_paxel":2,"excompressum:compressed_hammer_stone":7},"minecraft:custom":{"minecraft:interact_with_crafting_table":24,"minecraft:open_barrel":4,"minecraft:eat_cake_slice":21,"minecraft:leave_game":5,"minecraft:time_since_death":56735,"minecraft:deaths":15,"minecraft:jump":10589,"minecraft:interact_with_furnace":281,"minecraft:traded_with_villager":2,"minecraft:sleep_in_bed":22,"minecraft:damage_dealt":3982,"minecraft:interact_with_smithing_table":1,"minecraft:sneak_time":105079,"minecraft:interact_with_stonecutter":8,"minecraft:time_since_rest":56768,"minecraft:use_wand":1452,"minecraft:swim_one_cm":5567,"minecraft:fly_one_cm":2718731,"minecraft:open_chest":2256,"minecraft:fall_one_cm":139505,"minecraft:sprint_one_cm":1566949,"minecraft:drop":261,"minecraft:talked_to_villager":22,"minecraft:walk_on_water_one_cm":22805,"minecraft:play_one_minute":1021365,"minecraft:crouch_one_cm":316211,"minecraft:mob_kills":21,"minecraft:climb_one_cm":2207,"minecraft:walk_one_cm":1892453,"minecraft:walk_under_water_one_cm":10189,"minecraft:damage_taken":7006},"minecraft:used":{"minecraft:spruce_slab":9,"minecraft:stone":15,"excompressum:compressed_hammer_stone":917,"chisel:planks/spruce/encased_planks":1232,"chisel:cobblestone/twisted":8,"create:mechanical_crafter":13,"cyclic:shears_flint":64,"minecraft:lava_bucket":16,"pamhc2foodextended:holidaycakeitem":8,"pamhc2foodextended:cinnamonbreaditem":8,"exnihilosequentia:seed_kelp":1,"tconstruct:seared_faucet":6,"tconstruct:tinkers_anvil":3,"create:shaft":45,"minecraft:furnace":4,"minecraft:oak_sapling":30,"minecraft:egg":9,"chisel:glowstone/twisted":12,"minecraft:spruce_door":1,"immersiveengineering:toolbox":1,"compressium:cobblestone_1":654,"minecraft:blackstone":94,"chisel:planks/spruce/braid":8,"minecraft:clay":25,"elevatorid:elevator_white":2,"minecraft:sand":13,"mob_grinding_utils:tank":5,"mob_grinding_utils:ender_inhibitor_on":1,"exnihilosequentia:crucible_wood":4,"mekanismtools:iron_paxel":1481,"exnihilosequentia:sieve":54,"minecraft:diamond_sword":48,"framedcompactdrawers:framed_full_one":50,"minecraft:smithing_table":2,"exnihilosequentia:seed_cactus":1,"create:granite_cobblestone_slab":1,"minecraft:oak_trapdoor":3,"ironfurnaces:copper_furnace":2,"creategearaddon:oak_cogwheel":43,"create:limestone":3,"framedblocks:framed_slab":6,"chisel:stone_bricks/dent":253,"minecraft:netherrack":8,"tconstruct:seared_drain":2,"minecraft:torch":295,"compressium:netherrack_1":8,"cookingforblockheads:counter":1,"exnihilosequentia:grass_seeds":4,"chisel:planks/spruce/crude_horizontal_planks":16,"chisel:planks/spruce/encased_large_planks":13,"create:wrench":30,"create:gearbox":7,"storagedrawers:controller":2,"minecraft:barrel":2,"tconstruct:cast_chest":1,"constructionwand:diamond_wand":132,"compressium:gravel_1":220,"chisel:glowstone/extra/bismuth":1,"create:belt_connector":17,"chisel:andesite/encased_bricks":6,"minecraft:water_bucket":61,"mob_grinding_utils:solid_xp_baby":1,"exnihilosequentia:seed_large_fern":1,"mekanismtools:stone_paxel":401,"compressium:endstone_1":6,"chisel:andesite/weaver":4,"minecraft:oak_slab":526,"minecraft:crafting_table":5,"exnihilosequentia:seed_carrot":4,"minecraft:white_bed":3,"cyclic:hopper":16,"exnihilosequentia:barrel_wood":79,"minecraft:spruce_log":102,"minecraft:diamond_pickaxe":148,"tconstruct:seared_table":2,"tconstruct:part_chest":2,"minecraft:spruce_pressure_plate":3,"chisel:planks/spruce/vertical_planks":9,"create:water_wheel":5,"exnihilosequentia:crucible_fired":8,"mob_grinding_utils:absorption_hopper":5,"minecraft:spruce_trapdoor":1,"minecraft:spruce_sapling":156,"exnihilosequentia:seed_sugarcane":2,"pamhc2foodextended:theatreboxitem":14,"minecraft:cobblestone":316,"tconstruct:seared_melter":1,"create:gabbro_cobblestone":3,"quark:oak_chest":14,"mcwfences:spruce_stockade_fence":6,"mcwfences:spruce_highley_gate":2,"pamhc2foodextended:friedfeastitem":7,"minecraft:diamond_hoe":107,"minecraft:oak_sign":3,"mekanism:basic_fluid_tank":1,"tconstruct:seared_fuel_tank":2,"ironfurnaces:silver_furnace":7,"cookingforblockheads:spice_rack":1,"engineersdecor:dense_grit_sand_block":3,"minecraft:carrot":94,"minecraft:beehive":1,"mekanismtools:diamond_paxel":2653,"minecraft:glass":82,"pamhc2foodextended:fruitcakeitem":8,"create:millstone":7,"neapolitan:vanilla_fudge":16,"chisel:cobblestone/mosaic":4,"thermal:peanut_seeds":1,"pamhc2foodextended:roastpotatoesitem":7,"exnihilosequentia:barrel_stone":41,"pipez:item_pipe":46,"create:mechanical_drill":5,"minecraft:beetroot_seeds":1,"chisel:cobblestone/weaver":555,"tconstruct:smeltery_controller":3,"mcwfences:spruce_pyramid_gate":3,"minecraft:oak_planks":248,"minecraft:sugar_cane":2,"compressium:sand_1":102,"createaddition:rolling_mill":11,"minecraft:shears":3098,"minecraft:end_stone":4,"creategearaddon:large_oak_cogwheel":9,"tconstruct:seared_bricks_wall":25,"thermal:flax_seeds":3,"mob_grinding_utils:saw":2,"minecraft:lever":3,"neapolitan:banana_cake":1,"create:andesite_casing":1,"minecraft:gravel":13,"exnihilosequentia:dust":13,"minecraft:blackstone_slab":6,"chisel:andesite/french_1":188,"tconstruct:crafting_station":27,"minecraft:andesite":7,"create:vertical_gearbox":6,"minecraft:bone_meal":168,"create:large_cogwheel":12,"cookingforblockheads:sink":7,"chisel:diorite/encased_bricks":6,"minecraft:oak_fence":369,"storagedrawers:oak_full_drawers_1":102,"pamhc2foodextended:steakfajitaitem":8,"mob_grinding_utils:jumbo_tank":2,"minecraft:redstone":3,"minecraft:spruce_planks":62,"neapolitan:banana_bread":8,"excompressum:oak_heavy_sieve":13,"minecraft:stone_hoe":1,"chisel:cobblestone/dent":72,"minecraft:dirt":378,"tconstruct:seared_bricks":53,"chisel:cobblestone/french_1":4,"minecraft:stone_brick_slab":75,"chisel:andesite/mosaic":9,"quark:spruce_chest":151,"exnihilosequentia:seed_potato":8,"minecraft:oak_stairs":8,"exnihilosequentia:seed_fern":3,"tconstruct:tinker_station":3,"excompressum:compressed_hammer_diamond":113,"architects_palette:sunmetal_block":1,"create:diorite_cobblestone":22,"mcwfences:spruce_horse_fence":512,"tconstruct:part_builder":5,"pipez:fluid_pipe":16,"minecraft:spruce_sign":56,"minecraft:stonecutter":1,"create:granite_cobblestone":154,"constructionwand:stone_wand":64,"mcwfences:modern_stone_brick_wall":5,"tconstruct:seared_basin":3,"chisel:cobblestone/extra/marker":9,"minecraft:stone_slab":17,"exnihilosequentia:ancient_spores":3,"cookingforblockheads:fruit_basket":1,"thermal:tomato_seeds":1,"minecraft:bucket":49,"create:hand_crank":13,"storagedrawers:drawer_key":70,"chisel:andesite/road":7,"tconstruct:seared_glass":49}},"DataVersion":2586}