{"stats":{"minecraft:killed":{"rats:rat":2},"minecraft:killed_by":{"rats:plague_beast":1,"rats:plague_cloud":4,"minecraft:phantom":1},"minecraft:mined":{"create:andesite_casing":4,"botanypots:botany_pot":2,"minecraft:composter":2,"immersiveengineering:toolbox_block":2,"rats:block_of_cheese":1,"exnihilosequentia:sieve":5,"mcwfences:oak_picket_fence":24,"creategearaddon:oak_cogwheel":66,"create:mechanical_press":29,"cyclic:hopper":3,"create:radial_chassis":2,"minecraft:blackstone":95,"supplementaries:book_pile":3,"eidolon:wooden_altar":2,"minecraft:clay":3,"create:mechanical_piston":2,"minecraft:torch":9,"chisel:planks/oak/encased_smooth":17,"create:brass_casing":1,"minecraft:glass":1,"minecraft:cobblestone":287,"excompressum:oak_heavy_sieve":2,"minecraft:sugar_cane":24,"create:basin":7,"create:flywheel":4,"storagedrawers:oak_full_drawers_1":8,"minecraft:oak_log":393,"create:hand_crank":7,"minecraft:sand":29,"minecraft:dirt":2,"tconstruct:crafting_station":2,"creategearaddon:large_oak_cogwheel":17,"minecraft:oak_leaves":129,"create:millstone":16,"chisel:futura/controller_purple":2,"framedcompactdrawers:framed_full_one":11,"create:large_cogwheel":25,"create:encased_fan":15,"minecraft:kelp":9,"minecraft:sandstone":72,"createaddition:rolling_mill":3,"excompressum:auto_hammer":1,"create:shaft":26,"minecraft:spruce_sapling":1,"minecraft:furnace":2,"minecraft:andesite":1,"create:windmill_bearing":3,"minecraft:bell":1,"minecraft:white_wool":25,"minecraft:oak_slab":58,"create:piston_extension_pole":3,"quark:oak_chest":3,"minecraft:oak_fence":39,"chisel:cobblestone/twisted":6,"create:water_wheel":22,"mcwbridges:oak_log_bridge_middle":1,"create:gearbox":19,"minecraft:spruce_log":118,"decorative_blocks:oak_palisade":6,"exnihilosequentia:barrel_wood":1,"create:diorite_cobblestone":15,"create:mechanical_crafter":26,"quark:spruce_chest":12,"minecraft:gravel":61,"minecraft:terracotta":3,"minecraft:oak_button":1},"minecraft:dropped":{"minecraft:clay":1,"create:granite_cobblestone":9,"minecraft:oak_log":64,"create:mechanical_piston":3,"create:andesite_cobblestone":120,"create:brass_block":36,"creategearaddon:large_oak_cogwheel":1,"cyclic:hopper":4,"create:linear_chassis":6,"creategearaddon:oak_cogwheel":4,"ragnamod_6_sky:piece_zinc":23,"minecraft:bone_meal":3,"minecraft:sand":1,"create:large_cogwheel":2,"create:diorite_cobblestone":32,"quark:oak_chest":2,"minecraft:cauldron":1,"minecraft:gold_ingot":4,"rats:rat_flute":1,"minecraft:gravel":36,"minecraft:sugar_cane":1,"minecraft:glowstone_dust":3,"compressium:clay_1":1,"supplementaries:flax_seeds":4,"minecraft:gunpowder":4,"thermal:cinnabar":1,"create:gearbox":5,"cyclic:shears_flint":1,"create:brass_ingot":34,"create:wheat_flour":8,"minecraft:glass":9,"minecraft:oak_leaves":8,"create:andesite_alloy":64,"minecraft:iron_ingot":20,"create:rose_quartz":12,"pamhc2foodextended:poutineitem":1,"quark:spruce_chest":10,"minecraft:stick":3,"create:secondary_linear_chassis":1,"rats:block_of_cheese":2,"create:limestone_cobblestone":1,"minecraft:bucket":1,"create:sand_paper":2,"minecraft:redstone":63,"exnihilosequentia:hammer_stone":1,"rats:chef_toque":1,"ragnamod_6_sky:chunk_iron":35,"exnihilosequentia:crucible_wood":1,"minecraft:andesite":8,"neapolitan:banana_bread":8,"minecraft:oak_sapling":5,"minecraft:redstone_torch":1,"exnihilosequentia:barrel_stone":1,"create:brass_casing":4,"minecraft:spruce_log":64,"minecraft:sandstone":2},"minecraft:picked_up":{"minecraft:seagrass":6,"minecraft:wheat":13,"create:mechanical_crafter":26,"ragnamod_6_sky:blackstone_pebble":57,"create:wrench":2,"minecraft:enchanted_book":3,"create:limestone_cobblestone":1,"jellyfishing:jellyfish_net":1,"create:piston_extension_pole":33,"create:sand_paper":2,"create:water_wheel":24,"thermal:iron_plate":12,"mcwbridges:oak_log_bridge_middle":1,"create:mechanical_press":32,"exnihilosequentia:seed_fern":3,"minecraft:bucket":1,"minecraft:redstone_torch":1,"exnihilosequentia:seed_yellow_coral":4,"ragnamod_6_sky:cobble_pebble":69,"minecraft:furnace":6,"ragnamod_6_sky:granite_pebble":49,"exnihilosequentia:sieve":5,"minecraft:stick":133,"ragnamod_6_sky:diorite_pebble":62,"exnihilosequentia:seed_bamboo":1,"minecraft:composter":2,"ragnamod_6_sky:piece_zinc":315,"minecraft:oak_fence":39,"minecraft:torch":19,"create:andesite_casing":25,"storagedrawers:diamond_storage_upgrade":1,"minecraft:cauldron":1,"thermal:apatite":11,"create:large_cogwheel":35,"ragnamod_6_sky:andesite_pebble":52,"quark:clear_shard":4,"minecraft:rotten_flesh":9,"ragnamod_6_sky:piece_iron":281,"ragnamod_6_sky:piece_copper":227,"cyclic:hopper":15,"create:andesite_cobblestone":58,"minecraft:cobblestone":220,"exnihilosequentia:seed_acacia":1,"exnihilosequentia:ancient_spores":1,"rats:plague_tome":1,"exnihilosequentia:seed_sugarcane":3,"minecraft:water_bucket":2,"immersiveengineering:toolbox":2,"minecraft:andesite":42,"mcwfences:oak_picket_fence":24,"storagedrawers:drawer_key":1,"minecraft:light_gray_dye":9,"supplementaries:flax_seeds":1,"rats:raw_rat":2,"exnihilosequentia:seed_pickle":3,"minecraft:lapis_lazuli":307,"minecraft:dirt":18,"exnihilosequentia:seed_spruce":3,"exnihilosequentia:seed_oak":1,"minecraft:glass":9,"chisel:cobblestone/twisted":4,"thermal:sapphire":2,"minecraft:wheat_seeds":37,"minecraft:bell":1,"forbidden_arcanus:rune":118,"exnihilosequentia:grass_seeds":2,"create:shaft":78,"minecraft:diamond_helmet":1,"create:flywheel":7,"minecraft:glowstone_dust":14,"exnihilosequentia:seed_blue_coral":2,"create:radial_chassis":16,"exnihilosequentia:mesh_string":2,"exnihilosequentia:seed_jungle":5,"exnihilosequentia:seed_darkoak":3,"exnihilosequentia:mesh_iron":10,"minecraft:sand":62,"thermal:gold_plate":12,"chisel:factory/hazard":64,"excompressum:compressed_dust":1,"exnihilosequentia:silkworm":50,"decorative_blocks:oak_palisade":6,"exnihilosequentia:seed_large_fern":4,"minecraft:clay":1,"minecraft:diamond":44,"ragnamod_6_sky:piece_silver":211,"kubejs:brass_plate":23,"exnihilosequentia:seed_cactus":5,"botanypots:botany_pot":2,"minecraft:bone_meal":11,"minecraft:emerald":254,"create:furnace_engine":5,"minecraft:oak_sapling":45,"minecraft:oak_leaves":8,"exnihilosequentia:seed_pink_coral":2,"tconstruct:crafting_station":3,"exnihilosequentia:mesh_flint":1,"create:mechanical_piston":8,"minecraft:clay_ball":12,"thermal:cinnabar":9,"create:propeller":3,"createaddition:rolling_mill":5,"exnihilosequentia:seed_carrot":2,"ragnamod_6_sky:deepslate_pebble":47,"exnihilosequentia:seed_birch":3,"ragnamod_6_sky:chunk_iron":3,"exnihilosequentia:dust":29,"ragnamod_6_sky:basalt_pebble":73,"minecraft:blackstone":95,"iceandfire:amythest_gem":94,"quark:spruce_chest":22,"chisel:planks/oak/encased_smooth":6,"create:basin":8,"minecraft:iron_nugget":4,"minecraft:sugar_cane":51,"creategearaddon:oak_cogwheel":68,"create:linear_chassis":18,"create:polished_rose_quartz":3,"ragnamod_6_sky:piece_tin":12,"minecraft:sandstone":90,"exnihilosequentia:seed_potato":4,"exnihilosequentia:seed_kelp":1,"create:windmill_bearing":5,"eidolon:wooden_altar":2,"create:hand_crank":16,"minecraft:redstone":92,"create:brass_casing":10,"exnihilosequentia:barrel_wood":1,"ragnamod_6_sky:gabbro_pebble":56,"create:vertical_gearbox":20,"create:deployer":1,"rats:block_of_cheese":3,"chisel:futura/controller_purple":44,"minecraft:beetroot_seeds":18,"create:secondary_linear_chassis":3,"excompressum:oak_heavy_sieve":2,"ragnamod_6_sky:piece_osmium":156,"minecraft:white_wool":25,"ragnamod_6_sky:piece_aluminum":299,"creategearaddon:large_oak_cogwheel":22,"storagedrawers:upgrade_template":10,"create:brass_block":72,"minecraft:oak_log":259,"create:andesite_alloy":97,"rats:rat_pelt":3,"chisel:diamond_chisel":1,"astralsorcery:aquamarine":9,"minecraft:gunpowder":19,"ragnamod_6_sky:chunk_copper":4,"exnihilosequentia:hammer_iron":1,"minecraft:apple":6,"minecraft:kelp":9,"minecraft:iron_ingot":112,"refinedstorage:cover":48,"exnihilosequentia:seed_berry":3,"storagedrawers:oak_full_drawers_1":40,"minecraft:green_dye":36,"powah:uraninite":6,"minecraft:oak_slab":83,"create:diorite_cobblestone":50,"minecraft:pumpkin":2,"thermal:copper_ingot":8,"create:granite_cobblestone":9,"minecraft:quartz":8,"minecraft:gravel":288,"minecraft:spruce_sapling":13,"minecraft:spruce_log":176,"compressium:clay_1":2,"quark:oak_chest":4,"create:gearbox":14,"create:wheat_flour":8,"create:millstone":19,"minecraft:pumpkin_seeds":18,"ragnamod_6_sky:piece_uranium":8,"create:brass_ingot":25,"exnihilosequentia:mesh_diamond":4,"ragnamod_6_sky:piece_nickel":8,"framedcompactdrawers:framed_full_one":20,"create:encased_fan":15,"ragnamod_6_sky:piece_lead":214,"create:rose_quartz":4,"minecraft:oak_button":1,"minecraft:terracotta":3,"thermal:ruby":3,"minecraft:melon_seeds":17,"exnihilosequentia:seed_red_coral":4,"excompressum:auto_hammer":2,"minecraft:coal":304},"minecraft:crafted":{"minecraft:brick":12,"astralsorcery:aquamarine":32,"minecraft:oak_planks":4,"immersiveengineering:hammer":1,"create:deployer":1,"minecraft:green_dye":36,"create:radial_chassis":3,"rats:plague_tome":1,"minecraft:end_stone":9,"minecraft:flower_pot":1,"minecraft:pumpkin":2,"minecraft:crafting_table":2,"minecraft:charcoal":25,"create:brass_casing":4,"minecraft:iron_pickaxe":1,"minecraft:iron_ingot":33,"minecraft:iron_block":1,"minecraft:gold_ingot":4,"minecraft:light_gray_dye":9,"minecraft:iron_nugget":9,"minecraft:terracotta":15,"immersiveengineering:wirecutter":1,"create:millstone":1,"create:andesite_cobblestone":6,"create:electron_tube":1,"create:hand_crank":1,"minecraft:air":861,"rats:cooked_rat":2,"minecraft:white_wool":8,"create:secondary_linear_chassis":1,"create:linear_chassis":3,"minecraft:iron_shovel":1,"minecraft:andesite":4},"minecraft:broken":{"exnihilosequentia:hammer_stone":2,"mekanismtools:iron_paxel":2},"minecraft:custom":{"minecraft:interact_with_crafting_table":8,"minecraft:open_barrel":1,"minecraft:bell_ring":20,"minecraft:eat_cake_slice":6,"minecraft:leave_game":4,"minecraft:time_since_death":125828,"minecraft:sprint_one_cm":372569,"minecraft:drop":130,"minecraft:talked_to_villager":16,"minecraft:deaths":7,"minecraft:jump":1693,"minecraft:walk_on_water_one_cm":30551,"minecraft:interact_with_furnace":76,"minecraft:traded_with_villager":18,"minecraft:play_one_minute":911392,"minecraft:sleep_in_bed":8,"minecraft:damage_dealt":946,"minecraft:crouch_one_cm":90626,"minecraft:horse_one_cm":663,"minecraft:mob_kills":4,"minecraft:walk_one_cm":1270266,"minecraft:sneak_time":30455,"minecraft:walk_under_water_one_cm":9388,"minecraft:interact_with_stonecutter":2,"minecraft:time_since_rest":59037,"minecraft:damage_taken":2328,"minecraft:fly_one_cm":249482,"minecraft:open_chest":1254,"minecraft:fall_one_cm":9983},"minecraft:used":{"create:brass_casing":1,"exnihilosequentia:hammer_stone":563,"create:piston_extension_pole":3,"minecraft:oak_sign":3,"botanypots:botany_pot":5,"minecraft:bell":1,"exnihilosequentia:hammer_iron":2,"chisel:cobblestone/twisted":132,"create:mechanical_crafter":38,"chisel:futura/controller_purple":20,"minecraft:beehive":1,"minecraft:glass":3,"minecraft:lava_bucket":4,"pamhc2foodextended:poutineitem":8,"create:millstone":13,"exnihilosequentia:barrel_stone":2,"rats:cooked_rat":2,"create:shaft":32,"create:mechanical_piston":2,"minecraft:furnace":3,"minecraft:oak_sapling":12,"eidolon:wooden_altar":2,"minecraft:oak_planks":2,"immersiveengineering:toolbox":3,"minecraft:blackstone":94,"neapolitan:chocolate_cake":2,"minecraft:sandstone":121,"minecraft:composter":2,"minecraft:sugar_cane":2,"minecraft:clay":3,"minecraft:white_wool":25,"minecraft:sand":29,"create:flywheel":5,"createaddition:rolling_mill":3,"creategearaddon:large_oak_cogwheel":24,"mekanismtools:iron_paxel":615,"cyclic:apple_diamond":1,"create:andesite_casing":6,"minecraft:gravel":61,"exnihilosequentia:sieve":9,"framedcompactdrawers:framed_full_one":11,"create:basin":9,"tconstruct:crafting_station":6,"minecraft:andesite":1,"chisel:planks/oak/encased_smooth":520,"create:vertical_gearbox":18,"rats:trash_can":1,"create:large_cogwheel":30,"minecraft:oak_fence":6,"storagedrawers:oak_full_drawers_1":8,"creategearaddon:oak_cogwheel":96,"mcwfences:oak_picket_fence":59,"excompressum:oak_heavy_sieve":4,"minecraft:torch":34,"minecraft:dirt":3,"decorative_blocks:oak_palisade":12,"thermal:potion_cake":1,"quark:spruce_chest":13,"create:wrench":75,"mcwbridges:oak_log_bridge_middle":5,"create:gearbox":5,"create:furnace_engine":3,"create:diorite_cobblestone":1,"buzzier_bees:honey_bread":2,"pamhc2foodextended:steakandchipsitem":8,"create:radial_chassis":2,"minecraft:water_bucket":60,"mob_grinding_utils:solid_xp_baby":15,"endergetic:poise_beehive":1,"rats:block_of_cheese":2,"minecraft:terracotta":3,"create:encased_fan":16,"minecraft:oak_slab":9,"exnihilosequentia:barrel_wood":2,"rats:cauldron_milk":1,"neapolitan:adzuki_bun":6,"minecraft:apple":2,"create:mechanical_press":33,"create:windmill_bearing":3,"minecraft:oak_button":1,"create:water_wheel":27,"minecraft:spruce_sapling":6,"minecraft:cobblestone":298,"excompressum:auto_hammer":1,"minecraft:bucket":65,"quark:oak_chest":1,"create:hand_crank":12,"minecraft:kelp":9,"storagedrawers:drawer_key":1}},"DataVersion":2586}