{"stats":{"minecraft:used":{"minecraft:oak_fence":311,"ironfurnaces:copper_furnace":2,"creategearaddon:oak_cogwheel":12,"pamhc2foodextended:friedfeastitem":7,"minecraft:oak_sign":3,"minecraft:spruce_planks":61,"excompressum:oak_heavy_sieve":4,"excompressum:compressed_hammer_stone":121,"neapolitan:banana_bread":8,"minecraft:torch":89,"minecraft:dirt":6,"engineersdecor:dense_grit_sand_block":3,"minecraft:glass":19,"cyclic:shears_flint":64,"minecraft:lava_bucket":5,"pamhc2foodextended:holidaycakeitem":4,"exnihilosequentia:seed_kelp":1,"quark:spruce_chest":74,"minecraft:oak_stairs":8,"create:millstone":5,"create:diorite_cobblestone":21,"minecraft:barrel":2,"exnihilosequentia:barrel_stone":14,"create:mechanical_drill":3,"create:shaft":3,"minecraft:oak_sapling":27,"minecraft:furnace":4,"compressium:gravel_1":11,"minecraft:water_bucket":32,"mob_grinding_utils:solid_xp_baby":1,"minecraft:oak_planks":224,"minecraft:blackstone":87,"compressium:cobblestone_1":104,"mekanismtools:stone_paxel":379,"minecraft:sugar_cane":1,"minecraft:clay":2,"compressium:sand_1":7,"minecraft:sand":4,"minecraft:oak_slab":379,"minecraft:crafting_table":2,"create:granite_cobblestone":154,"constructionwand:stone_wand":47,"minecraft:white_bed":3,"cyclic:hopper":8,"exnihilosequentia:barrel_wood":53,"creategearaddon:large_oak_cogwheel":6,"neapolitan:banana_cake":1,"exnihilosequentia:crucible_wood":2,"exnihilosequentia:seed_sugarcane":1,"create:water_wheel":3,"minecraft:stone_slab":10,"exnihilosequentia:crucible_fired":2,"minecraft:gravel":4,"exnihilosequentia:dust":2,"exnihilosequentia:sieve":26,"minecraft:blackstone_slab":6,"minecraft:cobblestone":3,"create:gabbro_cobblestone":3,"tconstruct:crafting_station":13,"minecraft:andesite":7,"minecraft:bucket":13,"exnihilosequentia:seed_cactus":1,"quark:oak_chest":4,"create:hand_crank":6,"create:granite_cobblestone_slab":1,"create:large_cogwheel":6,"storagedrawers:oak_full_drawers_1":1},"minecraft:broken":{"mekanismtools:stone_paxel":1,"cyclic:shears_flint":1,"constructionwand:stone_wand":2},"minecraft:dropped":{"excompressum:compressed_hammer_stone":1,"minecraft:water_bucket":1,"excompressum:compressed_dust":2,"ragnamod_6_sky:diorite_pebble":53,"create:granite_cobblestone":10,"ragnamod_6_sky:granite_pebble":51,"minecraft:cobblestone":51,"compressium:gravel_1":3,"create:andesite_cobblestone":301,"creategearaddon:large_oak_cogwheel":1,"minecraft:stick":1,"exnihilosequentia:mesh_flint":1,"tconstruct:crafting_station":2,"creategearaddon:oak_cogwheel":5,"exnihilosequentia:mesh_diamond":1,"exnihilosequentia:crucible_fired":1,"minecraft:bone_meal":17,"create:large_cogwheel":2,"minecraft:bucket":2,"create:diorite_cobblestone":16,"minecraft:gravel":1,"exnihilosequentia:mesh_iron":1,"ragnamod_6_sky:andesite_pebble":1,"minecraft:clay_ball":17,"minecraft:gunpowder":1,"minecraft:andesite":35,"ragnamod_6_sky:cobble_pebble":59,"exnihilosequentia:mesh_string":17},"minecraft:crafted":{"tconstruct:pattern":3,"minecraft:oak_planks":44,"minecraft:stone_shovel":1,"minecraft:barrel":1,"exnihilosequentia:crucible_fired":1,"thermal:copper_ingot":8,"create:andesite_casing":16,"minecraft:stone":9,"minecraft:basalt":1,"minecraft:glass":27,"minecraft:stone_pickaxe":1,"quark:spruce_chest":4,"exnihilosequentia:barrel_wood":3,"exnihilosequentia:sieve":21,"exnihilosequentia:mesh_flint":1,"compressium:gravel_1":1,"create:granite_cobblestone_stairs":4,"excompressum:compressed_hammer_stone":1,"minecraft:crafting_table":1,"storagedrawers:oak_full_drawers_1":1,"minecraft:bucket":1,"minecraft:stone_axe":1,"mekanismtools:stone_paxel":1,"minecraft:air":1963,"create:water_wheel":1,"minecraft:charcoal":53,"minecraft:cobblestone":9,"minecraft:stick":20,"constructionwand:stone_wand":1,"minecraft:stone_slab":6,"minecraft:flint":6,"minecraft:iron_ingot":28,"compressium:cobblestone_1":1,"create:mechanical_drill":1,"minecraft:andesite":91,"exnihilosequentia:mesh_iron":1},"minecraft:custom":{"minecraft:mob_kills":1,"minecraft:interact_with_crafting_table":22,"minecraft:open_barrel":4,"minecraft:eat_cake_slice":10,"minecraft:leave_game":2,"minecraft:time_since_death":213414,"minecraft:climb_one_cm":2153,"minecraft:sprint_one_cm":365675,"minecraft:walk_one_cm":516759,"minecraft:drop":73,"minecraft:deaths":3,"minecraft:sneak_time":36342,"minecraft:walk_under_water_one_cm":2686,"minecraft:jump":1939,"minecraft:walk_on_water_one_cm":11371,"minecraft:interact_with_furnace":75,"minecraft:play_one_minute":311087,"minecraft:sleep_in_bed":3,"minecraft:time_since_rest":83413,"minecraft:damage_taken":1285,"minecraft:use_wand":301,"minecraft:damage_dealt":81,"minecraft:fly_one_cm":392462,"minecraft:open_chest":580,"minecraft:crouch_one_cm":90300,"minecraft:fall_one_cm":19366},"minecraft:mined":{"minecraft:spruce_planks":61,"minecraft:white_bed":3,"minecraft:oak_sapling":1,"create:millstone":4,"engineersdecor:dense_grit_sand_block":3,"create:large_cogwheel":2,"minecraft:spruce_leaves":222,"exnihilosequentia:barrel_stone":12,"minecraft:oak_wall_sign":1,"create:shaft":1,"rats:block_of_cheese":1,"minecraft:furnace":2,"compressium:gravel_1":11,"minecraft:barrel":2,"minecraft:andesite":7,"exnihilosequentia:sieve":6,"creategearaddon:oak_cogwheel":8,"supplementaries:stick":4,"exnihilosequentia:crucible_fired":1,"cyclic:hopper":3,"minecraft:oak_slab":34,"minecraft:blackstone":14,"quark:oak_chest":8,"endergetic:poise_beehive":2,"exnihilosequentia:dust":2,"framedblocks:framed_corner_slope":4,"ironfurnaces:copper_furnace":1,"minecraft:oak_fence":54,"minecraft:clay":2,"minecraft:crafting_table":2,"minecraft:torch":17,"create:granite_cobblestone":15,"minecraft:blackstone_slab":2,"create:water_wheel":2,"minecraft:stone_slab":10,"minecraft:sugar_cane":1,"minecraft:cobblestone":4,"excompressum:oak_heavy_sieve":4,"create:gabbro_cobblestone":23,"minecraft:oak_planks":91,"minecraft:cauldron":1,"compressium:sand_1":7,"minecraft:cactus":1,"compressium:cobblestone_1":103,"minecraft:beehive":3,"minecraft:spruce_log":216,"create:mechanical_drill":2,"exnihilosequentia:crucible_wood":1,"exnihilosequentia:barrel_wood":31,"minecraft:oak_log":441,"create:diorite_cobblestone":8,"minecraft:sand":3,"create:hand_crank":4,"quark:spruce_chest":21,"minecraft:gravel":4,"minecraft:dirt":4,"tconstruct:crafting_station":5,"creategearaddon:large_oak_cogwheel":6,"minecraft:oak_leaves":64},"minecraft:picked_up":{"tconstruct:crafting_station":4,"exnihilosequentia:crook_stone":1,"minecraft:charcoal":82,"minecraft:crafting_table":5,"minecraft:clay_ball":17,"exnihilosequentia:mesh_flint":16,"thermal:cinnabar":4,"minecraft:stone_slab":15,"ragnamod_6_sky:blackstone_pebble":843,"pamhc2foodextended:cinnamonbreaditem":8,"compressium:dirt_1":1,"immersiveengineering:manual":1,"minecraft:string":489,"exnihilosequentia:seed_carrot":1,"ragnamod_6_sky:deepslate_pebble":771,"exnihilosequentia:seed_birch":1,"ragnamod_6_sky:chunk_iron":1,"endergetic:poise_beehive":3,"exnihilosequentia:dust":82,"ragnamod_6_sky:basalt_pebble":771,"minecraft:oak_sign":1,"iceandfire:amythest_gem":24,"minecraft:blackstone":35,"create:water_wheel":2,"quark:spruce_chest":35,"exnihilosequentia:seed_fern":1,"minecraft:bucket":3,"minecraft:spruce_planks":14,"excompressum:compressed_hammer_stone":1,"neapolitan:banana_bread":8,"ragnamod_6_sky:cobble_pebble":638,"minecraft:sugar_cane":1,"minecraft:birch_sapling":8,"creategearaddon:oak_cogwheel":22,"minecraft:furnace":2,"exnihilosequentia:hammer_stone":2,"ragnamod_6_sky:granite_pebble":653,"exnihilosequentia:sieve":8,"minecraft:beehive":4,"minecraft:stick":81,"pamhc2foodextended:theatreboxitem":15,"ragnamod_6_sky:diorite_pebble":830,"neapolitan:vanilla_fudge":16,"architects_palette:flint_block":5,"framedblocks:framed_corner_slope":4,"ragnamod_6_sky:piece_zinc":227,"minecraft:oak_fence":56,"minecraft:torch":29,"create:andesite_casing":4,"exnihilosequentia:seed_potato":1,"exnihilosequentia:seed_kelp":1,"compressium:gravel_1":1,"create:hand_crank":6,"minecraft:redstone":4,"exnihilosequentia:crucible_fired":3,"thermal:apatite":3,"ragnamod_6_sky:gabbro_pebble":830,"exnihilosequentia:barrel_wood":33,"minecraft:cauldron":1,"exnihilosequentia:barrel_stone":13,"rats:block_of_cheese":1,"ragnamod_6_sky:andesite_pebble":803,"create:large_cogwheel":6,"rftoolsbase:manual":1,"minecraft:cactus":1,"pamhc2foodextended:poutineitem":1,"minecraft:beetroot_seeds":5,"ragnamod_6_sky:piece_iron":231,"excompressum:oak_heavy_sieve":4,"ragnamod_6_sky:piece_osmium":38,"ragnamod_6_sky:piece_copper":148,"cyclic:hopper":3,"create:andesite_cobblestone":375,"neapolitan:chocolate_cake":1,"minecraft:cobblestone":167,"exnihilosequentia:seed_acacia":1,"ragnamod_6_sky:piece_aluminum":246,"cyclic:shears_flint":1,"minecraft:basalt":18,"creategearaddon:large_oak_cogwheel":9,"minecraft:andesite":37,"minecraft:blackstone_slab":1,"minecraft:flint":1,"minecraft:oak_log":644,"create:andesite_alloy":186,"supplementaries:flax_seeds":4,"minecraft:gunpowder":27,"create:gabbro_cobblestone":43,"exnihilosequentia:porcelain_clay":8,"minecraft:lapis_lazuli":219,"minecraft:dirt":24,"pamhc2foodextended:friedfeastitem":7,"exnihilosequentia:seed_spruce":1,"neapolitan:adzuki_bun":6,"minecraft:apple":18,"minecraft:wheat_seeds":6,"create:mechanical_drill":2,"minecraft:bell":1,"ftbquests:book":1,"forbidden_arcanus:rune":32,"minecraft:cobweb":64,"create:shaft":25,"minecraft:glowstone_dust":8,"exnihilosequentia:seed_berry":2,"minecraft:oak_planks":102,"minecraft:acacia_sapling":4,"rats:chef_toque":1,"powah:uraninite":1,"exnihilosequentia:mesh_string":41,"minecraft:oak_slab":146,"create:diorite_cobblestone":48,"exnihilosequentia:crucible_wood":2,"patchouli:guide_book":5,"create:granite_cobblestone":47,"exnihilosequentia:mesh_iron":5,"minecraft:gravel":966,"minecraft:sand":148,"eidolon:codex":1,"minecraft:spruce_sapling":49,"compressium:clay_1":1,"minecraft:white_bed":3,"minecraft:spruce_log":283,"excompressum:compressed_dust":1,"quark:oak_chest":9,"exnihilosequentia:silkworm":188,"minecraft:barrel":1,"astralsorcery:tome":1,"quark:cobbled_deepslate":14,"ironfurnaces:copper_furnace":1,"exnihilosequentia:mesh_diamond":1,"create:millstone":5,"minecraft:diamond":25,"minecraft:pumpkin_seeds":5,"ragnamod_6_sky:piece_silver":127,"exnihilosequentia:seed_large_fern":1,"architects_palette:sunmetal_pillar":4,"minecraft:clay":2,"exnihilosequentia:seed_cactus":1,"ragnamod_6_sky:piece_lead":123,"minecraft:bone_meal":23,"minecraft:emerald":50,"mahoutsukai:guidebook":1,"minecraft:oak_sapling":73,"minecraft:melon_seeds":1,"minecraft:oak_leaves":96,"minecraft:coal":287,"rats:cauldron_milk":1,"engineersdecor:dense_grit_sand_block":3}},"DataVersion":2586}