{"stats":{"minecraft:used":{"minecraft:oak_fence":93,"pamhc2foodextended:friedfeastitem":1,"minecraft:stone_shovel":95,"excompressum:compressed_hammer_stone":100,"excompressum:oak_heavy_sieve":1,"minecraft:bell":2,"minecraft:torch":6,"cookingforblockheads:spice_rack":9,"decorative_blocks:oak_palisade":4,"decorative_blocks:lattice":11,"minecraft:beehive":4,"supplementaries:item_shelf":2,"mcwfurnitures:oak_modern_desk":4,"upgrade_aquatic:mulberry_pie":3,"buzzier_bees:honey_bread":2,"exnihilosequentia:barrel_stone":3,"create:shaft":1,"minecraft:oak_sapling":35,"compressium:gravel_1":1,"mcwroofs:oak_planks_roof":7,"embellishcraft:oak_terrace_table":3,"mob_grinding_utils:solid_xp_baby":1,"endergetic:poise_beehive":2,"minecraft:stone_pickaxe":2,"embellishcraft:oak_suspended_stairs":7,"minecraft:oak_planks":24,"mekanismtools:stone_paxel":253,"mcwwindows:oak_blinds":11,"compressium:sand_1":1,"minecraft:sand":12,"minecraft:oak_slab":292,"minecraft:crafting_table":2,"create:granite_cobblestone":68,"constructionwand:stone_wand":20,"minecraft:white_bed":3,"exnihilosequentia:barrel_wood":1,"minecraft:spruce_log":1,"minecraft:oak_log":38,"neapolitan:banana_cake":1,"neapolitan:adzuki_bun":2,"minecraft:apple":12,"exnihilosequentia:crucible_wood":2,"mekanismtools:iron_paxel":34,"embellishcraft:oak_chair":8,"minecraft:gravel":107,"exnihilosequentia:dust":1,"exnihilosequentia:sieve":9,"cookingforblockheads:fruit_basket":2,"minecraft:stone_axe":10,"pamhc2foodextended:theatreboxitem":2,"minecraft:cobblestone":73,"create:gabbro_cobblestone":24,"quark:oak_chest":8,"exnihilosequentia:silkworm":1,"exnihilosequentia:crook_stone":366,"mcwdoors:oak_barn_door":4},"minecraft:broken":{"mekanismtools:stone_paxel":1,"exnihilosequentia:crook_stone":1},"minecraft:dropped":{"excompressum:compressed_hammer_stone":1,"minecraft:oak_slab":1,"create:granite_cobblestone":24,"minecraft:oak_fence":1,"minecraft:cobblestone":64,"exnihilosequentia:mesh_diamond":1,"exnihilosequentia:dust":17,"exnihilosequentia:crucible_fired":2,"minecraft:sand":9,"create:diorite_cobblestone":27,"minecraft:bucket":2,"exnihilosequentia:mesh_iron":1,"minecraft:stone_slab":3,"ragnamod_6_sky:chunk_iron":1,"ragnamod_6_sky:cobble_pebble":8},"minecraft:crafted":{"minecraft:oak_planks":36,"minecraft:stone_shovel":2,"minecraft:cobblestone_slab":6,"minecraft:oak_pressure_plate":7,"minecraft:stone":3,"embellishcraft:oak_suspended_stairs":4,"embellishcraft:oak_chair":2,"minecraft:stone_pickaxe":1,"minecraft:oak_button":1,"cookingforblockheads:spice_rack":3,"exnihilosequentia:hammer_stone":7,"exnihilosequentia:barrel_stone":1,"creategearaddon:large_oak_cogwheel":2,"exnihilosequentia:crook_stone":2,"minecraft:oak_slab":18,"excompressum:compressed_hammer_stone":1,"mcwwindows:oak_blinds":3,"minecraft:stone_axe":1,"mekanismtools:stone_paxel":1,"minecraft:air":1653,"exnihilosequentia:mesh_string":4,"minecraft:cobblestone":1,"minecraft:stick":8,"decorative_blocks:oak_palisade":6,"minecraft:stone_slab":6,"quark:oak_chest":2,"embellishcraft:oak_terrace_table":1,"minecraft:andesite":6},"minecraft:mined":{"mcwfurnitures:oak_modern_desk":2,"mcwdoors:oak_barn_door":4,"create:shaft":1,"embellishcraft:oak_chair":3,"compressium:gravel_1":1,"exnihilosequentia:sieve":5,"cookingforblockheads:fruit_basket":1,"mcwwindows:oak_blinds":8,"minecraft:oak_slab":10,"mcwroofs:oak_planks_roof":3,"embellishcraft:oak_terrace_table":1,"exnihilosequentia:dust":1,"minecraft:oak_fence":8,"minecraft:torch":1,"create:granite_cobblestone":1,"minecraft:cobblestone":74,"minecraft:oak_planks":19,"create:gabbro_cobblestone":2,"embellishcraft:oak_suspended_stairs":3,"cookingforblockheads:spice_rack":1,"compressium:sand_1":1,"compressium:cobblestone_1":1,"minecraft:spruce_log":1,"decorative_blocks:oak_palisade":4,"exnihilosequentia:crucible_wood":1,"minecraft:oak_log":697,"minecraft:gravel":107,"minecraft:sand":12,"minecraft:oak_leaves":2547,"exnihilosequentia:infested_leaves":236,"astralsorcery:flare_light":1},"minecraft:custom":{"minecraft:mob_kills":1,"minecraft:interact_with_crafting_table":50,"minecraft:bell_ring":2,"minecraft:eat_cake_slice":4,"minecraft:leave_game":2,"minecraft:time_since_death":173110,"minecraft:climb_one_cm":1107,"minecraft:sprint_one_cm":152954,"minecraft:walk_one_cm":332092,"minecraft:drop":43,"minecraft:sneak_time":14608,"minecraft:jump":862,"minecraft:walk_on_water_one_cm":1108,"minecraft:interact_with_furnace":7,"minecraft:play_one_minute":173110,"minecraft:sleep_in_bed":1,"minecraft:time_since_rest":69604,"minecraft:damage_taken":620,"minecraft:use_wand":124,"minecraft:damage_dealt":66,"minecraft:fly_one_cm":127675,"minecraft:open_chest":210,"minecraft:crouch_one_cm":45359,"minecraft:fall_one_cm":18497},"minecraft:picked_up":{"exnihilosequentia:mesh_flint":1,"ragnamod_6_sky:blackstone_pebble":312,"minecraft:stone_slab":1,"embellishcraft:oak_suspended_stairs":3,"mcwdoors:oak_barn_door":4,"minecraft:string":625,"exnihilosequentia:seed_carrot":1,"ragnamod_6_sky:deepslate_pebble":290,"exnihilosequentia:seed_birch":4,"exnihilosequentia:dust":21,"ragnamod_6_sky:basalt_pebble":311,"mcwroofs:oak_planks_roof":3,"exnihilosequentia:seed_fern":4,"mcwfurnitures:oak_modern_desk":2,"minecraft:bucket":2,"excompressum:compressed_hammer_stone":1,"ragnamod_6_sky:cobble_pebble":316,"ragnamod_6_sky:granite_pebble":318,"exnihilosequentia:sieve":5,"minecraft:stick":91,"ragnamod_6_sky:diorite_pebble":295,"exnihilosequentia:seed_bamboo":4,"cookingforblockheads:fruit_basket":1,"ragnamod_6_sky:piece_zinc":4,"minecraft:oak_fence":8,"minecraft:torch":1,"exnihilosequentia:seed_potato":3,"compressium:gravel_1":3,"exnihilosequentia:crucible_fired":1,"ragnamod_6_sky:gabbro_pebble":285,"ragnamod_6_sky:andesite_pebble":284,"minecraft:beetroot_seeds":18,"ragnamod_6_sky:piece_iron":3,"ragnamod_6_sky:piece_copper":3,"minecraft:cobblestone":51,"exnihilosequentia:ancient_spores":2,"exnihilosequentia:seed_acacia":3,"ragnamod_6_sky:piece_aluminum":2,"exnihilosequentia:seed_sugarcane":2,"minecraft:flint":12,"minecraft:oak_log":753,"create:gabbro_cobblestone":2,"minecraft:gunpowder":1,"minecraft:lapis_lazuli":1,"minecraft:dirt":21,"exnihilosequentia:seed_spruce":1,"exnihilosequentia:seed_oak":4,"minecraft:apple":21,"minecraft:wheat_seeds":36,"mcwwindows:oak_blinds":8,"exnihilosequentia:grass_seeds":2,"create:shaft":1,"exnihilosequentia:seed_berry":4,"minecraft:oak_planks":19,"exnihilosequentia:mesh_string":13,"minecraft:oak_slab":7,"exnihilosequentia:seed_jungle":3,"exnihilosequentia:seed_darkoak":2,"exnihilosequentia:crucible_wood":1,"embellishcraft:oak_chair":3,"minecraft:gravel":167,"exnihilosequentia:mesh_iron":1,"minecraft:sand":21,"minecraft:spruce_sapling":2,"minecraft:spruce_log":2,"excompressum:compressed_dust":1,"exnihilosequentia:silkworm":94,"decorative_blocks:oak_palisade":4,"exnihilosequentia:mesh_diamond":1,"minecraft:pumpkin_seeds":18,"cookingforblockheads:spice_rack":1,"exnihilosequentia:seed_large_fern":5,"embellishcraft:oak_terrace_table":1,"minecraft:clay":1,"exnihilosequentia:seed_cactus":3,"minecraft:bone_meal":1,"minecraft:oak_sapling":179,"minecraft:melon_seeds":18,"minecraft:coal":6}},"DataVersion":2586}