{"stats":{"minecraft:used":{"creategearaddon:oak_cogwheel":22,"minecraft:water_bucket":7,"exnihilosequentia:hammer_stone":236,"mob_grinding_utils:solid_xp_baby":1,"endergetic:poise_beehive":1,"create:piston_extension_pole":3,"minecraft:oak_planks":2,"neapolitan:chocolate_cake":1,"excompressum:oak_heavy_sieve":3,"rats:block_of_cheese":2,"minecraft:white_wool":25,"minecraft:torch":1,"minecraft:sand":29,"minecraft:dirt":1,"decorative_blocks:oak_palisade":12,"minecraft:oak_slab":6,"rats:cauldron_milk":1,"exnihilosequentia:barrel_wood":2,"minecraft:beehive":1,"creategearaddon:large_oak_cogwheel":10,"minecraft:apple":2,"create:windmill_bearing":3,"create:water_wheel":8,"minecraft:spruce_sapling":6,"create:millstone":9,"minecraft:gravel":2,"pamhc2foodextended:steakandchipsitem":4,"exnihilosequentia:sieve":3,"exnihilosequentia:barrel_stone":2,"minecraft:cobblestone":31,"create:mechanical_piston":2,"create:shaft":2,"minecraft:oak_sapling":12,"tconstruct:crafting_station":2,"minecraft:andesite":1,"minecraft:bucket":6,"create:hand_crank":12,"create:large_cogwheel":11},"minecraft:killed_by":{"minecraft:phantom":1},"minecraft:dropped":{"minecraft:gravel":36,"minecraft:clay":1,"exnihilosequentia:hammer_stone":1,"create:granite_cobblestone":9,"minecraft:oak_log":64,"pamhc2foodextended:poutineitem":1,"create:andesite_cobblestone":120,"compressium:clay_1":1,"creategearaddon:large_oak_cogwheel":1,"supplementaries:flax_seeds":4,"rats:chef_toque":1,"exnihilosequentia:crucible_wood":1,"rats:block_of_cheese":2,"minecraft:andesite":8,"cyclic:shears_flint":1,"neapolitan:banana_bread":8,"creategearaddon:oak_cogwheel":4,"minecraft:oak_sapling":5,"minecraft:sand":1,"create:large_cogwheel":2,"create:diorite_cobblestone":32,"minecraft:oak_leaves":8,"minecraft:bucket":1,"quark:oak_chest":2,"minecraft:cauldron":1},"minecraft:crafted":{"minecraft:oak_planks":4,"create:hand_crank":1,"minecraft:crafting_table":1,"minecraft:air":146,"create:radial_chassis":3,"minecraft:white_wool":8,"create:secondary_linear_chassis":1,"create:millstone":1,"create:linear_chassis":3,"create:andesite_cobblestone":6,"minecraft:andesite":4},"minecraft:custom":{"minecraft:interact_with_furnace":4,"minecraft:interact_with_crafting_table":8,"minecraft:open_barrel":1,"minecraft:play_one_minute":376345,"minecraft:eat_cake_slice":2,"minecraft:leave_game":1,"minecraft:time_since_death":8363,"minecraft:sleep_in_bed":2,"minecraft:time_since_rest":123541,"minecraft:sprint_one_cm":24986,"minecraft:damage_taken":470,"minecraft:walk_one_cm":261131,"minecraft:drop":49,"minecraft:damage_dealt":10,"minecraft:fly_one_cm":12782,"minecraft:open_chest":310,"minecraft:crouch_one_cm":21545,"minecraft:deaths":1,"minecraft:sneak_time":5576,"minecraft:jump":246,"minecraft:walk_on_water_one_cm":7577,"minecraft:fall_one_cm":1380},"minecraft:mined":{"cyclic:hopper":1,"create:millstone":10,"create:piston_extension_pole":3,"quark:oak_chest":1,"create:mechanical_piston":2,"create:large_cogwheel":11,"create:water_wheel":7,"minecraft:cobblestone":29,"excompressum:oak_heavy_sieve":1,"rats:block_of_cheese":1,"create:shaft":2,"minecraft:spruce_sapling":1,"decorative_blocks:oak_palisade":6,"minecraft:spruce_log":118,"exnihilosequentia:sieve":1,"minecraft:andesite":1,"create:windmill_bearing":3,"creategearaddon:oak_cogwheel":17,"exnihilosequentia:barrel_wood":1,"minecraft:oak_log":393,"create:hand_crank":7,"minecraft:gravel":2,"minecraft:sand":29,"creategearaddon:large_oak_cogwheel":8,"minecraft:white_wool":25,"minecraft:oak_leaves":129},"minecraft:picked_up":{"tconstruct:crafting_station":2,"creategearaddon:large_oak_cogwheel":9,"create:mechanical_piston":2,"exnihilosequentia:mesh_flint":1,"minecraft:water_bucket":1,"minecraft:andesite":42,"ragnamod_6_sky:blackstone_pebble":57,"minecraft:oak_log":259,"minecraft:gunpowder":9,"minecraft:dirt":1,"ragnamod_6_sky:deepslate_pebble":47,"exnihilosequentia:dust":29,"ragnamod_6_sky:basalt_pebble":73,"create:piston_extension_pole":3,"minecraft:apple":6,"create:water_wheel":7,"create:shaft":2,"ragnamod_6_sky:cobble_pebble":69,"creategearaddon:oak_cogwheel":20,"ragnamod_6_sky:granite_pebble":49,"exnihilosequentia:sieve":1,"minecraft:stick":47,"ragnamod_6_sky:diorite_pebble":62,"create:diorite_cobblestone":35,"create:granite_cobblestone":9,"minecraft:gravel":30,"create:windmill_bearing":3,"minecraft:sand":3,"create:hand_crank":12,"minecraft:spruce_sapling":13,"excompressum:compressed_dust":1,"minecraft:spruce_log":122,"exnihilosequentia:silkworm":50,"quark:oak_chest":2,"ragnamod_6_sky:gabbro_pebble":56,"exnihilosequentia:barrel_wood":1,"minecraft:cauldron":1,"decorative_blocks:oak_palisade":6,"rats:block_of_cheese":3,"create:large_cogwheel":12,"ragnamod_6_sky:andesite_pebble":52,"create:millstone":9,"minecraft:clay":1,"excompressum:oak_heavy_sieve":1,"minecraft:bone_meal":1,"cyclic:hopper":1,"minecraft:oak_sapling":45,"create:andesite_cobblestone":58,"minecraft:oak_leaves":8,"minecraft:white_wool":25,"minecraft:cobblestone":5}},"DataVersion":2586}