{"stats":{"minecraft:mined":{"minecraft:end_stone":4,"minecraft:obsidian":10,"quark:cobbled_deepslate":4,"mcwfurnitures:oak_modern_desk":2,"mcwdoors:oak_barn_door":4,"create:shaft":1,"embellishcraft:oak_chair":3,"compressium:gravel_1":1,"compressium:netherrack_1":3,"exnihilosequentia:sieve":9,"cookingforblockheads:fruit_basket":1,"mcwwindows:oak_blinds":8,"minecraft:oak_slab":10,"mcwroofs:oak_planks_roof":3,"embellishcraft:oak_terrace_table":1,"minecraft:basalt":69,"exnihilosequentia:dust":1,"minecraft:oak_fence":12,"minecraft:clay":5,"minecraft:torch":1,"create:granite_cobblestone":1,"minecraft:cobblestone":74,"excompressum:oak_heavy_sieve":1,"create:gabbro_cobblestone":2,"minecraft:oak_planks":19,"cookingforblockheads:spice_rack":1,"embellishcraft:oak_suspended_stairs":3,"compressium:sand_1":1,"compressium:cobblestone_1":29,"minecraft:spruce_log":1,"decorative_blocks:oak_palisade":4,"exnihilosequentia:crucible_wood":1,"minecraft:oak_log":697,"minecraft:gravel":291,"minecraft:sand":33,"minecraft:netherrack":1,"minecraft:oak_leaves":2547,"exnihilosequentia:infested_leaves":236,"astralsorcery:flare_light":1},"minecraft:dropped":{"excompressum:compressed_hammer_stone":1,"minecraft:oak_slab":1,"minecraft:warped_fungus":1,"create:granite_cobblestone":24,"minecraft:oak_fence":1,"minecraft:cobblestone":64,"minecraft:emerald":3,"exnihilosequentia:mesh_diamond":1,"exnihilosequentia:dust":18,"exnihilosequentia:crucible_fired":2,"minecraft:bone_meal":5,"minecraft:sand":9,"create:diorite_cobblestone":27,"minecraft:bucket":2,"iceandfire:amythest_gem":1,"exnihilosequentia:doll_crafting":1,"exnihilosequentia:mesh_iron":1,"ragnamod_6_sky:basalt_pebble":2,"minecraft:clay_ball":7,"minecraft:glowstone_dust":1,"minecraft:stone_slab":3,"ragnamod_6_sky:chunk_iron":1,"ragnamod_6_sky:cobble_pebble":8,"minecraft:ghast_tear":2},"minecraft:picked_up":{"exnihilosequentia:seed_pink_coral":3,"minecraft:seagrass":2,"ragnamod_6_sky:piece_soulium":12,"minecraft:clay_ball":22,"minecraft:nether_wart":3,"exnihilosequentia:mesh_flint":1,"minecraft:stone_slab":1,"thermal:cinnabar":20,"ragnamod_6_sky:blackstone_pebble":312,"embellishcraft:oak_suspended_stairs":3,"mcwdoors:oak_barn_door":4,"ragnamod_6_sky:piece_cobalt":12,"minecraft:string":625,"exnihilosequentia:seed_carrot":1,"ragnamod_6_sky:deepslate_pebble":290,"exnihilosequentia:seed_birch":6,"exnihilosequentia:dust":41,"minecraft:netherite_scrap":4,"ragnamod_6_sky:basalt_pebble":313,"iceandfire:amythest_gem":18,"thermal:sulfur":15,"mcwroofs:oak_planks_roof":3,"exnihilosequentia:seed_fern":4,"minecraft:bucket":2,"mcwfurnitures:oak_modern_desk":2,"excompressum:compressed_hammer_stone":1,"exnihilosequentia:seed_yellow_coral":4,"thermal:niter":11,"ragnamod_6_sky:cobble_pebble":316,"minecraft:egg":3,"ragnamod_6_sky:granite_pebble":318,"exnihilosequentia:sieve":9,"ragnamod_6_sky:piece_tin":31,"minecraft:stick":91,"ragnamod_6_sky:diorite_pebble":295,"minecraft:end_stone":4,"exnihilosequentia:seed_bamboo":4,"cookingforblockheads:fruit_basket":1,"ragnamod_6_sky:piece_zinc":38,"minecraft:oak_fence":12,"minecraft:torch":1,"exnihilosequentia:seed_potato":3,"exnihilosequentia:seed_kelp":2,"compressium:gravel_1":3,"minecraft:redstone":19,"exnihilosequentia:crucible_fired":1,"ragnamod_6_sky:gabbro_pebble":285,"thermal:apatite":26,"ragnamod_6_sky:andesite_pebble":284,"minecraft:weeping_vines":3,"minecraft:beetroot_seeds":21,"ragnamod_6_sky:piece_iron":40,"exnihilosequentia:crushed_netherrack":28,"excompressum:oak_heavy_sieve":1,"ragnamod_6_sky:piece_osmium":20,"ragnamod_6_sky:piece_copper":30,"minecraft:obsidian":10,"minecraft:blaze_powder":7,"minecraft:cobblestone":51,"exnihilosequentia:seed_acacia":3,"exnihilosequentia:ancient_spores":2,"ragnamod_6_sky:piece_aluminum":32,"minecraft:basalt":69,"gildedingot:shroom_fruit":12,"exnihilosequentia:seed_sugarcane":2,"exnihilosequentia:doll_crafting":1,"minecraft:flint":13,"minecraft:crimson_fungus":2,"minecraft:oak_log":753,"astralsorcery:aquamarine":21,"create:gabbro_cobblestone":2,"exnihilosequentia:porcelain_clay":5,"minecraft:gunpowder":20,"ragnamod_6_sky:piece_gold":23,"exnihilosequentia:seed_pickle":1,"minecraft:lapis_lazuli":33,"brazier:warped_nether_wart":6,"minecraft:dirt":26,"exnihilosequentia:seed_spruce":2,"exnihilosequentia:seed_oak":4,"minecraft:twisting_vines":5,"thermal:sapphire":14,"ragnamod_6_sky:piece_platinum":2,"minecraft:apple":21,"minecraft:wheat_seeds":44,"exnihilosequentia:grass_seeds":2,"forbidden_arcanus:rune":16,"create:shaft":1,"mcwwindows:oak_blinds":8,"minecraft:glowstone_dust":18,"exnihilosequentia:seed_berry":5,"minecraft:oak_planks":19,"minecraft:soul_sand":1,"exnihilosequentia:seed_blue_coral":2,"exnihilosequentia:seed_purple_coral":5,"minecraft:ghast_tear":8,"powah:uraninite":9,"exnihilosequentia:mesh_string":14,"minecraft:oak_slab":7,"exnihilosequentia:seed_jungle":3,"minecraft:warped_fungus":3,"exnihilosequentia:seed_darkoak":2,"exnihilosequentia:crucible_wood":1,"embellishcraft:oak_chair":3,"minecraft:quartz":12,"minecraft:gravel":373,"exnihilosequentia:mesh_iron":3,"minecraft:sand":193,"exnihilosequentia:crushed_end_stone":4,"minecraft:spruce_sapling":2,"minecraft:brown_mushroom_block":1,"minecraft:spruce_log":2,"excompressum:compressed_dust":1,"exnihilosequentia:silkworm":94,"decorative_blocks:oak_palisade":4,"quark:cobbled_deepslate":4,"cookingforblockheads:spice_rack":1,"minecraft:pumpkin_seeds":20,"ragnamod_6_sky:piece_uranium":20,"minecraft:clay":1,"exnihilosequentia:seed_large_fern":5,"exnihilosequentia:mesh_diamond":1,"embellishcraft:oak_terrace_table":1,"ragnamod_6_sky:piece_silver":21,"minecraft:diamond":6,"ragnamod_6_sky:piece_nickel":23,"exnihilosequentia:seed_cactus":4,"ragnamod_6_sky:piece_lead":27,"mekanism:fluorite_gem":5,"minecraft:bone_meal":18,"minecraft:warped_roots":5,"minecraft:emerald":17,"thermal:ruby":11,"minecraft:netherrack":1,"minecraft:oak_sapling":179,"exnihilosequentia:seed_red_coral":1,"minecraft:melon_seeds":22,"ragnamod_6_sky:piece_emeraldite":6,"minecraft:coal":39,"minecraft:crimson_roots":2,"ragnamod_6_sky:piece_tungsten":8,"minecraft:ender_pearl":4},"minecraft:crafted":{"minecraft:oak_planks":36,"minecraft:stone_shovel":2,"minecraft:cobblestone_slab":6,"minecraft:oak_pressure_plate":7,"minecraft:stone":3,"minecraft:flint_and_steel":1,"embellishcraft:oak_suspended_stairs":4,"embellishcraft:oak_chair":2,"thermal:silver_ingot":26,"minecraft:stone_pickaxe":1,"exnihilosequentia:doll_crafting":4,"minecraft:oak_button":1,"cookingforblockheads:spice_rack":3,"exnihilosequentia:hammer_stone":7,"exnihilosequentia:barrel_stone":1,"creategearaddon:large_oak_cogwheel":2,"exnihilosequentia:mesh_flint":1,"exnihilosequentia:crook_stone":2,"minecraft:oak_slab":18,"excompressum:compressed_hammer_stone":3,"mcwwindows:oak_blinds":3,"minecraft:bucket":1,"minecraft:stone_axe":1,"mekanismtools:stone_paxel":1,"minecraft:air":2013,"exnihilosequentia:mesh_string":4,"iceandfire:armor_silver_metal_helmet":1,"minecraft:cobblestone":1,"minecraft:diamond_pickaxe":1,"minecraft:stick":8,"decorative_blocks:oak_palisade":6,"minecraft:stone_slab":6,"quark:oak_chest":2,"embellishcraft:oak_terrace_table":1,"minecraft:iron_ingot":10,"minecraft:andesite":6,"iceandfire:silver_sword":1},"minecraft:broken":{"mekanismtools:stone_paxel":1,"exnihilosequentia:crook_stone":1,"excompressum:compressed_hammer_stone":2},"minecraft:custom":{"minecraft:mob_kills":1,"minecraft:interact_with_crafting_table":50,"minecraft:open_barrel":1,"minecraft:bell_ring":2,"minecraft:eat_cake_slice":4,"minecraft:leave_game":4,"minecraft:time_since_death":288459,"minecraft:climb_one_cm":1107,"minecraft:sprint_one_cm":280394,"minecraft:walk_one_cm":502493,"minecraft:drop":64,"minecraft:sneak_time":22226,"minecraft:walk_under_water_one_cm":3888,"minecraft:jump":1514,"minecraft:walk_on_water_one_cm":1940,"minecraft:interact_with_furnace":26,"minecraft:play_one_minute":288459,"minecraft:sleep_in_bed":3,"minecraft:time_since_rest":11678,"minecraft:damage_taken":992,"minecraft:use_wand":124,"minecraft:damage_dealt":66,"minecraft:fly_one_cm":262210,"minecraft:open_chest":429,"minecraft:crouch_one_cm":60316,"minecraft:fall_one_cm":31869},"minecraft:used":{"minecraft:oak_fence":103,"pamhc2foodextended:steakfajitaitem":2,"quark:cobbled_deepslate":35,"minecraft:flint_and_steel":1,"pamhc2foodextended:friedfeastitem":1,"minecraft:stone_shovel":95,"excompressum:oak_heavy_sieve":2,"excompressum:compressed_hammer_stone":324,"minecraft:bell":2,"minecraft:netherrack":1,"minecraft:torch":6,"compressium:netherrack_1":3,"cookingforblockheads:spice_rack":9,"decorative_blocks:oak_palisade":4,"pamhc2foodextended:tacoitem":1,"decorative_blocks:lattice":11,"minecraft:beehive":4,"supplementaries:item_shelf":2,"minecraft:obsidian":10,"mcwfurnitures:oak_modern_desk":4,"minecraft:lava_bucket":12,"upgrade_aquatic:mulberry_pie":7,"buzzier_bees:honey_bread":2,"minecraft:basalt":81,"exnihilosequentia:barrel_stone":3,"create:shaft":1,"minecraft:oak_sapling":35,"compressium:gravel_1":1,"minecraft:egg":3,"mcwroofs:oak_planks_roof":7,"minecraft:water_bucket":5,"embellishcraft:oak_terrace_table":3,"mob_grinding_utils:solid_xp_baby":1,"endergetic:poise_beehive":2,"minecraft:stone_pickaxe":2,"embellishcraft:oak_suspended_stairs":7,"minecraft:oak_planks":24,"compressium:cobblestone_1":28,"mekanismtools:stone_paxel":253,"minecraft:clay":5,"mcwwindows:oak_blinds":11,"compressium:sand_1":1,"minecraft:sand":32,"minecraft:oak_slab":292,"minecraft:crafting_table":2,"create:granite_cobblestone":68,"minecraft:white_bed":3,"constructionwand:stone_wand":20,"exnihilosequentia:barrel_wood":1,"minecraft:end_stone":4,"minecraft:spruce_log":1,"minecraft:oak_log":38,"neapolitan:adzuki_bun":2,"neapolitan:banana_cake":1,"minecraft:diamond_pickaxe":82,"minecraft:apple":12,"exnihilosequentia:crucible_wood":2,"mekanismtools:iron_paxel":43,"embellishcraft:oak_chair":8,"minecraft:gravel":295,"exnihilosequentia:dust":1,"exnihilosequentia:sieve":12,"cookingforblockheads:fruit_basket":2,"minecraft:stone_axe":10,"pamhc2foodextended:theatreboxitem":2,"minecraft:cobblestone":73,"create:gabbro_cobblestone":24,"minecraft:bucket":10,"quark:oak_chest":8,"exnihilosequentia:silkworm":1,"mcwdoors:oak_barn_door":4,"exnihilosequentia:crook_stone":366}},"DataVersion":2586}