{"stats":{"minecraft:killed":{"rats:rat":2},"minecraft:killed_by":{"rats:plague_beast":1,"rats:plague_cloud":4,"minecraft:phantom":1},"minecraft:mined":{"chisel:planks/spruce/braced_planks":3,"minecraft:spruce_planks":3,"create:andesite_casing":4,"minecraft:acacia_log":23,"botanypots:botany_pot":3,"minecraft:composter":2,"minecraft:hopper":2,"immersiveengineering:toolbox_block":2,"rats:block_of_cheese":1,"create:speedometer":1,"minecraft:fire":2,"exnihilosequentia:sieve":5,"mcwfences:oak_picket_fence":24,"creategearaddon:oak_cogwheel":69,"computercraft:printer":1,"create:mechanical_press":29,"create:limestone":6,"cyclic:hopper":3,"create:radial_chassis":2,"create:cogwheel":1,"minecraft:blackstone":95,"create:adjustable_chain_gearshift":1,"supplementaries:book_pile":3,"createaddition:furnace_burner":2,"eidolon:wooden_altar":2,"minecraft:clay":3,"create:mechanical_piston":2,"minecraft:torch":13,"chisel:planks/oak/encased_smooth":21,"create:brass_casing":3,"minecraft:glass":2,"minecraft:cobblestone":288,"excompressum:oak_heavy_sieve":2,"minecraft:sugar_cane":24,"create:furnace_engine":3,"create:basin":8,"create:flywheel":4,"create:mechanical_mixer":2,"storagedrawers:oak_full_drawers_1":8,"computercraft:speaker":1,"minecraft:oak_log":393,"create:stressometer":4,"create:hand_crank":7,"minecraft:sand":29,"minecraft:dirt":4,"tconstruct:crafting_station":2,"create:encased_chain_drive":3,"creategearaddon:large_oak_cogwheel":23,"minecraft:oak_leaves":129,"create:millstone":16,"chisel:futura/controller_purple":2,"framedcompactdrawers:framed_full_one":11,"create:fluid_tank":3,"mekanismgenerators:heat_generator":4,"create:large_cogwheel":25,"create:encased_fan":15,"minecraft:kelp":12,"minecraft:sandstone":72,"minecraft:redstone_ore":1,"createaddition:rolling_mill":3,"excompressum:auto_hammer":1,"create:shaft":34,"minecraft:spruce_sapling":1,"minecraft:furnace":8,"minecraft:andesite":1,"create:limestone_cobblestone":1,"create:windmill_bearing":3,"minecraft:bell":1,"create:deployer":6,"minecraft:stripped_acacia_log":1,"minecraft:white_wool":25,"minecraft:oak_slab":58,"minecraft:acacia_leaves":2,"create:piston_extension_pole":3,"quark:oak_chest":3,"minecraft:oak_fence":39,"chisel:cobblestone/twisted":6,"create:water_wheel":22,"rats:rat_cage":17,"mcwbridges:oak_log_bridge_middle":1,"create:mechanical_saw":4,"create:blaze_burner":1,"create:mechanical_harvester":2,"create:gearbox":23,"minecraft:spruce_log":118,"decorative_blocks:oak_palisade":6,"create:crushing_wheel":8,"create:mechanical_drill":2,"minecraft:coal_ore":3,"exnihilosequentia:barrel_wood":1,"create:diorite_cobblestone":15,"create:mechanical_crafter":64,"quark:spruce_chest":12,"minecraft:gravel":61,"minecraft:terracotta":3,"minecraft:oak_button":1},"minecraft:dropped":{"minecraft:clay":33,"minecraft:oak_log":64,"create:granite_cobblestone":9,"create:mechanical_piston":3,"create:flywheel":3,"create:andesite_cobblestone":120,"create:brass_block":36,"creategearaddon:large_oak_cogwheel":1,"cyclic:hopper":4,"create:linear_chassis":6,"minecraft:dirt":6,"creategearaddon:oak_cogwheel":5,"ragnamod_6_sky:piece_zinc":23,"minecraft:bone_meal":3,"minecraft:sand":464,"create:large_cogwheel":2,"create:diorite_cobblestone":32,"quark:oak_chest":2,"minecraft:cauldron":1,"minecraft:gold_ingot":5,"rats:rat_flute":1,"minecraft:gravel":553,"mekanism:ingot_osmium":1,"minecraft:sugar_cane":1,"minecraft:wheat":7,"minecraft:glowstone_dust":3,"compressium:clay_1":1,"supplementaries:flax_seeds":4,"minecraft:gunpowder":4,"thermal:cinnabar":1,"mysticalagriculture:inferium_essence":1,"create:gearbox":5,"cyclic:shears_flint":1,"create:brass_ingot":36,"create:wheat_flour":22,"minecraft:iron_ore":16,"minecraft:glass":9,"minecraft:oak_leaves":8,"create:andesite_alloy":64,"create:gantry_shaft":224,"minecraft:egg":3,"minecraft:iron_ingot":37,"create:rose_quartz":19,"ragnamod_6_sky:chunk_gold":18,"minecraft:cobblestone":329,"pamhc2foodextended:poutineitem":1,"quark:spruce_chest":10,"minecraft:stick":3,"create:secondary_linear_chassis":1,"rats:block_of_cheese":2,"ragnamod_6_sky:chunk_copper":16,"minecraft:bucket":1,"create:limestone_cobblestone":7,"create:sand_paper":2,"minecraft:redstone":63,"minecraft:furnace":4,"exnihilosequentia:hammer_stone":1,"create:limesand":517,"thermal:gold_plate":1,"minecraft:clay_ball":14,"create:furnace_engine":5,"thermal:iron_plate":6,"rats:chef_toque":1,"minecraft:stone":1,"ragnamod_6_sky:chunk_iron":35,"exnihilosequentia:crucible_wood":1,"minecraft:andesite":8,"neapolitan:banana_bread":8,"minecraft:oak_sapling":5,"minecraft:redstone_torch":1,"exnihilosequentia:barrel_stone":1,"minecraft:spruce_log":64,"minecraft:sandstone":2,"create:brass_casing":4},"minecraft:picked_up":{"minecraft:seagrass":6,"minecraft:wheat":15,"create:mechanical_crafter":64,"ragnamod_6_sky:blackstone_pebble":57,"create:wrench":3,"minecraft:enchanted_book":3,"create:limestone_cobblestone":8,"create:limesand":517,"jellyfishing:jellyfish_net":1,"mekanismgenerators:heat_generator":4,"create:limestone":262,"computercraft:speaker":1,"create:piston_extension_pole":33,"minecraft:oak_sign":1,"create:sand_paper":2,"create:water_wheel":24,"mysticalagriculture:inferium_essence":1,"thermal:iron_plate":16,"exnihilosequentia:seed_fern":3,"create:mechanical_press":32,"mcwbridges:oak_log_bridge_middle":1,"minecraft:bucket":2,"minecraft:spruce_planks":58,"exnihilosequentia:seed_yellow_coral":4,"minecraft:redstone_torch":1,"ragnamod_6_sky:cobble_pebble":69,"chisel:stone_bricks/triple_bricks":4,"minecraft:furnace":14,"exnihilosequentia:sieve":5,"ragnamod_6_sky:granite_pebble":49,"minecraft:stick":140,"ragnamod_6_sky:diorite_pebble":62,"create:mechanical_mixer":2,"exnihilosequentia:seed_bamboo":1,"minecraft:composter":2,"ragnamod_6_sky:piece_zinc":315,"minecraft:oak_fence":39,"minecraft:torch":27,"minecraft:acacia_log":27,"create:andesite_casing":80,"iceandfire:rotten_egg":2,"storagedrawers:diamond_storage_upgrade":1,"minecraft:cauldron":1,"thermal:apatite":11,"create:large_cogwheel":35,"ragnamod_6_sky:andesite_pebble":52,"quark:clear_shard":6,"minecraft:rotten_flesh":9,"create:gantry_shaft":208,"ragnamod_6_sky:piece_iron":281,"mekanism:ingot_osmium":1,"ragnamod_6_sky:piece_copper":227,"cyclic:hopper":15,"create:andesite_cobblestone":58,"create:speedometer":1,"minecraft:cobblestone":221,"exnihilosequentia:ancient_spores":1,"exnihilosequentia:seed_acacia":1,"create:fluid_tank":3,"rats:plague_tome":1,"exnihilosequentia:seed_sugarcane":3,"immersiveengineering:toolbox":2,"minecraft:water_bucket":2,"minecraft:andesite":43,"minecraft:acacia_leaves":2,"mcwfences:oak_picket_fence":24,"minecraft:flint":31,"storagedrawers:drawer_key":1,"minecraft:light_gray_dye":9,"supplementaries:flax_seeds":1,"pamhc2foodextended:carrotjuiceitem":64,"rats:raw_rat":2,"exnihilosequentia:seed_pickle":3,"minecraft:lapis_lazuli":307,"minecraft:dirt":27,"exnihilosequentia:seed_spruce":3,"create:encased_chain_drive":3,"exnihilosequentia:seed_oak":1,"minecraft:glass":73,"chisel:cobblestone/twisted":4,"thermal:sapphire":2,"minecraft:wheat_seeds":38,"create:mechanical_drill":2,"minecraft:bell":1,"exnihilosequentia:grass_seeds":2,"create:goggles":1,"forbidden_arcanus:rune":118,"create:shaft":89,"create:flywheel":10,"minecraft:diamond_helmet":1,"minecraft:glowstone_dust":14,"exnihilosequentia:seed_blue_coral":2,"create:radial_chassis":16,"exnihilosequentia:mesh_string":2,"exnihilosequentia:seed_jungle":5,"exnihilosequentia:seed_darkoak":3,"ragnamod_6_sky:chunk_gold":1,"create:cogwheel":1,"create:empty_blaze_burner":1,"exnihilosequentia:mesh_iron":10,"minecraft:sand":525,"thermal:gold_plate":12,"chisel:factory/hazard":64,"excompressum:compressed_dust":1,"exnihilosequentia:silkworm":50,"decorative_blocks:oak_palisade":6,"minecraft:stripped_acacia_log":1,"exnihilosequentia:seed_large_fern":4,"minecraft:clay":17,"minecraft:diamond":44,"ragnamod_6_sky:piece_silver":211,"exnihilosequentia:seed_cactus":5,"kubejs:brass_plate":23,"botanypots:botany_pot":3,"minecraft:bone_meal":37,"minecraft:emerald":254,"minecraft:oak_sapling":45,"create:furnace_engine":16,"create:stressometer":4,"minecraft:oak_leaves":8,"exnihilosequentia:seed_pink_coral":2,"minecraft:charcoal":127,"tconstruct:crafting_station":3,"minecraft:clay_ball":26,"create:mechanical_piston":8,"exnihilosequentia:mesh_flint":1,"thermal:cinnabar":9,"create:propeller":3,"createaddition:rolling_mill":5,"minecraft:brick":14,"create:mechanical_harvester":2,"exnihilosequentia:seed_carrot":2,"ragnamod_6_sky:deepslate_pebble":47,"exnihilosequentia:seed_birch":3,"ragnamod_6_sky:chunk_iron":3,"exnihilosequentia:dust":29,"ragnamod_6_sky:basalt_pebble":73,"minecraft:blackstone":95,"iceandfire:amythest_gem":94,"quark:spruce_chest":22,"chisel:planks/oak/encased_smooth":9,"create:basin":9,"minecraft:iron_nugget":4,"minecraft:sugar_cane":51,"creategearaddon:oak_cogwheel":75,"computercraft:printer":1,"create:linear_chassis":18,"minecraft:egg":22,"create:polished_rose_quartz":3,"ragnamod_6_sky:piece_tin":12,"minecraft:sandstone":90,"minecraft:stone":5,"exnihilosequentia:seed_potato":4,"exnihilosequentia:seed_kelp":1,"create:windmill_bearing":5,"eidolon:wooden_altar":2,"create:hand_crank":16,"minecraft:redstone":96,"create:brass_casing":12,"ragnamod_6_sky:gabbro_pebble":56,"exnihilosequentia:barrel_wood":1,"create:vertical_gearbox":22,"create:deployer":7,"rats:block_of_cheese":3,"chisel:futura/controller_purple":44,"chisel:planks/spruce/braced_planks":19,"create:secondary_linear_chassis":3,"minecraft:beetroot_seeds":18,"excompressum:oak_heavy_sieve":2,"ragnamod_6_sky:piece_osmium":156,"rats:rat_cage":17,"minecraft:gold_ingot":16,"minecraft:white_wool":25,"ragnamod_6_sky:piece_aluminum":299,"creategearaddon:large_oak_cogwheel":28,"storagedrawers:upgrade_template":10,"farlanders:mystic_wand_ore":1,"create:brass_block":72,"minecraft:oak_log":260,"create:andesite_alloy":164,"rats:rat_pelt":3,"chisel:diamond_chisel":1,"astralsorcery:aquamarine":9,"minecraft:gunpowder":19,"ragnamod_6_sky:chunk_copper":4,"exnihilosequentia:hammer_iron":1,"createaddition:furnace_burner":3,"farlanders:mystic_wand_invisible":1,"create:crushing_wheel":10,"minecraft:apple":6,"minecraft:kelp":15,"create:adjustable_chain_gearshift":1,"minecraft:iron_ingot":144,"refinedstorage:cover":48,"exnihilosequentia:seed_berry":3,"storagedrawers:oak_full_drawers_1":40,"minecraft:acacia_sapling":11,"create:mechanical_saw":4,"minecraft:green_dye":36,"powah:uraninite":6,"minecraft:oak_slab":83,"create:diorite_cobblestone":50,"minecraft:pumpkin":2,"thermal:copper_ingot":24,"create:granite_cobblestone":9,"minecraft:quartz":8,"minecraft:gravel":805,"minecraft:spruce_sapling":13,"compressium:clay_1":2,"minecraft:spruce_log":176,"quark:oak_chest":4,"create:gearbox":16,"create:wheat_flour":15,"create:millstone":19,"minecraft:pumpkin_seeds":18,"ragnamod_6_sky:piece_uranium":8,"framedcompactdrawers:framed_full_one":20,"exnihilosequentia:mesh_diamond":4,"create:brass_ingot":27,"ragnamod_6_sky:piece_nickel":8,"create:encased_fan":15,"ragnamod_6_sky:piece_lead":214,"create:rose_quartz":4,"minecraft:oak_button":1,"minecraft:terracotta":19,"thermal:ruby":3,"exnihilosequentia:seed_red_coral":4,"minecraft:melon_seeds":17,"excompressum:auto_hammer":2,"minecraft:coal":307,"exnihilosequentia:mesh_netherite":1,"minecraft:hopper":2},"minecraft:crafted":{"minecraft:brick":12,"astralsorcery:aquamarine":32,"minecraft:oak_planks":20,"immersiveengineering:hammer":1,"create:andesite_casing":8,"create:deployer":1,"minecraft:iron_bars":16,"minecraft:green_dye":36,"create:radial_chassis":3,"rats:plague_doctor_mask":1,"create:andesite_funnel":2,"rats:plague_tome":1,"minecraft:end_stone":9,"create:cogwheel":16,"minecraft:flower_pot":1,"minecraft:pumpkin":2,"minecraft:crafting_table":2,"minecraft:spruce_planks":32,"create:mechanical_saw":1,"create:attribute_filter":1,"create:encased_chain_drive":2,"create:mechanical_mixer":1,"create:gearbox":1,"farlanders:mystic_wand_fire_small":4,"minecraft:charcoal":492,"minecraft:iron_ingot":33,"create:brass_casing":4,"minecraft:iron_pickaxe":1,"minecraft:iron_block":1,"minecraft:gold_ingot":4,"minecraft:light_gray_dye":9,"minecraft:iron_nugget":9,"thermal:charcoal_block":5,"minecraft:glass_pane":16,"minecraft:terracotta":15,"immersiveengineering:wirecutter":1,"create:millstone":1,"create:andesite_cobblestone":6,"create:electron_tube":3,"create:filter":1,"create:hand_crank":1,"minecraft:dried_kelp":0,"thermal:copper_nugget":9,"minecraft:air":1518,"rats:cooked_rat":2,"create:gantry_shaft":16,"minecraft:white_wool":8,"create:secondary_linear_chassis":1,"create:linear_chassis":3,"create:mechanical_crafter":3,"minecraft:iron_shovel":1,"minecraft:note_block":1,"minecraft:andesite":4,"rats:rat_cage":16},"minecraft:broken":{"exnihilosequentia:hammer_stone":2,"farlanders:mystic_wand_invisible":1,"farlanders:mystic_wand_ore":2,"mekanismtools:iron_paxel":2},"minecraft:custom":{"minecraft:interact_with_crafting_table":8,"minecraft:open_barrel":1,"minecraft:bell_ring":20,"minecraft:eat_cake_slice":6,"minecraft:leave_game":6,"minecraft:time_since_death":108362,"minecraft:sprint_one_cm":726414,"minecraft:drop":251,"minecraft:talked_to_villager":26,"minecraft:deaths":8,"minecraft:jump":2684,"minecraft:walk_on_water_one_cm":32434,"minecraft:interact_with_furnace":180,"minecraft:traded_with_villager":23,"minecraft:play_one_minute":1286701,"minecraft:sleep_in_bed":12,"minecraft:damage_dealt":946,"minecraft:crouch_one_cm":101452,"minecraft:horse_one_cm":663,"minecraft:interact_with_smithing_table":2,"minecraft:mob_kills":4,"minecraft:inspect_hopper":15,"minecraft:walk_one_cm":1925516,"minecraft:sneak_time":39533,"minecraft:walk_under_water_one_cm":11627,"minecraft:interact_with_blast_furnace":10,"minecraft:interact_with_stonecutter":2,"minecraft:time_since_rest":15614,"minecraft:damage_taken":2947,"minecraft:fly_one_cm":517346,"minecraft:open_chest":1745,"minecraft:fall_one_cm":15801},"minecraft:used":{"create:deployer":6,"create:brass_casing":3,"exnihilosequentia:hammer_stone":563,"create:piston_extension_pole":3,"minecraft:oak_sign":6,"minecraft:stone":4,"botanypots:botany_pot":7,"minecraft:bell":1,"exnihilosequentia:hammer_iron":2,"create:fluid_tank":3,"create:cogwheel":4,"chisel:cobblestone/twisted":132,"create:mechanical_crafter":72,"chisel:futura/controller_purple":20,"minecraft:acacia_sapling":4,"minecraft:beehive":1,"create:speedometer":2,"minecraft:glass":4,"computercraft:printer":2,"minecraft:lava_bucket":4,"pamhc2foodextended:poutineitem":8,"create:millstone":13,"exnihilosequentia:barrel_stone":2,"rats:cooked_rat":2,"create:mechanical_piston":2,"create:shaft":47,"minecraft:oak_sapling":12,"minecraft:furnace":10,"create:mechanical_drill":3,"minecraft:egg":18,"eidolon:wooden_altar":2,"farlanders:mystic_wand_invisible":2,"create:crushing_wheel":10,"rats:rat_cage":17,"minecraft:oak_planks":2,"immersiveengineering:toolbox":3,"minecraft:blackstone":94,"minecraft:sandstone":121,"neapolitan:chocolate_cake":2,"minecraft:composter":2,"minecraft:clay":3,"minecraft:sugar_cane":2,"create:mechanical_saw":5,"minecraft:white_wool":25,"minecraft:sand":29,"create:flywheel":7,"createaddition:rolling_mill":4,"minecraft:acacia_leaves":2,"creategearaddon:large_oak_cogwheel":34,"create:super_glue":1,"mekanismtools:iron_paxel":800,"cyclic:apple_diamond":1,"create:adjustable_chain_gearshift":1,"minecraft:gravel":61,"create:andesite_casing":6,"exnihilosequentia:sieve":9,"framedcompactdrawers:framed_full_one":11,"create:basin":11,"farlanders:mystic_wand_teleport":2,"tconstruct:crafting_station":8,"create:stressometer":5,"minecraft:andesite":2,"chisel:planks/oak/encased_smooth":521,"create:vertical_gearbox":22,"rats:trash_can":1,"chisel:planks/spruce/braced_planks":3,"create:large_cogwheel":30,"minecraft:oak_fence":6,"storagedrawers:oak_full_drawers_1":8,"mcwfences:oak_picket_fence":59,"creategearaddon:oak_cogwheel":105,"create:limestone":44,"minecraft:spruce_planks":13,"excompressum:oak_heavy_sieve":4,"minecraft:torch":42,"minecraft:dirt":6,"minecraft:hopper":5,"create:mechanical_mixer":3,"decorative_blocks:oak_palisade":12,"thermal:potion_cake":1,"farlanders:mystic_wand_ore":8,"computercraft:speaker":1,"createaddition:furnace_burner":4,"quark:spruce_chest":16,"create:wrench":200,"mcwbridges:oak_log_bridge_middle":5,"create:gearbox":11,"mekanismgenerators:heat_generator":5,"create:furnace_engine":11,"create:diorite_cobblestone":1,"create:brown_toolbox":1,"buzzier_bees:honey_bread":24,"pamhc2foodextended:steakandchipsitem":8,"create:encased_chain_drive":3,"farlanders:mystic_wand_fire_small":2,"pamhc2foodextended:carrotjuiceitem":3,"create:radial_chassis":2,"create:belt_connector":19,"minecraft:water_bucket":61,"mob_grinding_utils:solid_xp_baby":15,"endergetic:poise_beehive":1,"create:empty_blaze_burner":1,"rats:block_of_cheese":2,"minecraft:terracotta":3,"create:encased_fan":16,"minecraft:oak_slab":9,"create:mechanical_harvester":2,"rats:cauldron_milk":1,"exnihilosequentia:barrel_wood":2,"minecraft:oak_log":1,"neapolitan:adzuki_bun":6,"minecraft:apple":2,"create:mechanical_press":33,"create:windmill_bearing":3,"minecraft:oak_button":1,"create:water_wheel":27,"minecraft:spruce_sapling":6,"create:limestone_cobblestone":1,"minecraft:cobblestone":299,"excompressum:auto_hammer":1,"minecraft:bucket":67,"quark:oak_chest":3,"create:hand_crank":12,"minecraft:kelp":10,"storagedrawers:drawer_key":1}},"DataVersion":2586}