{"stats":{"minecraft:killed":{"farlanders:fanmade_enderman":1,"minecraft:skeleton":1,"minecraft:chicken":1,"farlanders:enderminion":1,"rats:rat":1,"minecraft:zombie":2,"mekanismadditions:baby_skeleton":3,"supplementaries:firefly":1,"minecraft:zombified_piglin":3,"minecraft:spider":1,"rats:plague_cloud":3,"minecraft:pig":1,"mekanismadditions:baby_creeper":1,"minecraft:creeper":4,"minecraft:sheep":1,"farlanders:mystic_enderminion":1},"minecraft:killed_by":{"rats:plague_beast":4,"minecraft:player":1,"rats:plague_cloud":6},"minecraft:mined":{"chisel:planks/spruce/braced_planks":1,"minecraft:white_bed":3,"create:andesite_casing":2,"minecraft:obsidian":10,"chisel:stone_bricks/dent":267,"cyclic:soundproofing":32,"chisel:planks/spruce/encased_large_planks":13,"tconstruct:part_chest":2,"create:belt":8,"minecraft:oak_wall_sign":1,"rats:block_of_cheese":1,"minecraft:barrel":2,"pipez:fluid_pipe":9,"exnihilosequentia:sieve":36,"tconstruct:seared_melter":1,"tconstruct:seared_bricks_wall":1,"compressium:soulsand_1":2,"minecraft:oak_sign":1,"mob_grinding_utils:jumbo_tank":2,"create:limestone":3,"cyclic:hopper":11,"tconstruct:part_builder":4,"chisel:glowstone/extra/bismuth":1,"minecraft:kelp_plant":4,"storagedrawers:controller":1,"chisel:planks/spruce/encased_planks":309,"endergetic:poise_beehive":2,"framedblocks:framed_corner_slope":4,"ironfurnaces:copper_furnace":2,"minecraft:torch":84,"mcwfences:spruce_highley_gate":1,"minecraft:spruce_wall_sign":2,"minecraft:glass":44,"excompressum:oak_heavy_sieve":11,"minecraft:sugar_cane":60,"minecraft:spruce_sign":1,"cookingforblockheads:spice_rack":1,"create:basin":1,"chisel:planks/spruce/braid":8,"compressium:sand_1":127,"tconstruct:seared_faucet":4,"storagedrawers:oak_full_drawers_1":94,"minecraft:grass":264,"create:hand_crank":4,"creategearaddon:large_oak_cogwheel":11,"create:millstone":7,"framedcompactdrawers:framed_full_one":3,"chisel:andesite/mosaic":10,"engineersdecor:dense_grit_sand_block":3,"minecraft:end_stone":4,"quark:cobbled_deepslate":31,"minecraft:redstone_wire":4,"thermal:flax":3,"exnihilosequentia:barrel_stone":43,"create:shaft":38,"mcwfences:spruce_stockade_fence":6,"minecraft:andesite":7,"minecraft:potatoes":8,"minecraft:smithing_table":1,"minecraft:oak_slab":328,"mob_grinding_utils:saw":2,"ironfurnaces:silver_furnace":5,"minecraft:soul_sand":1,"quark:oak_chest":13,"minecraft:stone_brick_slab":66,"minecraft:dandelion":2,"chisel:glowstone/twisted":6,"chisel:cobblestone/twisted":8,"create:granite_cobblestone":222,"chisel:diorite/encased_bricks":6,"create:water_wheel":4,"minecraft:tall_grass":72,"create:redstone_link":1,"tconstruct:smeltery_controller":2,"create:gearbox":12,"mcwfences:spruce_horse_fence":37,"minecraft:spruce_log":3949,"decorative_blocks:oak_palisade":6,"exnihilosequentia:crushed_netherrack":1,"create:mechanical_drill":4,"minecraft:mycelium":10,"create:diorite_cobblestone":8,"minecraft:gravel":14,"minecraft:fern":3,"minecraft:spruce_planks":62,"minecraft:oak_sapling":1,"tconstruct:tinker_station":3,"tconstruct:seared_bricks":18,"minecraft:spruce_trapdoor":1,"chisel:planks/spruce/crude_horizontal_planks":16,"minecraft:grass_block":9,"botanypots:botany_pot":1,"mob_grinding_utils:absorption_hopper":3,"chisel:cobblestone/dent":28,"tconstruct:seared_table":1,"framedblocks:framed_slope":3,"compressium:gravel_1":255,"compressium:netherrack_1":14,"thermal:tomato":1,"tconstruct:seared_fuel_tank":1,"cyclic:flower_cyan":8,"creategearaddon:oak_cogwheel":40,"supplementaries:stick":7,"mcwfences:modern_stone_brick_wall":5,"minecraft:spruce_slab":9,"minecraft:blackstone":93,"tconstruct:tinkers_anvil":2,"minecraft:clay":25,"minecraft:poppy":9,"thermal:peanut":1,"mob_grinding_utils:tank":3,"minecraft:cobblestone":35,"create:gabbro_cobblestone":23,"minecraft:oak_planks":243,"minecraft:wall_torch":1,"minecraft:cauldron":1,"exnihilosequentia:crucible_wood":5,"minecraft:oak_log":556,"chisel:cobblestone/mosaic":4,"minecraft:sand":16,"minecraft:dirt":22,"tconstruct:crafting_station":13,"minecraft:netherrack":8,"minecraft:oak_leaves":764,"framedblocks:framed_slab":6,"minecraft:redstone_lamp":1,"create:granite_cobblestone_slab":1,"create:large_cogwheel":7,"minecraft:spruce_leaves":5094,"chisel:andesite/french_1":32,"minecraft:large_fern":1,"compressium:endstone_1":6,"createaddition:rolling_mill":11,"minecraft:oak_trapdoor":2,"minecraft:furnace":3,"minecraft:carrots":175,"darkutils:vector_plate":3,"mekanism:basic_fluid_tank":8,"chisel:cobblestone/french_1":4,"exnihilosequentia:crucible_fired":3,"tconstruct:seared_glass":9,"chisel:planks/spruce/vertical_planks":9,"minecraft:stone":15,"minecraft:podzol":2,"architects_palette:sunmetal_block":5,"chisel:andesite/road":7,"chisel:andesite/encased_bricks":6,"minecraft:basalt":12,"exnihilosequentia:dust":13,"minecraft:spruce_door":1,"pipez:item_pipe":56,"minecraft:oak_fence":239,"minecraft:crafting_table":4,"minecraft:blackstone_slab":6,"tconstruct:seared_basin":2,"chisel:cobblestone/extra/marker":9,"minecraft:stone_slab":18,"chisel:glowstone/extra/tiles_large_bismuth":1,"chisel:cobblestone/weaver":77,"minecraft:cactus":1,"cookingforblockheads:sink":6,"compressium:cobblestone_1":688,"minecraft:beehive":4,"chisel:andesite/weaver":4,"minecraft:grass_path":1,"exnihilosequentia:barrel_wood":77,"create:mechanical_crafter":13,"quark:spruce_chest":72},"minecraft:dropped":{"minecraft:iron_sword":40,"minecraft:lapis_lazuli":157,"ragnamod_6_sky:granite_pebble":51,"create:andesite_cobblestone":301,"minecraft:emerald":15,"exnihilosequentia:mesh_flint":1,"minecraft:bone_meal":53,"create:goggles":1,"create:diorite_cobblestone":16,"iceandfire:amythest_gem":9,"minecraft:sugar_cane":1,"minecraft:rotten_flesh":22,"minecraft:oak_planks":2,"ragnamod_6_sky:piece_copper":19,"compressium:clay_1":2,"create:wrench":2,"ragnamod_6_sky:piece_lead":18,"minecraft:glass":20,"excompressum:compressed_hammer_stone":1,"minecraft:iron_ingot":51,"chisel:diamond_chisel":1,"pipez:basic_upgrade":2,"minecraft:cobblestone":122,"quark:spruce_chest":12,"chisel:cobblestone/dent":475,"minecraft:coal":1459,"ragnamod_6_sky:piece_aluminum":1043,"ragnamod_6_sky:andesite_pebble":1,"minecraft:clay_ball":92,"mcwfences:spruce_horse_fence":30,"pipez:item_pipe":19,"minecraft:stone":3,"exnihilosequentia:mesh_string":17,"minecraft:spruce_sign":14,"ragnamod_6_sky:diorite_pebble":53,"create:granite_cobblestone":11,"mob_grinding_utils:jumbo_tank":2,"creategearaddon:large_oak_cogwheel":1,"mob_grinding_utils:saw":1,"forbidden_arcanus:rune":4,"constructionwand:diamond_wand":2,"powah:uraninite":3,"creategearaddon:oak_cogwheel":12,"exnihilosequentia:mesh_diamond":1,"exnihilosequentia:crucible_fired":1,"create:large_cogwheel":2,"minecraft:gold_ingot":51,"minecraft:gravel":193,"exnihilosequentia:mesh_iron":1,"ragnamod_6_sky:piece_silver":9,"minecraft:gunpowder":1,"ragnamod_6_sky:cobble_pebble":59,"create:brass_ingot":27,"minecraft:water_bucket":1,"excompressum:compressed_dust":2,"compressium:gravel_1":3,"minecraft:stick":57,"chisel:stone_bricks/dent":128,"quark:clear_shard":13,"minecraft:torch":110,"chisel:glowstone/twisted":72,"ragnamod_6_sky:chunk_copper":4,"tconstruct:crafting_station":2,"chisel:planks/spruce/encased_planks":18,"minecraft:bucket":5,"minecraft:redstone":19,"create:shaft":3,"pipez:fluid_pipe":18,"ragnamod_6_sky:chunk_iron":19,"minecraft:andesite":35,"storagedrawers:drawer_key":2,"minecraft:spruce_log":60},"minecraft:picked_up":{"engineersdecor:dense_grit_sand_block":3,"chisel:cobblestone/mosaic":4,"compressium:soulsand_1":2,"minecraft:smithing_table":1,"minecraft:stone_slab":22,"ragnamod_6_sky:piece_endumium":3,"create:wrench":1,"create:limestone_cobblestone":2,"minecraft:golden_sword":1,"tconstruct:smeltery_controller":2,"minecraft:string":503,"endergetic:poise_beehive":3,"thermal:barley_seeds":2,"minecraft:beetroot":9,"create:water_wheel":4,"tconstruct:ingot_cast":1,"mysticalagriculture:inferium_essence":6,"minecraft:gold_nugget":1,"mob_grinding_utils:ender_inhibitor_off":1,"minecraft:spruce_planks":15,"ragnamod_6_sky:cobble_pebble":1071,"ragnamod_6_sky:granite_pebble":1085,"minecraft:beehive":5,"pamhc2foodextended:theatreboxitem":15,"chisel:planks/spruce/encased_large_planks":13,"thermal:sadiroot_seeds":1,"create:andesite_casing":6,"chisel:cobblestone/dent":452,"chisel:planks/spruce/encased_planks":247,"chisel:stone_bricks/dent":330,"mob_grinding_utils:saw":3,"tconstruct:seared_faucet":4,"minecraft:cauldron":1,"mob_grinding_utils:rotten_egg":1,"exnihilosequentia:barrel_stone":45,"thermal:apatite":596,"quark:clear_shard":146,"pamhc2foodextended:poutineitem":1,"thermal:radish_seeds":1,"ragnamod_6_sky:piece_copper":907,"mekanism:basic_fluid_tank":8,"cyclic:hopper":12,"create:andesite_cobblestone":375,"neapolitan:chocolate_cake":1,"exnihilosequentia:ancient_spores":2,"exnihilosequentia:seed_acacia":3,"minecraft:feather":5,"cyclic:shears_flint":1,"gildedingot:shroom_fruit":157,"minecraft:brown_wool":1,"minecraft:flint":7,"ragnamod_6_sky:piece_gold":117,"brazier:warped_nether_wart":102,"cyclic:flower_cyan":8,"exnihilosequentia:seed_oak":4,"minecraft:twisting_vines":62,"thermal:sapphire":64,"framedblocks:framed_slope":1,"pipez:fluid_pipe":26,"ftbquests:book":1,"create:mechanical_drill":4,"architects_palette:sunmetal_block":6,"cyclic:soundproofing":32,"create:shaft":70,"forbidden_arcanus:rune":688,"tconstruct:seared_table":1,"minecraft:glowstone_dust":350,"xreliquary:mob_charm_fragment":1,"exnihilosequentia:mesh_string":43,"exnihilosequentia:seed_jungle":2,"exnihilosequentia:seed_darkoak":1,"patchouli:guide_book":5,"create:granite_cobblestone_slab":1,"thermal:gold_plate":4,"thermal:onion_seeds":1,"minecraft:barrel":1,"exnihilosequentia:silkworm":188,"astralsorcery:tome":1,"quark:cobbled_deepslate":14,"cookingforblockheads:spice_rack":1,"architects_palette:sunmetal_pillar":4,"minecraft:lever":1,"thermal:eggplant_seeds":2,"mahoutsukai:guidebook":1,"chisel:glowstone/twisted":72,"minecraft:crimson_roots":62,"minecraft:spruce_leaves":3381,"minecraft:crafting_table":7,"minecraft:nether_wart":94,"minecraft:clay_ball":178,"minecraft:redstone_lamp":1,"mob_grinding_utils:absorption_hopper":3,"tconstruct:tinkers_anvil":2,"compressium:dirt_1":1,"immersiveengineering:manual":1,"ragnamod_6_sky:deepslate_pebble":1200,"ragnamod_6_sky:chunk_iron":20,"minecraft:netherite_scrap":25,"ragnamod_6_sky:basalt_pebble":1195,"create:redstone_link":2,"quark:spruce_chest":99,"thermal:niter":65,"minecraft:poppy":9,"minecraft:spruce_slab":9,"minecraft:birch_sapling":8,"creategearaddon:oak_cogwheel":59,"minecraft:diamond_hoe":1,"minecraft:egg":39,"ragnamod_6_sky:piece_tin":145,"minecraft:stone":3,"architects_palette:flint_block":5,"pipez:item_pipe":74,"exnihilosequentia:seed_potato":3,"chisel:cobblestone/french_1":4,"minecraft:carrot":633,"minecraft:redstone":358,"chisel:andesite/mosaic":10,"create:vertical_gearbox":6,"rats:block_of_cheese":1,"rftoolsbase:manual":1,"ragnamod_6_sky:piece_ender":29,"minecraft:beetroot_seeds":24,"storagedrawers:controller":1,"minecraft:gold_ingot":47,"tconstruct:part_chest":2,"minecraft:blackstone_slab":5,"tconstruct:seared_fuel_tank":1,"mob_grinding_utils:tank":3,"minecraft:oak_log":750,"framedblocks:framed_slab":6,"astralsorcery:aquamarine":128,"chisel:cobblestone/weaver":47,"chisel:diorite/encased_bricks":6,"pamhc2foodextended:friedfeastitem":7,"tconstruct:seared_brick":132,"pipez:basic_upgrade":3,"minecraft:apple":19,"mcwfences:spruce_highley_gate":1,"minecraft:kelp":38,"ironfurnaces:augment_speed":3,"minecraft:cobweb":64,"exnihilosequentia:seed_berry":5,"minecraft:iron_sword":40,"rats:chef_toque":1,"powah:uraninite":160,"thermal:strawberry_seeds":2,"minecraft:gravel":6218,"exnihilosequentia:crushed_end_stone":58,"xreliquary:catalyzing_gland":3,"minecraft:spruce_sapling":257,"compressium:clay_1":1,"minecraft:spruce_log":4031,"create:gearbox":7,"create:millstone":8,"cookingforblockheads:sink":6,"exnihilosequentia:mesh_diamond":20,"immersiveengineering:seed":38,"compressium:cobblestone_1":4,"tconstruct:seared_melter":1,"ragnamod_6_sky:piece_pendorite":5,"minecraft:warped_roots":70,"minecraft:melon_seeds":11,"ragnamod_6_sky:piece_emeraldite":47,"rats:cauldron_milk":1,"ragnamod_6_sky:piece_tungsten":45,"minecraft:ender_pearl":42,"minecraft:wheat":5,"ragnamod_6_sky:piece_soulium":82,"constructionwand:diamond_wand":2,"create:mechanical_crafter":13,"ragnamod_6_sky:blackstone_pebble":1248,"pamhc2foodextended:cinnamonbreaditem":8,"chisel:andesite/road":7,"chisel:planks/spruce/crude_horizontal_planks":16,"minecraft:oak_sign":1,"thermal:sulfur":88,"thermal:iron_plate":2,"exnihilosequentia:seed_fern":2,"minecraft:bucket":5,"excompressum:compressed_hammer_stone":1,"neapolitan:banana_bread":8,"chisel:planks/spruce/braid":8,"thermal:spinach_seeds":2,"minecraft:furnace":4,"exnihilosequentia:hammer_stone":2,"exnihilosequentia:sieve":38,"minecraft:stick":281,"ragnamod_6_sky:diorite_pebble":1280,"neapolitan:vanilla_fudge":16,"exnihilosequentia:seed_bamboo":2,"xreliquary:zombie_heart":3,"ragnamod_6_sky:piece_zinc":1310,"minecraft:oak_fence":222,"minecraft:torch":257,"minecraft:dried_kelp":1,"compressium:gravel_1":1,"thermal:flax_seeds":10,"exnihilosequentia:crucible_fired":5,"create:large_cogwheel":11,"ragnamod_6_sky:andesite_pebble":1235,"minecraft:cactus":1,"minecraft:rotten_flesh":46,"thermal:corn_seeds":1,"ragnamod_6_sky:piece_iron":1305,"exnihilosequentia:crushed_netherrack":135,"mob_grinding_utils:saw_upgrade_looting":10,"minecraft:obsidian":14,"minecraft:blaze_powder":40,"minecraft:cobblestone":1783,"tconstruct:seared_bricks":17,"chisel:andesite/french_1":21,"minecraft:andesite":37,"minecraft:potato":28,"create:belt_connector":8,"storagedrawers:drawer_key":4,"supplementaries:flax_seeds":4,"create:gabbro_cobblestone":43,"exnihilosequentia:porcelain_clay":15,"minecraft:lapis_lazuli":2738,"minecraft:dirt":81,"chisel:planks/spruce/vertical_planks":9,"exnihilosequentia:seed_spruce":4,"minecraft:glass":20,"chisel:cobblestone/twisted":8,"neapolitan:adzuki_bun":6,"minecraft:bone":9,"minecraft:wheat_seeds":58,"minecraft:bell":2,"exnihilosequentia:grass_seeds":2,"create:flywheel":1,"minecraft:oak_planks":219,"minecraft:ghast_tear":99,"thermal:bell_pepper_seeds":1,"minecraft:cooked_porkchop":4,"exnihilosequentia:crucible_wood":6,"exnihilosequentia:mesh_iron":13,"minecraft:sand":2318,"tconstruct:seared_bricks_wall":1,"excompressum:compressed_dust":1,"eidolon:codex":1,"chisel:andesite/encased_bricks":6,"decorative_blocks:oak_palisade":12,"mob_grinding_utils:jumbo_tank":4,"forbidden_arcanus:ender_pearl_fragment":4,"exnihilosequentia:seed_large_fern":3,"minecraft:clay":116,"kubejs:brass_plate":4,"minecraft:diamond":166,"ragnamod_6_sky:piece_silver":1593,"tconstruct:seared_basin":2,"exnihilosequentia:seed_cactus":3,"darkutils:vector_plate":2,"minecraft:bone_meal":321,"minecraft:spruce_sign":21,"minecraft:emerald":856,"create:furnace_engine":1,"minecraft:oak_sapling":119,"minecraft:netherrack":146,"minecraft:oak_leaves":796,"exnihilosequentia:crook_stone":1,"minecraft:charcoal":106,"tconstruct:crafting_station":11,"minecraft:chicken":1,"exnihilosequentia:mesh_flint":27,"thermal:cinnabar":508,"createaddition:rolling_mill":12,"mcwfences:spruce_horse_fence":64,"ragnamod_6_sky:piece_cobalt":56,"exnihilosequentia:seed_carrot":5,"minecraft:oak_trapdoor":2,"mob_grinding_utils:saw_upgrade_sharpness":10,"exnihilosequentia:seed_birch":3,"exnihilosequentia:dust":1453,"tconstruct:seared_glass":8,"minecraft:blackstone":115,"iceandfire:amythest_gem":826,"mcwfences:spruce_stockade_fence":6,"create:basin":1,"minecraft:sugar_cane":121,"minecraft:spruce_trapdoor":1,"mcwfences:modern_stone_brick_wall":5,"minecraft:end_stone":58,"framedblocks:framed_corner_slope":4,"exnihilosequentia:seed_kelp":1,"create:hand_crank":11,"ragnamod_6_sky:gabbro_pebble":1295,"exnihilosequentia:barrel_wood":79,"thermal:peanut_seeds":5,"minecraft:arrow":18,"minecraft:weeping_vines":57,"chisel:planks/spruce/braced_planks":1,"tconstruct:grout":260,"excompressum:oak_heavy_sieve":11,"tconstruct:tinker_station":3,"ironfurnaces:silver_furnace":4,"ragnamod_6_sky:piece_osmium":967,"ragnamod_6_sky:piece_aluminum":3586,"minecraft:basalt":18,"creategearaddon:large_oak_cogwheel":14,"tconstruct:part_builder":4,"storagedrawers:upgrade_template":3,"minecraft:crimson_fungus":77,"create:andesite_alloy":186,"chisel:diamond_chisel":1,"minecraft:gunpowder":616,"minecraft:cooked_mutton":3,"ragnamod_6_sky:piece_platinum":35,"chisel:andesite/weaver":4,"byg:ametrine_gems":8,"rats:rat_flute":1,"minecraft:iron_ingot":90,"quark:tallow":1,"thermal:tomato_seeds":2,"storagedrawers:oak_full_drawers_1":94,"minecraft:acacia_sapling":4,"minecraft:soul_sand":74,"minecraft:oak_slab":277,"create:diorite_cobblestone":48,"minecraft:warped_fungus":85,"thermal:copper_ingot":1,"create:granite_cobblestone":53,"minecraft:stone_brick_slab":64,"minecraft:quartz":180,"minecraft:dandelion":2,"ragnamod_6_sky:piece_amber":22,"minecraft:white_bed":3,"thermal:green_bean_seeds":1,"quark:oak_chest":14,"minecraft:spruce_door":1,"minecraft:spider_eye":15,"thermal:rice_seeds":4,"minecraft:pumpkin_seeds":18,"ragnamod_6_sky:piece_uranium":85,"framedcompactdrawers:framed_full_one":3,"create:brass_ingot":23,"ragnamod_6_sky:piece_nickel":78,"ironfurnaces:copper_furnace":2,"xreliquary:chelicerae":2,"ragnamod_6_sky:piece_lead":933,"mekanism:fluorite_gem":34,"tconstruct:pattern":78,"thermal:ruby":56,"minecraft:coal":4182},"minecraft:crafted":{"pipez:basic_upgrade":3,"pipez:improved_upgrade":1,"pipez:item_pipe":16,"ironfurnaces:iron_furnace":2,"minecraft:diamond_shovel":1,"minecraft:nether_brick":0,"tconstruct:seared_melter":1,"minecraft:granite":0,"connectedglass:tinted_glass":5,"minecraft:glass":31,"minecraft:diamond_helmet":1,"chisel:diamond_chisel":1,"exnihilosequentia:mesh_flint":1,"storagedrawers:oak_full_drawers_1":1,"ironfurnaces:augment_speed":1,"create:gabbro":0,"rats:assorted_vegetables":1,"ragnamod_6_sky:chunk_iron":2,"constructionwand:stone_wand":1,"minecraft:stone_slab":6,"quark:oak_chest":4,"minecraft:iron_pickaxe":2,"excompressum:oak_heavy_sieve":3,"minecraft:gold_ingot":0,"storagedrawers:drawer_key":1,"storagedrawers:upgrade_template":4,"mob_grinding_utils:ender_inhibitor_on":1,"minecraft:stone_shovel":1,"tconstruct:part_builder":1,"create:wrench":1,"minecraft:iron_nugget":9,"exnihilosequentia:crucible_fired":1,"thermal:copper_ingot":17,"tconstruct:seared_basin":1,"enigmaticlegacy:iron_ring":1,"storagedrawers:emerald_storage_upgrade":1,"tconstruct:tinker_station":1,"minecraft:basalt":1,"minecraft:terracotta":0,"thermal:silver_ingot":8,"minecraft:stone_pickaxe":1,"quark:spruce_chest":4,"exnihilosequentia:sieve":21,"constructionwand:diamond_wand":1,"excompressum:compressed_hammer_stone":1,"tconstruct:part_chest":1,"minecraft:dried_kelp":0,"mob_grinding_utils:saw":1,"minecraft:orange_dye":25,"tconstruct:seared_heater":2,"mcwfences:spruce_horse_fence":3,"minecraft:cobblestone":9,"minecraft:flint":6,"enigmaticlegacy:magnet_ring":1,"minecraft:brick":0,"exnihilosequentia:mesh_iron":5,"mekanismtools:diamond_paxel":2,"minecraft:oak_planks":56,"mekanismtools:iron_paxel":1,"minecraft:barrel":1,"createaddition:rolling_mill":1,"create:andesite_casing":16,"minecraft:stone":9,"mob_grinding_utils:tank":4,"pipez:fluid_pipe":16,"minecraft:hopper":1,"minecraft:comparator":4,"tconstruct:seared_brick":0,"tconstruct:seared_fuel_tank":1,"mob_grinding_utils:absorption_hopper":2,"minecraft:ender_eye":1,"exnihilosequentia:barrel_wood":3,"minecraft:dropper":6,"minecraft:crafting_table":1,"minecraft:spruce_planks":36,"mcwfences:spruce_pyramid_gate":3,"cookingforblockheads:counter":1,"mcwfences:modern_stone_brick_wall":6,"mekanismtools:stone_paxel":1,"minecraft:diorite":0,"minecraft:paper":3,"minecraft:charcoal":53,"create:water_wheel":2,"minecraft:stick":44,"minecraft:iron_ingot":37,"exnihilosequentia:mesh_diamond":7,"darkutils:blank_plate":48,"minecraft:redstone_torch":12,"tconstruct:seared_fuel_gauge":1,"pipez:advanced_upgrade":1,"tconstruct:pattern":3,"mcwfences:spruce_stockade_fence":3,"storagedrawers:controller":2,"minecraft:iron_axe":1,"immersiveengineering:wirecutter":1,"tconstruct:seared_table":1,"trashcans:item_trash_can":1,"exnihilosequentia:hammer_stone":5,"compressium:gravel_1":1,"create:granite_cobblestone_stairs":4,"minecraft:bone_block":6,"minecraft:diamond_sword":1,"mob_grinding_utils:saw_upgrade_sharpness":1,"integrateddynamics:drying_basin":1,"minecraft:bucket":4,"minecraft:stone_axe":1,"minecraft:air":7061,"ironfurnaces:copper_furnace":1,"framedblocks:framed_cube":8,"tconstruct:crafting_station":3,"compressium:cobblestone_1":1,"tconstruct:seared_faucet":2,"create:mechanical_drill":1,"mob_grinding_utils:jumbo_tank":1,"minecraft:andesite":91},"minecraft:broken":{"mekanismtools:stone_paxel":1,"cyclic:shears_flint":1,"minecraft:shears":18,"constructionwand:stone_wand":3,"mekanismtools:iron_paxel":2,"mekanismtools:diamond_paxel":1,"excompressum:compressed_hammer_stone":7},"minecraft:custom":{"minecraft:interact_with_crafting_table":24,"minecraft:open_barrel":4,"minecraft:eat_cake_slice":21,"minecraft:leave_game":6,"minecraft:time_since_death":200622,"minecraft:deaths":15,"minecraft:jump":12619,"minecraft:interact_with_furnace":306,"minecraft:traded_with_villager":2,"minecraft:sleep_in_bed":24,"minecraft:damage_dealt":4502,"minecraft:interact_with_smithing_table":1,"minecraft:sneak_time":112181,"minecraft:interact_with_stonecutter":9,"minecraft:time_since_rest":19638,"minecraft:use_wand":1517,"minecraft:swim_one_cm":5567,"minecraft:fly_one_cm":3299115,"minecraft:open_chest":2615,"minecraft:fall_one_cm":166062,"minecraft:sprint_one_cm":1845211,"minecraft:drop":280,"minecraft:talked_to_villager":26,"minecraft:walk_on_water_one_cm":25920,"minecraft:play_one_minute":1165252,"minecraft:crouch_one_cm":330930,"minecraft:mob_kills":25,"minecraft:climb_one_cm":2207,"minecraft:walk_one_cm":2169191,"minecraft:walk_under_water_one_cm":10189,"minecraft:damage_taken":8112},"minecraft:used":{"minecraft:spruce_slab":9,"minecraft:stone":15,"excompressum:compressed_hammer_stone":917,"chisel:planks/spruce/encased_planks":1281,"minecraft:soul_sand":1,"chisel:cobblestone/twisted":8,"create:mechanical_crafter":13,"cyclic:shears_flint":64,"minecraft:lava_bucket":16,"pamhc2foodextended:holidaycakeitem":8,"pamhc2foodextended:cinnamonbreaditem":8,"exnihilosequentia:seed_kelp":1,"tconstruct:seared_faucet":6,"tconstruct:tinkers_anvil":3,"create:shaft":45,"minecraft:furnace":4,"minecraft:oak_sapling":39,"minecraft:egg":17,"exnihilosequentia:crushed_netherrack":1,"chisel:glowstone/twisted":14,"minecraft:spruce_door":1,"immersiveengineering:toolbox":1,"compressium:cobblestone_1":689,"minecraft:blackstone":94,"chisel:planks/spruce/braid":8,"minecraft:clay":25,"elevatorid:elevator_white":2,"minecraft:sand":17,"mob_grinding_utils:tank":5,"mob_grinding_utils:ender_inhibitor_on":1,"exnihilosequentia:crucible_wood":4,"mekanismtools:iron_paxel":1481,"darkutils:vector_plate":26,"exnihilosequentia:sieve":54,"minecraft:diamond_sword":55,"framedcompactdrawers:framed_full_one":104,"minecraft:smithing_table":2,"exnihilosequentia:seed_cactus":1,"create:granite_cobblestone_slab":1,"minecraft:oak_trapdoor":3,"ironfurnaces:copper_furnace":2,"creategearaddon:oak_cogwheel":45,"create:limestone":3,"framedblocks:framed_slab":6,"chisel:stone_bricks/dent":363,"minecraft:netherrack":8,"compressium:netherrack_1":14,"minecraft:torch":315,"tconstruct:seared_drain":2,"cookingforblockheads:counter":1,"exnihilosequentia:grass_seeds":4,"chisel:planks/spruce/crude_horizontal_planks":16,"chisel:planks/spruce/encased_large_planks":13,"create:wrench":30,"create:gearbox":7,"storagedrawers:controller":3,"minecraft:barrel":2,"pamhc2foodextended:carrotjuiceitem":18,"tconstruct:cast_chest":1,"constructionwand:diamond_wand":149,"compressium:gravel_1":255,"chisel:glowstone/extra/bismuth":1,"create:belt_connector":17,"chisel:andesite/encased_bricks":6,"minecraft:water_bucket":69,"mob_grinding_utils:solid_xp_baby":1,"exnihilosequentia:seed_large_fern":1,"integrateddynamics:drying_basin":1,"mekanismtools:stone_paxel":401,"pamhc2foodcore:applejuiceitem":4,"compressium:endstone_1":6,"chisel:andesite/weaver":4,"minecraft:crafting_table":5,"minecraft:oak_slab":526,"exnihilosequentia:seed_carrot":4,"minecraft:white_bed":3,"cyclic:hopper":16,"exnihilosequentia:barrel_wood":79,"minecraft:spruce_log":171,"minecraft:diamond_pickaxe":148,"tconstruct:seared_table":2,"tconstruct:part_chest":2,"minecraft:spruce_pressure_plate":3,"chisel:planks/spruce/vertical_planks":9,"create:water_wheel":5,"mob_grinding_utils:absorption_hopper":6,"minecraft:spruce_trapdoor":1,"exnihilosequentia:crucible_fired":8,"minecraft:spruce_sapling":200,"exnihilosequentia:seed_sugarcane":2,"pamhc2foodextended:theatreboxitem":14,"minecraft:cobblestone":317,"tconstruct:seared_melter":1,"create:gabbro_cobblestone":3,"quark:oak_chest":14,"mcwfences:spruce_stockade_fence":6,"create:redstone_link":6,"mcwfences:spruce_highley_gate":2,"compressium:soulsand_1":2,"pamhc2foodextended:friedfeastitem":7,"minecraft:diamond_hoe":184,"minecraft:oak_sign":3,"mekanism:basic_fluid_tank":8,"tconstruct:seared_fuel_tank":2,"ironfurnaces:silver_furnace":7,"cookingforblockheads:spice_rack":1,"engineersdecor:dense_grit_sand_block":3,"minecraft:carrot":338,"minecraft:beehive":1,"mekanismtools:diamond_paxel":4148,"minecraft:glass":82,"pamhc2foodextended:fruitcakeitem":8,"create:millstone":9,"neapolitan:vanilla_fudge":16,"chisel:cobblestone/mosaic":4,"pamhc2foodextended:roastpotatoesitem":8,"thermal:peanut_seeds":1,"exnihilosequentia:barrel_stone":43,"minecraft:redstone_lamp":2,"pipez:item_pipe":98,"create:mechanical_drill":5,"minecraft:beetroot_seeds":1,"chisel:cobblestone/weaver":555,"tconstruct:smeltery_controller":3,"mcwfences:spruce_pyramid_gate":3,"minecraft:oak_planks":248,"minecraft:ender_pearl":1,"minecraft:sugar_cane":2,"compressium:sand_1":127,"createaddition:rolling_mill":11,"tconstruct:seared_bricks_wall":25,"minecraft:end_stone":4,"minecraft:shears":4220,"creategearaddon:large_oak_cogwheel":12,"thermal:flax_seeds":3,"mob_grinding_utils:saw":3,"minecraft:lever":6,"neapolitan:banana_cake":1,"create:andesite_casing":1,"minecraft:gravel":14,"exnihilosequentia:dust":13,"minecraft:blackstone_slab":6,"mob_grinding_utils:fluid_xp_bucket":1,"chisel:andesite/french_1":188,"tconstruct:crafting_station":27,"minecraft:andesite":7,"create:vertical_gearbox":6,"minecraft:bone_meal":177,"create:large_cogwheel":12,"storagedrawers:oak_full_drawers_1":102,"chisel:diorite/encased_bricks":6,"cookingforblockheads:sink":7,"minecraft:oak_fence":369,"pamhc2foodextended:steakfajitaitem":8,"mob_grinding_utils:jumbo_tank":3,"minecraft:redstone":4,"minecraft:spruce_planks":62,"neapolitan:banana_bread":8,"excompressum:oak_heavy_sieve":13,"minecraft:stone_hoe":1,"chisel:cobblestone/dent":72,"minecraft:dirt":478,"tconstruct:seared_bricks":53,"chisel:cobblestone/french_1":4,"minecraft:stone_brick_slab":79,"connectedglass:tinted_borderless_glass":45,"chisel:andesite/mosaic":9,"quark:spruce_chest":166,"mob_grinding_utils:rotten_egg":1,"exnihilosequentia:seed_potato":8,"minecraft:oak_stairs":8,"cyclic:soundproofing":32,"excompressum:compressed_hammer_diamond":216,"tconstruct:tinker_station":3,"exnihilosequentia:seed_fern":3,"architects_palette:sunmetal_block":1,"create:diorite_cobblestone":22,"mcwfences:spruce_horse_fence":512,"tconstruct:part_builder":5,"pipez:fluid_pipe":17,"minecraft:spruce_sign":56,"minecraft:stonecutter":1,"mob_grinding_utils:ender_inhibitor_off":1,"create:granite_cobblestone":154,"constructionwand:stone_wand":64,"mcwfences:modern_stone_brick_wall":5,"tconstruct:seared_basin":3,"chisel:cobblestone/extra/marker":9,"chisel:glowstone/extra/tiles_large_bismuth":1,"minecraft:stone_slab":17,"exnihilosequentia:ancient_spores":3,"cookingforblockheads:fruit_basket":1,"thermal:tomato_seeds":1,"minecraft:bucket":57,"create:hand_crank":13,"storagedrawers:drawer_key":75,"chisel:andesite/road":7,"tconstruct:seared_glass":51}},"DataVersion":2586}