{"stats":{"minecraft:killed":{"farlanders:enderminion":1,"minecraft:zombie":2,"goblintraders:goblin_trader":2,"minecraft:zombified_piglin":10,"minecraft:spider":1,"mekanismadditions:baby_creeper":1,"minecraft:sheep":4,"minecraft:trader_llama":3,"farlanders:fanmade_enderman":1,"minecraft:skeleton":1,"minecraft:chicken":14,"rats:rat":1,"mekanismadditions:baby_skeleton":3,"supplementaries:firefly":1,"minecraft:wandering_trader":1,"rats:plague_cloud":3,"minecraft:pig":2,"minecraft:creeper":4,"minecraft:blaze":1,"minecraft:phantom":5,"farlanders:mystic_enderminion":1},"minecraft:killed_by":{"rats:plague_beast":4,"minecraft:player":1,"rats:plague_cloud":6},"minecraft:mined":{"minecraft:white_bed":7,"immersiveengineering:blastbrick":26,"cyclic:soundproofing":32,"chisel:planks/spruce/encased_large_planks":13,"chisel:factory/rustplates":7,"tconstruct:part_chest":2,"minecraft:oak_wall_sign":1,"minecraft:magma_block":1,"immersiveengineering:treated_post":5,"minecraft:barrel":6,"minecraft:fire":1,"pipez:fluid_pipe":27,"exnihilosequentia:sieve":36,"tconstruct:seared_melter":2,"tconstruct:seared_bricks_wall":1,"immersiveengineering:connector_lv":1,"mcwroofs:spruce_planks_lower_roof":4,"mob_grinding_utils:jumbo_tank":7,"immersiveengineering:metal_press":1,"minecraft:tripwire":1,"create:cogwheel":2,"immersiveengineering:reinforced_crate":3,"woot:anvil":1,"minecraft:kelp_plant":7,"storagedrawers:controller":1,"framedblocks:framed_corner_slope":4,"minecraft:torch":383,"mcwfences:spruce_highley_gate":1,"minecraft:spruce_wall_sign":2,"excompressum:oak_heavy_sieve":16,"minecraft:sugar_cane":81,"cookingforblockheads:spice_rack":1,"create:basin":1,"chisel:planks/spruce/braid":8,"create:portable_storage_interface":2,"tconstruct:seared_faucet":7,"chipped:mechanist_workbench":1,"minecraft:grass":787,"immersiveengineering:conveyor_basic":2,"create:linear_chassis":9,"minecraft:end_stone":4,"quark:cobbled_deepslate":31,"connectedglass:clear_glass":46,"connectedglass:tinted_borderless_glass":1,"minecraft:redstone_wire":32,"create:encased_fan":3,"exnihilosequentia:barrel_stone":57,"tconstruct:cast_chest":1,"excompressum:auto_hammer":7,"create:shaft":49,"mcwfences:spruce_stockade_fence":6,"minecraft:andesite":7,"create:deployer":12,"minecraft:oak_slab":544,"minecraft:redstone_block":2,"ironfurnaces:silver_furnace":7,"minecraft:soul_sand":1,"quark:oak_chest":21,"minecraft:dandelion":12,"chisel:glowstone/twisted":9,"minecraft:tall_grass":171,"create:mechanical_saw":4,"exnihilosequentia:crushed_netherrack":1,"create:mechanical_drill":4,"create:diorite_cobblestone":8,"minecraft:gravel":14,"minecraft:stone_bricks":8,"minecraft:fern":3,"minecraft:oak_sapling":1,"connectedglass:borderless_glass":26,"tconstruct:seared_bricks":21,"minecraft:spruce_trapdoor":1,"thermal:device_rock_gen":2,"botanypots:botany_pot":2,"mob_grinding_utils:absorption_hopper":4,"chisel:cobblestone/dent":28,"tconstruct:seared_table":15,"compressium:netherrack_1":14,"create:gantry_shaft":31,"cyclic:flower_cyan":30,"supplementaries:stick":8,"mcwfences:modern_stone_brick_wall":5,"minecraft:spruce_slab":9,"create:radial_chassis":4,"tconstruct:tinkers_anvil":2,"create:gabbro_cobblestone":25,"minecraft:oak_planks":303,"minecraft:wall_torch":4,"minecraft:cauldron":1,"exnihilosequentia:crucible_wood":5,"chipped:lantern_1":8,"minecraft:oak_log":556,"minecraft:beetroots":2,"minecraft:dirt":116,"framedblocks:framed_slab":6,"chipped:special_lantern_1":1,"immersiveengineering:blast_furnace":1,"minecraft:lever":1,"create:granite_cobblestone_slab":1,"create:depot":1,"minecraft:spruce_leaves":5489,"chipped:lantern_4":2,"chisel:andesite/french_1":58,"compressium:endstone_1":6,"darkutils:vector_plate":3,"mekanism:basic_fluid_tank":12,"chisel:cobblestone/french_1":4,"exnihilosequentia:crucible_fired":4,"chisel:planks/spruce/vertical_planks":9,"immersiveengineering:craftingtable":3,"chipped:special_lantern_4":1,"architects_palette:sunmetal_block":12,"chisel:andesite/encased_bricks":6,"minecraft:basalt":12,"pipez:item_pipe":105,"amb:cobblestone_button":2,"minecraft:oak_fence":381,"tconstruct:seared_basin":8,"chisel:cobblestone/extra/marker":75,"minecraft:stone_slab":18,"immersiveengineering:capacitor_lv":9,"cookingforblockheads:sink":19,"chunknogobyebye:loader":1,"chisel:andesite/weaver":4,"minecraft:grass_path":2,"elevatorid:elevator_white":3,"immersiveengineering:steel_scaffolding_standard":1,"exnihilosequentia:barrel_wood":85,"create:mechanical_crafter":13,"create:andesite_encased_shaft":14,"chisel:planks/spruce/braced_planks":1,"create:andesite_casing":16,"minecraft:obsidian":10,"create:powered_toggle_latch":6,"create:redstone_contact":9,"minecraft:stone_brick_wall":1,"chisel:stone_bricks/dent":277,"minecraft:coal_block":3,"create:belt":9,"minecraft:hopper":1,"rats:block_of_cheese":1,"compressium:soulsand_1":2,"cyclic:disenchanter":1,"chisel:stone_bricks/extra/poison":3,"minecraft:oak_sign":1,"minecraft:oak_stairs":8,"create:gearshift":1,"minecraft:iron_block":5,"create:limestone":3,"cyclic:hopper":12,"tconstruct:part_builder":4,"chisel:glowstone/extra/bismuth":1,"chisel:planks/spruce/encased_planks":1221,"createaddition:furnace_burner":3,"endergetic:poise_beehive":3,"ironfurnaces:copper_furnace":2,"minecraft:blast_furnace":7,"minecraft:glass":51,"minecraft:spruce_sign":1,"compressium:sand_1":291,"create:flywheel":9,"storagedrawers:oak_full_drawers_1":112,"create:hand_crank":4,"minecraft:stonecutter":3,"creategearaddon:large_oak_cogwheel":12,"minecraft:piston":2,"create:millstone":7,"framedcompactdrawers:framed_full_one":8,"chisel:andesite/mosaic":10,"engineersdecor:dense_grit_sand_block":3,"metalbarrels:silver_barrel":2,"thermal:flax":3,"minecraft:kelp":25,"minecraft:potatoes":8,"create:chute":3,"excompressum:auto_sieve":10,"integrateddynamics:drying_basin":1,"chipped:lantern_3":2,"supplementaries:wall_lantern":6,"minecraft:smithing_table":2,"mob_grinding_utils:saw":2,"architects_palette:sunmetal_pillar":4,"minecraft:stone_brick_slab":71,"chisel:cobblestone/twisted":9,"create:granite_cobblestone":222,"minecraft:spruce_button":7,"chisel:diorite/encased_bricks":6,"create:water_wheel":5,"create:redstone_link":17,"tconstruct:smeltery_controller":2,"mcwfences:spruce_horse_fence":150,"create:gearbox":38,"minecraft:spruce_log":4435,"decorative_blocks:oak_palisade":6,"create:mechanical_bearing":1,"minecraft:mycelium":21,"minecraft:spruce_planks":79,"tconstruct:tinker_station":3,"chisel:planks/spruce/crude_horizontal_planks":16,"minecraft:grass_block":9,"mcwroofs:spruce_planks_upper_lower_roof":3,"immersiveengineering:toolbox_block":3,"framedblocks:framed_fence":1,"framedblocks:framed_slope":6,"compressium:gravel_1":543,"thermal:tomato":1,"tconstruct:seared_fuel_tank":2,"creategearaddon:oak_cogwheel":41,"entangled:block":11,"chipped:special_lantern_3":2,"minecraft:blackstone":96,"minecraft:clay":92,"minecraft:poppy":34,"chisel:factory/metalbox":3,"thermal:peanut":1,"mob_grinding_utils:tank":12,"minecraft:cobblestone":287,"excompressum:auto_compressed_hammer":1,"rats:trash_can":1,"chipped:special_lantern_2":1,"create:furnace_engine":3,"immersiveengineering:alloybrick":1,"chisel:factory/goldplate":62,"chisel:cobblestone/mosaic":4,"minecraft:sand":43,"tconstruct:crafting_station":23,"minecraft:netherrack":8,"minecraft:oak_leaves":764,"minecraft:redstone_lamp":1,"trashcans:item_trash_can":1,"engineersdecor:treated_wood_ladder":1,"create:large_cogwheel":9,"chipped:lantern_2":1,"create:adjustable_repeater":2,"chisel:factory/wireframe":7,"minecraft:large_fern":1,"createaddition:rolling_mill":16,"minecraft:oak_trapdoor":2,"minecraft:spruce_sapling":50,"minecraft:furnace":6,"minecraft:carrots":1369,"immersiveengineering:treated_wood_horizontal":4,"create:windmill_bearing":1,"minecraft:bell":2,"minecraft:lantern":1,"tconstruct:seared_glass":9,"minecraft:stone":18,"create:adjustable_pulse_repeater":10,"minecraft:podzol":44,"chisel:andesite/road":7,"exnihilosequentia:dust":13,"minecraft:spruce_door":2,"minecraft:crafting_table":5,"minecraft:blackstone_slab":6,"chisel:glowstone/extra/tiles_large_bismuth":1,"chisel:cobblestone/weaver":203,"chipped:lantern_6":1,"minecraft:cactus":12,"immersiveengineering:connector_lv_relay":17,"compressium:cobblestone_1":1225,"minecraft:beehive":6,"quark:spruce_chest":214},"minecraft:dropped":{"minecraft:iron_sword":40,"minecraft:lapis_lazuli":157,"minecraft:diamond":2,"thermal:corn_seeds":2,"create:andesite_cobblestone":301,"minecraft:emerald":15,"create:diorite_cobblestone":16,"iceandfire:amythest_gem":9,"thermal:flux_magnet":1,"minecraft:netherite_sword":1,"minecraft:rotten_flesh":22,"minecraft:oak_planks":2,"ragnamod_6_sky:piece_copper":19,"minecraft:glass":20,"excompressum:compressed_hammer_stone":1,"minecraft:golden_boots":2,"pipez:basic_upgrade":2,"cyclic:flower_cyan":4,"chisel:cobblestone/dent":475,"ragnamod_6_sky:piece_aluminum":1043,"farlanders:mystic_wand_regen":4,"minecraft:clay_ball":100,"farlanders:mystic_wand_fire_small":2,"mcwfences:spruce_horse_fence":30,"pipez:item_pipe":19,"minecraft:spruce_planks":1,"minecraft:stone_bricks":192,"ragnamod_6_sky:gabbro_pebble":389,"creategearaddon:large_oak_cogwheel":1,"mob_grinding_utils:saw":1,"constructionwand:diamond_wand":2,"powah:uraninite":3,"creategearaddon:oak_cogwheel":12,"exnihilosequentia:mesh_diamond":1,"thermal:constantan_ingot":54,"exnihilosequentia:crucible_fired":1,"mekanismtools:netherite_paxel":1,"minecraft:gold_ingot":51,"ragnamod_6_sky:piece_silver":9,"compressium:gravel_1":3,"ragnamod_6_sky:deepslate_pebble":2,"chisel:stone_bricks/dent":128,"quark:clear_shard":13,"chisel:glowstone/twisted":72,"tconstruct:crafting_station":2,"minecraft:kelp":6,"pipez:fluid_pipe":18,"ragnamod_6_sky:chunk_iron":19,"minecraft:andesite":35,"minecraft:golden_leggings":1,"minecraft:spruce_log":60,"minecraft:clay":43,"ragnamod_6_sky:granite_pebble":51,"thermal:flax_seeds":1,"exnihilosequentia:mesh_flint":1,"minecraft:bone_meal":115,"create:goggles":1,"minecraft:sugar_cane":1,"minecraft:golden_chestplate":1,"ragnamod_6_sky:basalt_pebble":64,"compressium:clay_1":2,"create:wrench":4,"ragnamod_6_sky:piece_lead":18,"minecraft:egg":7,"minecraft:iron_ingot":105,"chisel:diamond_chisel":1,"minecraft:cobblestone":130,"createaddition:iron_wire":1,"quark:spruce_chest":12,"enigmaticlegacy:magnet_ring":1,"minecraft:coal":1459,"create:andesite_casing":55,"thermal:lead_ingot":7,"minecraft:iron_shovel":2,"minecraft:spruce_sapling":36,"ragnamod_6_sky:andesite_pebble":1,"minecraft:stone":3,"mekanism:ingot_steel":254,"exnihilosequentia:mesh_string":17,"minecraft:spruce_sign":14,"ragnamod_6_sky:diorite_pebble":53,"create:granite_cobblestone":11,"mob_grinding_utils:jumbo_tank":2,"forbidden_arcanus:rune":4,"pamhc2foodextended:carrotjuiceitem":192,"create:large_cogwheel":2,"minecraft:gravel":193,"exnihilosequentia:mesh_iron":1,"minecraft:gunpowder":1,"ragnamod_6_sky:cobble_pebble":59,"create:brass_ingot":104,"minecraft:water_bucket":1,"excompressum:compressed_dust":2,"minecraft:stick":57,"minecraft:torch":191,"ragnamod_6_sky:chunk_copper":4,"chisel:planks/spruce/encased_planks":18,"minecraft:bucket":5,"minecraft:redstone":67,"create:shaft":3,"thermal:iron_plate":3,"amb:cobblestone_button":1,"storagedrawers:drawer_key":2,"minecraft:golden_sword":1},"minecraft:picked_up":{"compressium:soulsand_1":2,"minecraft:lead":7,"minecraft:smithing_table":2,"minecraft:stone_slab":25,"immersiveengineering:blastbrick":27,"minecraft:string":1026,"tconstruct:smeltery_controller":2,"create:limestone":61,"endergetic:poise_beehive":9,"thermal:potion_cake":1,"woot:dye_die":1,"immersiveengineering:reinforced_crate":3,"tconstruct:ingot_cast":11,"create:powered_toggle_latch":6,"dropthemeat:cooked_villager":3,"ragnamod_6_sky:granite_pebble":1887,"pamhc2foodextended:theatreboxitem":15,"create:andesite_casing":52,"thermal:sadiroot_seeds":5,"chisel:stone_bricks/dent":578,"mob_grinding_utils:saw":3,"minecraft:golden_chestplate":1,"minecraft:cauldron":1,"mob_grinding_utils:rotten_egg":1,"thermal:apatite":991,"tconstruct:nether_grout":2,"create:gantry_shaft":47,"create:crafting_blueprint":11,"minecraft:blaze_rod":4,"immersiveengineering:plate_steel":44,"minecraft:iron_bars":3,"exnihilosequentia:ancient_spores":3,"minecraft:feather":38,"cyclic:shears_flint":1,"exnihilosequentia:doll_crafting":5,"minecraft:brown_wool":2,"xreliquary:nebulous_heart":4,"mcwfences:oak_picket_fence":1,"minecraft:flint":26,"trashcans:item_trash_can":1,"brazier:warped_nether_wart":102,"minecraft:lantern":1,"cyclic:flower_cyan":41,"create:gabbro":1,"framedblocks:framed_slope":7,"minecraft:stonecutter":4,"cyclic:soundproofing":80,"tconstruct:seared_table":15,"minecraft:diamond_helmet":1,"xreliquary:mob_charm_fragment":3,"exnihilosequentia:mesh_string":44,"create:gearshift":1,"patchouli:guide_book":6,"thermal:gold_plate":4,"astralsorcery:tome":1,"quark:cobbled_deepslate":14,"thermal:device_rock_gen":2,"cookingforblockheads:spice_rack":2,"architects_palette:sunmetal_pillar":12,"constructionwand:stone_wand":1,"minecraft:lever":3,"minecraft:granite":7,"tconstruct:cobalt_reinforcement":2,"minecraft:spruce_button":9,"mahoutsukai:guidebook":1,"immersiveengineering:conveyor_basic":3,"minecraft:diamond_pickaxe":1,"minecraft:crimson_roots":62,"minecraft:clay_ball":468,"minecraft:redstone_lamp":2,"mob_grinding_utils:absorption_hopper":4,"minecraft:leather_leggings":2,"pamhc2foodextended:scallionbakedpotatoitem":8,"tconstruct:tinkers_anvil":2,"compressium:dirt_1":1,"minecraft:iron_shovel":1,"darkutils:blank_plate":12,"ragnamod_6_sky:chunk_iron":20,"ragnamod_6_sky:basalt_pebble":2189,"pipez:advanced_upgrade":1,"quark:spruce_chest":303,"minecraft:netherite_sword":3,"thermal:niter":65,"minecraft:poppy":36,"minecraft:spruce_slab":9,"creategearaddon:oak_cogwheel":60,"minecraft:birch_sapling":16,"minecraft:piston":1,"minecraft:diamond_hoe":1,"ragnamod_6_sky:piece_tin":311,"minecraft:stone":30,"pipez:item_pipe":137,"eidolon:wooden_altar":6,"chisel:andesite/mosaic":10,"chipped:special_lantern_2":1,"minecraft:stone_shovel":1,"chisel:laboratory/fuzzscreen":128,"create:depot":1,"minecraft:blackstone_slab":9,"chisel:diorite/encased_bricks":6,"minecraft:paper":16,"tconstruct:seared_brick":162,"chipped:special_lantern_4":1,"minecraft:apple":50,"exnihilosequentia:seed_berry":18,"rats:chef_toque":2,"powah:uraninite":297,"farlanders:mystic_wand_fire_small":11,"compressium:clay_1":1,"chisel:factory/wireframe":7,"minecraft:leather_helmet":1,"create:millstone":8,"cookingforblockheads:sink":19,"exnihilosequentia:mesh_diamond":34,"immersiveengineering:seed":155,"ragnamod_6_sky:piece_pendorite":5,"create:portable_storage_interface":2,"chisel:cobblestone/extra/marker":66,"ragnamod_6_sky:piece_emeraldite":47,"minecraft:hopper":1,"ragnamod_6_sky:piece_tungsten":45,"enigmaticlegacy:magnet_ring":1,"constructionwand:diamond_wand":2,"metalbarrels:silver_barrel":2,"create:mechanical_crafter":13,"ragnamod_6_sky:blackstone_pebble":2075,"mekanismtools:netherite_paxel":2,"pamhc2foodextended:cinnamonbreaditem":8,"chisel:andesite/road":7,"minecraft:experience_bottle":139,"thermal:sulfur":88,"minecraft:bucket":9,"cyclic:disenchanter":2,"neapolitan:banana_bread":8,"exnihilosequentia:sieve":40,"xreliquary:zombie_heart":5,"create:dough":1,"ragnamod_6_sky:piece_zinc":2363,"chipped:lantern_1":14,"compressium:gravel_1":1,"iceandfire:rotten_egg":8,"minecraft:diorite":5,"chisel:factory/goldplate":142,"thermal:flax_seeds":23,"create:large_cogwheel":13,"ragnamod_6_sky:andesite_pebble":1807,"minecraft:rotten_flesh":69,"exnihilosequentia:crushed_netherrack":135,"mob_grinding_utils:saw_upgrade_looting":10,"create:adjustable_repeater":2,"minecraft:obsidian":1285,"minecraft:blaze_powder":40,"minecraft:cobblestone":2490,"chisel:andesite/french_1":68,"minecraft:andesite":37,"excompressum:compressed_ender_gravel":1,"minecraft:golden_leggings":1,"minecraft:potato":28,"create:belt_connector":10,"exnihilosequentia:porcelain_clay":22,"minecraft:dirt":257,"minecraft:glass":188,"chisel:cobblestone/twisted":9,"neapolitan:adzuki_bun":6,"minecraft:bone":9,"minecraft:wheat_seeds":154,"exnihilosequentia:seed_blue_coral":4,"engineersdecor:treated_wood_ladder":1,"exnihilosequentia:mesh_iron":14,"excompressum:compressed_dust":2,"eidolon:codex":1,"ragnamod_6_sky:chunk_silver":8,"chipped:lantern_4":2,"chipped:special_lantern_1":1,"chisel:andesite/encased_bricks":6,"decorative_blocks:oak_palisade":12,"mob_grinding_utils:jumbo_tank":9,"minecraft:bone_meal":884,"minecraft:emerald":1282,"minecraft:spruce_sign":69,"farlanders:mystic_wand_regen":4,"create:furnace_engine":13,"minecraft:netherrack":150,"minecraft:oak_leaves":796,"exnihilosequentia:seed_pink_coral":10,"exnihilosequentia:mesh_flint":28,"lavasponge:lavasponge":3,"minecraft:stone_brick_wall":1,"mcwfences:spruce_horse_fence":184,"minecraft:brick":94,"excompressum:auto_sieve":10,"exnihilosequentia:seed_carrot":9,"minecraft:oak_trapdoor":4,"mob_grinding_utils:saw_upgrade_sharpness":10,"immersiveengineering:capacitor_lv":9,"exnihilosequentia:dust":2487,"tconstruct:seared_glass":20,"iceandfire:amythest_gem":1376,"minecraft:blackstone":235,"chisel:planks/oak/encased_smooth":4,"thermal:flux_magnet":1,"mcwfences:modern_stone_brick_wall":11,"minecraft:end_stone":62,"framedblocks:framed_corner_slope":8,"immersiveengineering:mold_gear":1,"exnihilosequentia:seed_kelp":7,"pamhc2foodextended:bentoboxitem":24,"create:windmill_bearing":1,"create:hand_crank":11,"exnihilosequentia:barrel_wood":87,"ragnamod_6_sky:gabbro_pebble":2432,"create:deployer":12,"thermal:peanut_seeds":15,"minecraft:weeping_vines":57,"tconstruct:grout":272,"ragnamod_6_sky:piece_aluminum":4423,"minecraft:basalt":18,"minecraft:leather":80,"storagedrawers:upgrade_template":41,"minecraft:crimson_fungus":77,"chisel:diamond_chisel":2,"minecraft:gunpowder":976,"ragnamod_6_sky:chunk_copper":24,"farlanders:mystic_wand_invisible":2,"minecraft:cooked_mutton":17,"ragnamod_6_sky:piece_platinum":35,"byg:ametrine_gems":8,"minecraft:iron_ingot":190,"minecraft:cooked_chicken":25,"quark:tallow":4,"thermal:tomato_seeds":7,"mekanism:ingot_steel":252,"minecraft:warped_fungus":85,"chisel:factory/metalbox":3,"minecraft:stone_brick_slab":158,"minecraft:quartz":180,"minecraft:dandelion":14,"mekanismtools:diamond_paxel":1,"ragnamod_6_sky:piece_amber":22,"minecraft:spruce_door":3,"minecraft:pumpkin_seeds":18,"ragnamod_6_sky:piece_uranium":194,"ragnamod_6_sky:piece_nickel":188,"framedcompactdrawers:framed_full_one":44,"ironfurnaces:copper_furnace":2,"xreliquary:chelicerae":2,"mekanism:fluorite_gem":34,"minecraft:terracotta":13,"minecraft:seagrass":8,"engineersdecor:dense_grit_sand_block":3,"tconstruct:cast_chest":1,"chisel:cobblestone/mosaic":4,"minecraft:diamond_sword":3,"ragnamod_6_sky:piece_endumium":3,"minecraft:oak_stairs":8,"create:wrench":3,"create:limestone_cobblestone":6,"thermal:diamond_dust":1,"minecraft:golden_sword":4,"minecraft:soul_soil":1,"thermal:barley_seeds":9,"minecraft:beetroot":31,"create:water_wheel":5,"mysticalagriculture:inferium_essence":14,"minecraft:gold_nugget":31,"mob_grinding_utils:ender_inhibitor_off":1,"minecraft:spruce_planks":49,"exnihilosequentia:seed_yellow_coral":8,"ragnamod_6_sky:cobble_pebble":2016,"minecraft:coal_block":4,"minecraft:beehive":15,"chisel:planks/spruce/encased_large_planks":13,"create:adjustable_pulse_repeater":10,"minecraft:composter":1,"chisel:cobblestone/dent":461,"chisel:planks/spruce/encased_planks":1202,"tconstruct:seared_faucet":7,"exnihilosequentia:barrel_stone":65,"minecraft:black_dye":9,"storagedrawers:emerald_storage_upgrade":2,"quark:clear_shard":197,"pamhc2foodextended:poutineitem":1,"thermal:lead_ingot":7,"minecraft:iron_block":5,"mekanism:basic_fluid_tank":14,"thermal:radish_seeds":4,"thermal:slag":92,"dropthemeat:cooked_llama":9,"ragnamod_6_sky:piece_copper":1528,"cyclic:hopper":19,"entangled:block":11,"create:andesite_cobblestone":375,"neapolitan:chocolate_cake":1,"exnihilosequentia:seed_acacia":10,"minecraft:magma_block":1,"gildedingot:shroom_fruit":157,"ragnamod_6_sky:piece_gold":117,"pamhc2foodextended:carrotjuiceitem":128,"minecraft:twisting_vines":62,"exnihilosequentia:seed_oak":13,"thermal:sapphire":149,"pipez:fluid_pipe":77,"create:mechanical_drill":4,"ftbquests:book":2,"architects_palette:sunmetal_block":20,"forbidden_arcanus:rune":1143,"create:shaft":98,"minecraft:glowstone_dust":614,"exnihilosequentia:seed_jungle":12,"exnihilosequentia:seed_darkoak":7,"create:granite_cobblestone_slab":2,"mekanismtools:stone_paxel":2,"chisel:factory/hazard":64,"thermal:onion_seeds":8,"forbidden_arcanus:rune_bag":1,"minecraft:barrel":5,"exnihilosequentia:silkworm":417,"thermal:eggplant_seeds":8,"cyclic:apple_diamond":2,"chisel:glowstone/twisted":87,"minecraft:spruce_leaves":3381,"minecraft:crafting_table":9,"minecraft:nether_wart":94,"chisel:factory/rustplates":7,"immersiveengineering:manual":2,"ragnamod_6_sky:deepslate_pebble":2210,"minecraft:netherite_scrap":25,"farlanders:mystic_wand_teleport":1,"create:redstone_link":19,"create:blaze_cake_base":2,"minecraft:iron_nugget":6,"excompressum:auto_compressed_hammer":1,"minecraft:egg":287,"architects_palette:flint_block":6,"exnihilosequentia:seed_potato":5,"chisel:cobblestone/french_1":4,"minecraft:carrot":4841,"minecraft:redstone":703,"create:vertical_gearbox":21,"rats:block_of_cheese":2,"rftoolsbase:manual":2,"ragnamod_6_sky:piece_ender":29,"minecraft:beetroot_seeds":29,"minecraft:shears":1,"tconstruct:obsidian_pane":269,"storagedrawers:controller":1,"minecraft:gold_ingot":55,"tconstruct:part_chest":4,"minecraft:white_wool":36,"tconstruct:seared_fuel_tank":2,"mob_grinding_utils:tank":13,"minecraft:oak_log":750,"minecraft:golden_boots":1,"astralsorcery:aquamarine":269,"framedblocks:framed_slab":18,"chisel:cobblestone/weaver":263,"pamhc2foodextended:friedfeastitem":7,"createaddition:furnace_burner":2,"rats:plague_leech":32,"pipez:basic_upgrade":6,"minecraft:stone_bricks":264,"tconstruct:seared_heater":2,"chisel:futura/controller":64,"mcwfences:spruce_highley_gate":1,"minecraft:kelp":96,"minecraft:cobweb":128,"ironfurnaces:augment_speed":5,"xreliquary:molten_core":2,"minecraft:glass_bottle":64,"minecraft:iron_sword":40,"create:mechanical_saw":4,"elevatorid:elevator_white":3,"thermal:strawberry_seeds":7,"minecraft:gravel":11148,"exnihilosequentia:crushed_end_stone":58,"xreliquary:catalyzing_gland":3,"minecraft:spruce_sapling":421,"minecraft:spruce_log":4745,"tconstruct:iron_reinforcement":43,"create:gearbox":18,"immersiveengineering:wirecoil_copper":16,"compressium:cobblestone_1":4,"tconstruct:seared_melter":4,"minecraft:warped_roots":70,"thermal:amaranth_seeds":2,"minecraft:melon_seeds":11,"rats:cauldron_milk":1,"minecraft:ender_pearl":85,"minecraft:wheat":5,"rats:trash_can":2,"minecraft:redstone_block":2,"ragnamod_6_sky:piece_soulium":82,"immersiveengineering:craftingtable":3,"minecraft:nether_brick":38,"chisel:planks/spruce/crude_horizontal_planks":16,"connectedglass:borderless_glass":13,"mcwroofs:spruce_planks_upper_lower_roof":3,"minecraft:oak_sign":4,"thermal:iron_plate":45,"exnihilosequentia:seed_fern":8,"excompressum:compressed_hammer_stone":1,"chisel:planks/spruce/braid":8,"thermal:spinach_seeds":8,"pipez:improved_upgrade":1,"minecraft:furnace":11,"exnihilosequentia:hammer_stone":2,"minecraft:stick":520,"ragnamod_6_sky:diorite_pebble":2191,"exnihilosequentia:seed_bamboo":9,"neapolitan:vanilla_fudge":16,"amb:cobblestone_button":2,"minecraft:oak_fence":547,"minecraft:torch":727,"minecraft:dried_kelp":2,"create:redstone_contact":9,"immersiveengineering:alloybrick":1,"chipped:lantern_2":1,"exnihilosequentia:crucible_fired":6,"chipped:lantern_6":1,"minecraft:cactus":52,"thermal:corn_seeds":11,"ragnamod_6_sky:piece_iron":2156,"tconstruct:seared_bricks":24,"compressium:sand_1":50,"mcwroofs:spruce_planks_lower_roof":4,"immersiveengineering:toolbox":4,"connectedglass:tinted_borderless_glass":2,"storagedrawers:drawer_key":4,"supplementaries:flax_seeds":12,"create:gabbro_cobblestone":45,"immersiveengineering:connector_lv_relay":24,"minecraft:lapis_lazuli":3830,"chisel:planks/spruce/vertical_planks":9,"exnihilosequentia:seed_spruce":13,"jellyfishing:jellyfish_jelly":2,"minecraft:leather_boots":2,"minecraft:bell":6,"exnihilosequentia:grass_seeds":3,"create:flywheel":12,"minecraft:oak_planks":278,"minecraft:stone_hoe":2,"create:radial_chassis":4,"minecraft:ghast_tear":99,"chipped:lantern_3":2,"thermal:bell_pepper_seeds":7,"immersiveengineering:creosote_bucket":1,"minecraft:cooked_porkchop":18,"exnihilosequentia:crucible_wood":6,"create:cogwheel":2,"minecraft:sand":4966,"tconstruct:seared_bricks_wall":1,"woot:anvil":1,"forbidden_arcanus:ender_pearl_fragment":44,"exnihilosequentia:seed_large_fern":3,"minecraft:clay":287,"minecraft:diamond":393,"ragnamod_6_sky:piece_silver":2212,"tconstruct:seared_basin":8,"darkutils:vector_plate":14,"exnihilosequentia:seed_cactus":14,"kubejs:brass_plate":28,"botanypots:botany_pot":2,"minecraft:oak_sapling":177,"minecraft:charcoal":137,"exnihilosequentia:crook_stone":3,"tconstruct:crafting_station":40,"minecraft:chicken":2,"thermal:cinnabar":792,"chunknogobyebye:loader":1,"createaddition:rolling_mill":17,"ragnamod_6_sky:piece_cobalt":56,"tconstruct:nugget_cast":2,"exnihilosequentia:seed_birch":15,"minecraft:wooden_sword":4,"create:chute":3,"framedblocks:framed_cube":2,"mcwfences:spruce_stockade_fence":9,"create:basin":1,"upgradednetherite:netherite_bow":1,"minecraft:sugar_cane":266,"create:linear_chassis":12,"minecraft:spruce_trapdoor":1,"minecraft:phantom_membrane":13,"minecraft:orange_dye":2,"pamhc2foodextended:tacoitem":7,"minecraft:gray_dye":3,"chipped:special_lantern_3":2,"framedblocks:framed_fence":4,"minecraft:arrow":18,"chisel:planks/spruce/braced_planks":2,"immersiveengineering:treated_post":5,"ironfurnaces:silver_furnace":6,"excompressum:oak_heavy_sieve":17,"tconstruct:tinker_station":4,"chisel:stone_bricks/extra/poison":14,"ragnamod_6_sky:piece_osmium":1447,"immersiveengineering:connector_lv":4,"integrateddynamics:drying_basin":2,"creategearaddon:large_oak_cogwheel":15,"tconstruct:part_builder":4,"chipped:mechanist_workbench":1,"farlanders:mystic_wand_ore":3,"create:andesite_alloy":195,"exnihilosequentia:mesh_emerald":10,"immersiveengineering:treated_wood_horizontal":4,"supplementaries:wrench":1,"chisel:andesite/weaver":4,"rats:rat_flute":3,"storagedrawers:oak_full_drawers_1":112,"minecraft:acacia_sapling":4,"minecraft:soul_sand":92,"exnihilosequentia:seed_purple_coral":10,"sophisticatedbackpacks:diamond_backpack":1,"minecraft:book":1,"minecraft:oak_slab":683,"create:mechanical_bearing":1,"create:diorite_cobblestone":63,"thermal:copper_ingot":65,"create:granite_cobblestone":55,"thermal:constantan_ingot":56,"minecraft:blast_furnace":7,"minecraft:white_bed":7,"thermal:green_bean_seeds":7,"quark:oak_chest":33,"minecraft:spider_eye":15,"thermal:rice_seeds":14,"create:brass_ingot":76,"create:encased_fan":3,"ragnamod_6_sky:piece_lead":1631,"tconstruct:pattern":80,"thermal:ruby":146,"minecraft:black_wool":4,"exnihilosequentia:seed_red_coral":10,"excompressum:auto_hammer":7,"minecraft:coal":5052},"minecraft:crafted":{"pipez:basic_upgrade":4,"woot:si_dust":4,"tconstruct:fantastic_foundry":1,"ironfurnaces:iron_furnace":3,"minecraft:diamond_shovel":1,"minecraft:nether_brick":0,"ironfurnaces:diamond_furnace":1,"minecraft:granite":0,"connectedglass:tinted_glass":5,"sophisticatedbackpacks:smelting_upgrade":1,"create:andesite_funnel":8,"minecraft:diamond_helmet":1,"tconstruct:pickaxe_head":1,"create:cogwheel":1,"metalbarrels:iron_barrel":1,"entangled:item":1,"storagedrawers:oak_full_drawers_1":1,"minecraft:music_disc_blocks":1,"ironfurnaces:augment_speed":1,"create:clutch":2,"thermal:redstone_servo":1,"rats:assorted_vegetables":1,"minecraft:stone_slab":6,"quark:oak_chest":5,"minecraft:iron_pickaxe":2,"minecraft:sandstone":1,"immersiveengineering:heavy_engineering":4,"minecraft:netherite_ingot":8,"sophisticatedbackpacks:netherite_backpack":1,"mob_grinding_utils:ender_inhibitor_on":1,"tconstruct:part_builder":1,"create:wrench":2,"minecraft:iron_nugget":34,"akashictome:tome":13,"excompressum:auto_heavy_sieve":1,"tconstruct:seared_basin":1,"chipped:lantern_4":1,"ironfurnaces:emerald_furnace":1,"minecraft:terracotta":0,"minecraft:basalt":1,"immersiveengineering:capacitor_lv":1,"immersiveengineering:coil_lv":4,"minecraft:stone_pickaxe":1,"create:belt_connector":1,"thermal:flux_magnet":1,"constructionwand:diamond_wand":1,"excompressum:compressed_hammer_stone":1,"tconstruct:nether_grout":2,"immersiveengineering:rs_engineering":4,"minecraft:enchanting_table":2,"create:goggles":1,"create:redstone_contact":4,"woot:hammer":1,"minecraft:lily_pad":10,"sophisticatedbackpacks:gold_backpack":2,"immersiveengineering:blueprint":2,"minecraft:orange_dye":25,"entangled:block":2,"tconstruct:seared_heater":2,"mcwfences:spruce_horse_fence":3,"woot:anvil":1,"create:shaft":64,"thermal:device_rock_gen":1,"tconstruct:grout":8,"immersiveengineering:connector_lv_relay":32,"tconstruct:mattock":9,"pipez:ultimate_upgrade":1,"exnihilosequentia:mesh_iron":6,"metalbarrels:silver_barrel":1,"jellyfishing:jellyfish_net":1,"mekanismtools:diamond_paxel":2,"mekanismtools:refined_obsidian_sword":1,"mekanismtools:iron_paxel":1,"minecraft:barrel":4,"tconstruct:puny_smelting":1,"minecraft:stone":9,"mob_grinding_utils:tank":5,"create:mechanical_bearing":1,"immersiveengineering:sheetmetal_iron":8,"pipez:fluid_pipe":16,"cyclic:disenchanter":1,"minecraft:comparator":4,"tconstruct:materials_and_you":1,"tconstruct:seared_brick":0,"tconstruct:seared_fuel_tank":1,"immersiveengineering:treated_wood_horizontal":8,"mob_grinding_utils:absorption_hopper":2,"minecraft:ender_eye":1,"create:brass_hand":2,"minecraft:dropper":12,"create:turntable":1,"create:depot":1,"mekanismtools:netherite_paxel":1,"minecraft:iron_helmet":3,"mcwfences:spruce_pyramid_gate":7,"create:gearshift":2,"mcwfences:modern_stone_brick_wall":6,"sophisticatedbackpacks:upgrade_base":3,"minecraft:tnt":1,"minecraft:totem_of_undying":1,"create:water_wheel":3,"minecraft:purple_dye":2,"create:portable_storage_interface":2,"sophisticatedbackpacks:diamond_backpack":1,"minecraft:stick":128,"minecraft:iron_ingot":64,"create:brass_casing":4,"exnihilosequentia:mesh_diamond":7,"darkutils:blank_plate":48,"create:chute":4,"jellyfishing:jellyfish":3,"minecraft:netherite_sword":1,"minecraft:spruce_button":8,"darkutils:book_galactic":3,"minecraft:furnace":9,"minecraft:blast_furnace":1,"minecraft:piston":1,"immersiveengineering:waterwheel_segment":40,"storagedrawers:spruce_full_drawers_1":1,"chipped:lantern_3":2,"create:gantry_carriage":2,"minecraft:magma_cream":5,"compressium:gravel_1":1,"create:andesite_alloy":2,"elevatorid:elevator_white":1,"mob_grinding_utils:saw_upgrade_sharpness":1,"resourcefulbees:bellow":1,"ironfurnaces:copper_furnace":2,"create:linear_chassis":30,"tconstruct:seared_faucet":2,"minecraft:stonecutter":1,"create:mechanical_drill":1,"minecraft:andesite":91,"cookingforblockheads:sink":1,"rats:rat_cage":16,"thermal:rf_coil":1,"immersiveengineering:craftingtable":1,"create:pulse_repeater":1,"pipez:improved_upgrade":3,"pipez:item_pipe":16,"sophisticatedbackpacks:crafting_upgrade":1,"immersiveengineering:workbench":1,"tconstruct:seared_melter":1,"create:vertical_gearbox":2,"minecraft:glass":31,"resourcefulbees:smoker_can":1,"chisel:diamond_chisel":1,"exnihilosequentia:mesh_flint":2,"immersiveengineering:slab_treated_wood_horizontal":6,"tconstruct:tool_handle":2,"minecraft:clock":1,"minecraft:campfire":1,"create:gabbro":0,"create:gearbox":10,"create:encased_fan":1,"tconstruct:encyclopedia":1,"ragnamod_6_sky:chunk_iron":2,"kubejs:loading_pearl":1,"constructionwand:stone_wand":1,"excompressum:oak_heavy_sieve":4,"minecraft:gold_ingot":0,"storagedrawers:drawer_key":1,"metalbarrels:copper_barrel":1,"storagedrawers:upgrade_template":4,"minecraft:stone_shovel":1,"exnihilosequentia:crucible_fired":1,"thermal:copper_ingot":17,"enigmaticlegacy:iron_ring":1,"storagedrawers:emerald_storage_upgrade":1,"tconstruct:tinker_station":1,"thermal:silver_ingot":17,"minecraft:spruce_slab":1,"immersiveengineering:dynamo":4,"immersiveengineering:treated_fence":15,"minecraft:redstone_block":13,"quark:spruce_chest":26,"framedblocks:framed_fence":3,"exnihilosequentia:sieve":21,"mcwroofs:spruce_planks_upper_lower_roof":18,"tconstruct:part_chest":1,"minecraft:dried_kelp":0,"mapperbase:ferrite":1,"mob_grinding_utils:saw":1,"resourcefulbees:smoker":1,"minecraft:cobblestone":9,"minecraft:flint":8,"sophisticatedbackpacks:stonecutter_upgrade":1,"minecraft:white_bed":1,"enigmaticlegacy:magnet_ring":1,"minecraft:brick":0,"minecraft:oak_planks":76,"create:adjustable_repeater":1,"mekanism:block_steel":2,"excompressum:auto_compressed_hammer":1,"createaddition:rolling_mill":1,"create:andesite_casing":88,"create:mechanical_harvester":12,"immersiveengineering:steel_scaffolding_standard":6,"minecraft:hopper":3,"mcwroofs:spruce_planks_top_roof":8,"rats:plague_tome":1,"ironfurnaces:silver_furnace":1,"tconstruct:small_axe_head":1,"exnihilosequentia:barrel_wood":3,"sophisticatedbackpacks:backpack":3,"exnihilosequentia:mesh_emerald":5,"minecraft:crafting_table":4,"minecraft:spruce_planks":135,"cookingforblockheads:counter":1,"immersiveengineering:connector_lv":16,"mekanismtools:stone_paxel":1,"minecraft:diorite":0,"minecraft:diamond_pickaxe":1,"minecraft:paper":18,"minecraft:charcoal":53,"create:super_glue":1,"immersiveengineering:stick_treated":8,"minecraft:redstone_torch":21,"tconstruct:seared_fuel_gauge":1,"pipez:advanced_upgrade":3,"tconstruct:pattern":6,"ironfurnaces:gold_furnace":1,"mcwfences:spruce_stockade_fence":3,"storagedrawers:controller":2,"minecraft:iron_axe":1,"immersiveengineering:wirecutter":1,"tconstruct:seared_table":1,"thermal:constantan_ingot":9,"trashcans:item_trash_can":1,"exnihilosequentia:hammer_stone":5,"sophisticatedbackpacks:iron_backpack":2,"chisel:factory/dots":32,"create:granite_cobblestone_stairs":4,"minecraft:bone_block":6,"mcwroofs:spruce_planks_lower_roof":12,"minecraft:diamond_sword":1,"framedcompactdrawers:framed_full_one":10,"immersiveengineering:watermill":6,"integrateddynamics:drying_basin":1,"create:powered_toggle_latch":1,"excompressum:auto_hammer":1,"minecraft:bucket":4,"minecraft:stone_axe":1,"minecraft:music_disc_chirp":1,"minecraft:air":17428,"minecraft:blue_dye":1,"framedblocks:framed_cube":12,"tconstruct:crafting_station":3,"compressium:cobblestone_1":1,"chipped:mechanist_workbench":1,"mob_grinding_utils:jumbo_tank":1,"mob_grinding_utils:saw_upgrade_beheading":2,"chipped:lantern_1":1},"minecraft:broken":{"constructionwand:diamond_wand":1,"minecraft:shears":18,"farlanders:mystic_wand_fire_small":1,"minecraft:golden_boots":1,"mekanismtools:stone_paxel":1,"cyclic:shears_flint":1,"constructionwand:stone_wand":3,"chisel:diamond_chisel":2,"mekanismtools:iron_paxel":2,"create:red_sand_paper":1,"mekanismtools:diamond_paxel":2,"excompressum:compressed_hammer_stone":7,"create:sand_paper":1},"minecraft:custom":{"minecraft:interact_with_crafting_table":25,"minecraft:deaths":19,"minecraft:jump":28883,"minecraft:horse_one_cm":494,"minecraft:inspect_hopper":9,"minecraft:time_since_rest":82,"minecraft:swim_one_cm":16640,"minecraft:open_chest":5968,"minecraft:talked_to_villager":47,"minecraft:damage_taken":14026,"minecraft:open_barrel":33,"goblintraders:trade_with_goblin":2,"minecraft:bell_ring":2,"minecraft:eat_cake_slice":25,"minecraft:leave_game":13,"minecraft:time_since_death":6540,"minecraft:interact_with_furnace":349,"minecraft:traded_with_villager":19,"minecraft:sleep_in_bed":46,"minecraft:damage_dealt":9337,"minecraft:interact_with_smithing_table":20,"minecraft:sneak_time":201345,"minecraft:interact_with_blast_furnace":87,"minecraft:interact_with_stonecutter":15,"minecraft:use_wand":2637,"minecraft:fly_one_cm":7866685,"minecraft:fall_one_cm":358773,"minecraft:sprint_one_cm":5652347,"minecraft:drop":402,"minecraft:walk_on_water_one_cm":50671,"minecraft:play_one_minute":2709034,"minecraft:crouch_one_cm":644874,"minecraft:mob_kills":66,"minecraft:climb_one_cm":2414,"minecraft:walk_one_cm":4818076,"minecraft:walk_under_water_one_cm":37695},"minecraft:used":{"chipped:lantern_1":252,"create:deployer":22,"chipped:lantern_3":2,"trashcans:item_trash_can":2,"minecraft:stone":18,"immersiveengineering:reinforced_crate":4,"minecraft:soul_sand":1,"chisel:cobblestone/twisted":9,"immersiveengineering:treated_wood_horizontal":4,"chisel:stone_bricks/extra/poison":3,"amb:cobblestone_button":2,"immersiveengineering:rs_engineering":1,"minecraft:lava_bucket":23,"pamhc2foodextended:holidaycakeitem":8,"immersiveengineering:connector_lv_relay":40,"exnihilosequentia:seed_kelp":4,"tconstruct:tinkers_anvil":3,"create:shaft":93,"minecraft:oak_sapling":39,"metalbarrels:silver_barrel":2,"immersiveengineering:toolbox":4,"compressium:cobblestone_1":1226,"minecraft:blackstone":97,"create:adjustable_repeater":2,"minecraft:clay":92,"minecraft:blast_furnace":9,"mob_grinding_utils:tank":14,"exnihilosequentia:crucible_wood":4,"darkutils:vector_plate":26,"create:powered_toggle_latch":7,"minecraft:diamond_sword":85,"minecraft:coal_block":3,"framedcompactdrawers:framed_full_one":151,"minecraft:smithing_table":3,"excompressum:auto_sieve":16,"minecraft:oak_trapdoor":3,"ironfurnaces:copper_furnace":2,"chisel:stone_bricks/dent":371,"minecraft:torch":542,"tconstruct:seared_drain":2,"cookingforblockheads:counter":1,"immersiveengineering:workbench":1,"minecraft:iron_block":5,"minecraft:barrel":12,"pamhc2foodextended:carrotjuiceitem":156,"tconstruct:cast_chest":2,"constructionwand:diamond_wand":238,"create:belt_connector":22,"mob_grinding_utils:solid_xp_baby":5,"exnihilosequentia:seed_large_fern":1,"pamhc2foodcore:applejuiceitem":4,"minecraft:white_bed":8,"minecraft:spruce_log":229,"minecraft:diamond_pickaxe":148,"tconstruct:part_chest":2,"minecraft:spruce_pressure_plate":3,"exnihilosequentia:crucible_fired":9,"mob_grinding_utils:absorption_hopper":6,"minecraft:spruce_trapdoor":1,"minecraft:spruce_sapling":257,"exnihilosequentia:seed_sugarcane":2,"chisel:factory/wireframe":7,"quark:oak_chest":14,"mcwfences:spruce_stockade_fence":6,"create:redstone_link":31,"compressium:soulsand_1":2,"pamhc2foodextended:friedfeastitem":7,"create:portable_storage_interface":8,"mekanism:basic_fluid_tank":12,"create:cogwheel":3,"engineersdecor:dense_grit_sand_block":3,"immersiveengineering:connector_lv":19,"immersiveengineering:cokebrick":54,"minecraft:beehive":1,"mekanismtools:diamond_paxel":7180,"minecraft:obsidian":14,"immersiveengineering:watermill":12,"minecraft:lantern":1,"pipez:item_pipe":168,"create:mechanical_drill":5,"minecraft:skeleton_skull":6,"tconstruct:smeltery_controller":3,"resourcefulbees:bee_jar":1,"minecraft:oak_planks":248,"minecraft:sandstone":2,"minecraft:sugar_cane":6,"create:mechanical_saw":8,"thermal:flux_magnet":5,"minecraft:end_stone":4,"creategearaddon:large_oak_cogwheel":13,"tconstruct:seared_bricks_wall":25,"thermal:flax_seeds":3,"mob_grinding_utils:saw":3,"minecraft:lever":9,"neapolitan:banana_cake":1,"create:andesite_casing":15,"mcwroofs:spruce_planks_lower_roof":16,"chisel:andesite/french_1":406,"immersiveengineering:wirecoil_copper":106,"create:vertical_gearbox":31,"minecraft:bone_meal":310,"create:large_cogwheel":15,"cookingforblockheads:sink":21,"chisel:diorite/encased_bricks":6,"storagedrawers:oak_full_drawers_1":112,"minecraft:netherite_sword":39,"mcwroofs:spruce_planks_top_roof":6,"mob_grinding_utils:jumbo_tank":10,"minecraft:flint_and_steel":1,"minecraft:redstone":36,"thermal:device_rock_gen":9,"excompressum:oak_heavy_sieve":19,"minecraft:stone_hoe":1,"architects_palette:chiseled_sunmetal_block":4,"chisel:cobblestone/dent":72,"minecraft:dirt":671,"create:redstone_contact":15,"chipped:special_lantern_1":1,"chisel:cobblestone/french_1":4,"connectedglass:tinted_borderless_glass":46,"chisel:andesite/mosaic":9,"minecraft:oak_stairs":8,"create:furnace_engine":12,"cyclic:soundproofing":32,"excompressum:compressed_hammer_diamond":1157,"create:diorite_cobblestone":22,"minecraft:soul_soil":1,"immersiveengineering:alloybrick":9,"immersiveengineering:blastbrick":54,"tconstruct:part_builder":5,"create:gearshift":3,"immersiveengineering:dynamo":4,"pipez:fluid_pipe":37,"minecraft:spruce_sign":57,"mob_grinding_utils:ender_inhibitor_off":1,"connectedglass:clear_glass":478,"create:granite_cobblestone":154,"tconstruct:seared_basin":9,"minecraft:piston":2,"immersiveengineering:heavy_engineering":1,"chisel:glowstone/extra/tiles_large_bismuth":1,"minecraft:stone_slab":17,"exnihilosequentia:ancient_spores":3,"immersiveengineering:treated_post":23,"chipped:lantern_2":1,"minecraft:spruce_slab":13,"excompressum:compressed_hammer_stone":917,"chipped:mechanist_workbench":2,"chisel:planks/spruce/encased_planks":3558,"immersiveengineering:craftingtable":4,"chipped:lantern_6":1,"chipped:lantern_4":2,"create:mechanical_crafter":13,"create:depot":2,"cyclic:shears_flint":64,"pamhc2foodextended:cinnamonbreaditem":8,"ironfurnaces:crystal_furnace":2,"tconstruct:seared_faucet":10,"engineersdecor:treated_wood_ladder":1,"minecraft:stone_brick_stairs":2,"create:andesite_funnel":2,"minecraft:furnace":5,"minecraft:egg":194,"exnihilosequentia:crushed_netherrack":1,"chisel:glowstone/twisted":28,"minecraft:end_stone_bricks":1,"minecraft:spruce_door":2,"chisel:factory/metalbox":3,"chisel:planks/spruce/braid":8,"elevatorid:elevator_white":9,"minecraft:sand":131,"chipped:special_lantern_4":1,"immersiveengineering:hammer":7,"mob_grinding_utils:ender_inhibitor_on":1,"mekanismtools:iron_paxel":1481,"exnihilosequentia:sieve":54,"farlanders:mystic_wand_teleport":2,"exnihilosequentia:seed_cactus":12,"create:granite_cobblestone_slab":1,"chunknogobyebye:loader":2,"creategearaddon:oak_cogwheel":46,"create:limestone":3,"framedblocks:framed_slab":6,"minecraft:netherrack":8,"compressium:netherrack_1":14,"immersiveengineering:creosote_bucket":1,"exnihilosequentia:grass_seeds":5,"mcwroofs:spruce_planks_upper_lower_roof":15,"jellyfishing:jellyfish":1,"cyclic:disenchanter":1,"chisel:planks/spruce/crude_horizontal_planks":16,"excompressum:auto_compressed_hammer":1,"chisel:planks/spruce/encased_large_planks":13,"create:wrench":125,"create:gearbox":20,"minecraft:spruce_button":9,"storagedrawers:controller":4,"farlanders:mystic_wand_fire_small":4,"create:gantry_carriage":2,"chipped:special_lantern_2":1,"compressium:gravel_1":543,"chisel:glowstone/extra/bismuth":1,"chisel:andesite/encased_bricks":6,"minecraft:water_bucket":175,"woot:anvil":2,"framedblocks:framed_slope":1,"chisel:factory/goldplate":315,"mekanismtools:stone_paxel":401,"integrateddynamics:drying_basin":1,"compressium:endstone_1":6,"chisel:andesite/weaver":4,"create:encased_fan":4,"minecraft:oak_slab":546,"minecraft:crafting_table":5,"exnihilosequentia:seed_carrot":4,"cyclic:hopper":16,"exnihilosequentia:barrel_wood":84,"tconstruct:seared_table":17,"chisel:planks/spruce/vertical_planks":9,"create:water_wheel":7,"pamhc2foodextended:theatreboxitem":14,"minecraft:cobblestone":526,"tconstruct:seared_melter":3,"create:gabbro_cobblestone":3,"immersiveengineering:steel_scaffolding_standard":2,"minecraft:kelp":49,"mcwfences:spruce_highley_gate":2,"minecraft:diamond_hoe":186,"minecraft:oak_sign":3,"minecraft:bell":2,"create:mechanical_bearing":2,"tconstruct:seared_fuel_tank":4,"ironfurnaces:silver_furnace":7,"cookingforblockheads:spice_rack":1,"minecraft:nether_bricks":1,"minecraft:carrot":1534,"minecraft:glass":98,"create:crafting_blueprint":13,"pamhc2foodextended:fruitcakeitem":8,"create:millstone":9,"neapolitan:vanilla_fudge":16,"chisel:cobblestone/mosaic":4,"minecraft:stone_bricks":8,"thermal:peanut_seeds":1,"pamhc2foodextended:roastpotatoesitem":8,"exnihilosequentia:barrel_stone":58,"minecraft:repeater":1,"minecraft:redstone_lamp":2,"minecraft:magma_block":2,"minecraft:beetroot_seeds":3,"chisel:cobblestone/weaver":1362,"mcwfences:spruce_pyramid_gate":7,"minecraft:ender_pearl":2,"minecraft:redstone_block":2,"compressium:sand_1":291,"create:flywheel":10,"create:adjustable_pulse_repeater":11,"createaddition:rolling_mill":16,"minecraft:stone_brick_wall":22,"minecraft:shears":4220,"minecraft:redstone_torch":1,"create:super_glue":63,"minecraft:string":1,"minecraft:gravel":14,"exnihilosequentia:dust":13,"mob_grinding_utils:fluid_xp_bucket":1,"minecraft:blackstone_slab":6,"tconstruct:crafting_station":50,"minecraft:andesite":7,"minecraft:experience_bottle":1344,"immersiveengineering:conveyor_basic":5,"minecraft:oak_fence":370,"pamhc2foodextended:steakfajitaitem":8,"framedblocks:framed_fence":1,"minecraft:spruce_planks":79,"neapolitan:banana_bread":8,"entangled:item":9,"minecraft:hopper":2,"tconstruct:seared_bricks":55,"chipped:special_lantern_3":2,"createaddition:furnace_burner":2,"create:chute":4,"minecraft:stone_brick_slab":83,"quark:spruce_chest":285,"mob_grinding_utils:rotten_egg":1,"exnihilosequentia:seed_potato":8,"tconstruct:tinker_station":3,"exnihilosequentia:seed_fern":3,"architects_palette:sunmetal_block":8,"connectedglass:borderless_glass":775,"entangled:block":19,"create:radial_chassis":4,"mekanismtools:netherite_paxel":707,"mcwfences:spruce_horse_fence":1354,"create:gantry_shaft":47,"minecraft:polished_andesite":1,"immersiveengineering:capacitor_lv":9,"minecraft:stonecutter":3,"create:mechanical_harvester":40,"constructionwand:stone_wand":64,"mcwfences:modern_stone_brick_wall":5,"chisel:cobblestone/extra/marker":92,"create:linear_chassis":34,"create:windmill_bearing":1,"cookingforblockheads:fruit_basket":1,"ironfurnaces:emerald_furnace":1,"excompressum:auto_hammer":11,"thermal:tomato_seeds":1,"minecraft:bucket":78,"create:hand_crank":13,"storagedrawers:drawer_key":106,"chisel:andesite/road":7,"chisel:factory/rustplates":7,"tconstruct:seared_glass":51}},"DataVersion":2586}